Model,Battery,RMSE
Linear Regression,B0001,16.98441856200812
LSTM,B0001,34.49929136600719
Linear Regression,B0002,8.807839185727005
LSTM,B0002,23.77894474898774
Linear Regression,B0003,5.913126477124514
LSTM,B0003,24.119263553425096
Linear Regression,B0004,9.055797565386367
LSTM,B0004,23.51695343962621
