Model,Battery,RMSE,MAE,NLL,PICP,MPIW,Uncertainty_Sigma
Linear Regression,B0005,18.52331079575026,15.037065059108006,4.363449829817703,1.0,85.94569310802106,
LSTM (MC Dropout),B0005,32.78943571833103,,,,,2.4981257915496826
Linear Regression,B0006,33.520087910456134,30.982500310650003,5.614966264240953,0.6055045871559633,68.61584228732107,
LSTM (MC Dropout),B0006,27.12794077880659,,,,,2.3057479858398438
Linear Regression,B0007,47.43582119659472,45.629488018319016,17.59614064136031,0.017857142857142856,34.527938992616306,
LSTM (MC Dropout),B0007,59.621048578448786,,,,,2.198575496673584
Linear Regression,B0018,12.213347633786862,10.377411524535916,4.1873992721311035,1.0,89.15386448292612,
LSTM (MC Dropout),B0018,19.495997874062994,,,,,2.493640899658203
