Model,mean,std,count
Linear Regression,0.4993197031927171,0.01743548974734383,15
PyTorch MLP,0.5311853478864429,0.02059432683086991,15
