cycle,capacity,voltage,current,temperature,max_voltage,min_voltage,max_temperature,discharge_duration_s,num_points
1,1.0372500974133005,3.643319785076639,-1.099930018964021,25.0,4.025924205780029,2.699693441390991,25.0,3394.8511587620615,115
2,1.0422941899969071,3.648920618254563,-1.0999720189078102,25.0,4.030135631561279,2.699855327606201,25.0,3411.230647190103,116
3,1.0448201321967456,3.656129783597486,-1.0999563377479027,25.0,4.034346580505371,2.699855327606201,25.0,3419.5458295796016,116
4,1.0405462842724318,3.655571941707445,-1.099971148242121,25.0,4.03418493270874,2.699531316757202,25.0,3405.512714846278,115
5,1.0328406073601615,3.635536647879559,-1.0999474193738854,25.0,4.022037029266357,2.699855327606201,25.0,3380.365895787174,115
6,1.0324583702769403,3.636136656222136,-1.0999300179274185,25.0,4.023170471191406,2.699693441390991,25.0,3379.1635186688945,115
7,1.03170943913726,3.6422155844537834,-1.099927172326205,25.0,4.021551132202148,2.699855327606201,25.0,3376.725717266585,114
8,1.0243946278497433,3.6318408167153073,-1.0999463211026108,25.0,4.0147480964660645,2.699855327606201,25.0,3352.730047827863,114
9,1.021606885008594,3.6334791331164604,-1.0999242774153177,25.0,4.0137763023376465,2.699855327606201,25.0,3343.6665815305896,113
10,1.0305283030725085,3.650335510571798,-1.0999479168339779,25.0,4.024628162384033,2.699531316757202,25.0,3372.7967870515713,114
11,1.0323378460138035,3.6461254161337147,-1.0999521639036096,25.0,4.027705669403076,2.699855327606201,25.0,3378.7041343079763,115
12,1.0274125411954895,3.6400886355784903,-1.0999463211026108,25.0,4.025276184082031,2.699855327606201,25.0,3362.606408296153,114
13,1.0215255510043129,3.6320357196098936,-1.0999146193529652,25.0,4.0139384269714355,2.699855327606201,25.0,3343.4329832803924,113
14,1.0218084166595527,3.634026704636295,-1.0999210587644999,25.0,4.0147480964660645,2.699855327606201,25.0,3344.339183429518,113
15,1.0224617852943134,3.6367056897256225,-1.0999113985922484,25.0,4.014100074768066,2.699855327606201,25.0,3346.510964929301,113
16,1.0217758097327962,3.637102738945885,-1.100019262955252,25.0,4.0139384269714355,2.699531316757202,25.0,3343.931010961067,113
17,1.0201414278432468,3.633066327170988,-1.0999983348677644,25.0,4.012966156005859,2.699693441390991,25.0,3338.649263967469,113
18,1.0204475308040208,3.6344724777525506,-1.100009605947849,25.0,4.013614177703857,2.699855327606201,25.0,3339.618132927135,113
19,1.027513226630356,3.646658462390565,-1.1000085567173206,25.0,4.020740985870361,2.699531316757202,25.0,3362.745341897913,114
20,1.0306173568540502,3.654410406162864,-1.1000069651687354,25.0,4.026247978210449,2.699855327606201,25.0,3372.904768635257,114
21,1.0302276655885447,3.6549076783029655,-1.1000213277967352,25.0,4.028191566467285,2.699693441390991,25.0,3371.5908712488017,114
22,1.0203823106077503,3.634363545780688,-1.0999854549897456,25.0,4.015071868896484,2.699855327606201,25.0,3339.4769823261304,113
23,1.0213470784110577,3.637127101948831,-1.1000015535185823,25.0,4.0144243240356445,2.699855327606201,25.0,3342.5888777925284,113
24,1.019361600373741,3.632739510156412,-1.0999870648426293,25.0,4.014100074768066,2.699693441390991,25.0,3336.133478425734,113
25,1.0180435302151825,3.6303887620436406,-1.0999693543510098,25.0,4.013614177703857,2.699531316757202,25.0,3331.8679564825725,113
26,1.0205322425167394,3.63839564914197,-1.0999774057253273,25.0,4.0097270011901855,2.699693441390991,25.0,3339.9942900665337,113
27,1.025511948028658,3.644325486400671,-1.0999814303297746,25.0,4.021551132202148,2.699855327606201,25.0,3356.2785138425534,114
28,1.026534115316713,3.647404380011977,-1.1000069599402578,25.0,4.023818492889404,2.699531316757202,25.0,3359.545165914984,114
29,1.0155621841952507,3.625635666129863,-1.0999757969273931,25.0,4.0132904052734375,2.699531316757202,25.0,3323.7267818408436,113
30,1.0157977403118723,3.627704021150032,-1.0999806233211957,25.0,4.0111846923828125,2.699693441390991,25.0,3324.4922517570667,113
31,1.015421535969857,3.6275994018115827,-1.0999532547672237,25.0,4.011994361877441,2.699693441390991,25.0,3323.3360080372076,113
32,1.0154342887824996,3.629237750990201,-1.0999017394749464,25.0,4.012966156005859,2.699693441390991,25.0,3323.5397477388033,113
33,1.0150999364323776,3.6271880158280903,-1.0999113985922484,25.0,4.0106987953186035,2.699693441390991,25.0,3322.414786714711,113
34,1.02110710574424,3.6458406553859204,-1.099941985797038,25.0,4.020092964172363,2.699855327606201,25.0,3341.981742268603,113
35,1.0223167026396736,3.641104495316221,-1.099933556297369,25.0,4.022360801696777,2.699855327606201,25.0,3345.9667909215204,114
36,1.0228753473751218,3.6429544038939894,-1.0999287691032678,25.0,4.023656368255615,2.699693441390991,25.0,3347.811119676102,114
37,1.0232477035135346,3.644334021367525,-1.0999351520287364,25.0,4.024628162384033,2.699855327606201,25.0,3349.0146897429368,114
38,1.0236719274177326,3.6456880485802365,-1.0999463221483063,25.0,4.02543830871582,2.699693441390991,25.0,3350.358904800494,114
39,1.0240447944199185,3.6472807788012322,-1.0999351541201274,25.0,4.026410102844238,2.699531316757202,25.0,3351.6096200576867,114
40,1.0247445851380668,3.6493892648763824,-1.0999511082967122,25.0,4.027705669403076,2.699855327606201,25.0,3353.860488293867,114
41,1.024681868625823,3.6497728657304194,-1.0999590879992436,25.0,4.028191566467285,2.699369430541992,25.0,3353.626237032702,114
42,1.025045481959572,3.651062984215586,-1.0999558975822048,25.0,4.029163837432861,2.699855327606201,25.0,3354.8299080412253,114
43,1.024491947474733,3.650012997158787,-1.099971852804485,25.0,4.028677463531494,2.699855327606201,25.0,3352.970528415055,114
44,1.0241280984788093,3.6494986697247156,-1.0999622805076732,25.0,4.029163837432861,2.699855327606201,25.0,3351.813890155987,114
45,1.0252631919168502,3.6531487159561693,-1.0999798325070165,25.0,4.031107425689697,2.699693441390991,25.0,3355.4714223016053,114
46,1.0247297971323168,3.651747801847625,-1.09999579400347,25.0,4.03029727935791,2.699855327606201,25.0,3353.674501748639,114
47,1.0250596331562325,3.652942709755479,-1.0999686644788373,25.0,4.030783176422119,2.699855327606201,25.0,3354.831431994913,114
48,1.0251789598120145,3.6535195593248333,-1.0999734495815479,25.0,4.031593322753906,2.699693441390991,25.0,3355.207106942078,114
49,1.0256757654355082,3.6553069332189727,-1.0999702581188135,25.0,4.032240867614746,2.699369430541992,25.0,3356.8484713265207,114
50,1.0219729858712534,3.656549470614543,-1.0999774025604787,25.0,4.031754970550537,2.699855327606201,25.0,3344.7054111042526,113
51,1.0108546717658076,3.634950039642198,-1.0999456942081451,25.0,4.01701545715332,2.699855327606201,25.0,3308.4167175048497,112
52,1.0122735695275458,3.640137497867857,-1.0999213318739618,25.0,4.017339706420898,2.699855327606201,25.0,3313.136238317238,112
53,1.0102665220344178,3.6361734994820187,-1.0999278287802423,25.0,4.018149375915527,2.699531316757202,25.0,3306.5419225585647,112
54,1.008409599511382,3.6322326702731,-1.0999359488487244,25.0,4.016043663024902,2.699693441390991,25.0,3300.446108273696,112
55,1.0125258087036868,3.643298849463463,-1.0999603175691195,25.0,4.015071868896484,2.699855327606201,25.0,3313.841293370817,112
56,1.0174511668038524,3.648670150115427,-1.0999419868519875,25.0,4.026247978210449,2.699531316757202,25.0,3330.016197504243,113
57,1.0183005011643775,3.65090194001662,-1.0999774057253273,25.0,4.027705669403076,2.699855327606201,25.0,3332.686706113862,113
58,1.0065853596795304,3.629711960043226,-1.099922956100532,25.0,4.0168538093566895,2.699693441390991,25.0,3294.510606496129,112
59,1.0059995941093114,3.6291465035506656,-1.0999294519424438,25.0,4.0149102210998535,2.699693441390991,25.0,3292.571026872378,112
60,1.0062248617450988,3.6310482216732844,-1.0999294530068124,25.0,4.015557765960693,2.699855327606201,25.0,3293.307644490502,112
61,1.005907690555328,3.630711276616369,-1.0999343256865228,25.0,4.0153961181640625,2.699693441390991,25.0,3292.2610657042824,112
62,1.0031830736870622,3.6319691146816218,-1.099931441985809,25.0,4.0118327140808105,2.699693441390991,25.0,3283.3539180365624,111
63,1.0115268354944642,3.6466915884188245,-1.0999489426612854,25.0,4.022198677062988,2.699855327606201,25.0,3310.608375119511,112
64,1.012927370454979,3.6501016914844513,-1.100017165499074,25.0,4.023980617523193,2.699855327606201,25.0,3314.9842643219745,112
65,0.8841078323197735,3.6052981177154853,-1.0999888534448585,25.0,3.9267969131469727,2.699855327606201,25.0,2893.470505002071,98
66,1.0146846126941247,3.6259567421094507,-1.099937158348286,25.0,4.015071868896484,2.699855327606201,25.0,3320.9785752545577,113
67,1.0136699272529404,3.6329600917441502,-1.099918082356453,25.0,4.0142621994018555,2.699855327606201,25.0,3317.7123305923305,112
68,1.0188324993021238,3.6395194340596158,-1.0999403780540533,25.0,4.0168538093566895,2.699855327606201,25.0,3334.543436387321,113
69,1.0212039985369428,3.6459897218552313,-1.0999484252085727,25.0,4.022684574127197,2.699693441390991,25.0,3342.2787612315733,113
70,1.0216169464462492,3.6478674643862563,-1.0999452055028054,25.0,4.023980617523193,2.699693441390991,25.0,3343.6393000333337,113
71,1.008968917363621,3.625625044107437,-1.0998904715691293,25.0,4.011994361877441,2.699531316757202,25.0,3302.4157456413377,112
72,1.0088625649566159,3.627415412238666,-1.0999473194990839,25.0,4.011508464813232,2.699693441390991,25.0,3301.8845894361148,112
73,1.0077643811590211,3.6256684341600964,-1.0999684355088644,25.0,4.0111846923828125,2.699855327606201,25.0,3298.2281184158055,112
74,1.0070547259016922,3.625665532691138,-1.0999684387019701,25.0,4.0111846923828125,2.699693441390991,25.0,3295.9162426796975,112
75,1.0079875726603447,3.628018477133342,-1.0999002169285501,25.0,4.009241104125977,2.699693441390991,25.0,3299.1663966029882,112
76,1.0133303594428216,3.64361700628485,-1.0999343246221542,25.0,4.019607067108154,2.699855327606201,25.0,3316.5439896975877,112
77,1.0142845091453887,3.638471618162847,-1.0999339365326197,25.0,4.021389007568359,2.699855327606201,25.0,3319.669625102426,113
78,1.014597904643472,3.6401114126222325,-1.0999435977598206,25.0,4.022360801696777,2.699369430541992,25.0,3320.6701500688214,113
79,1.0147565175377964,3.6413154559852803,-1.0999242774153177,25.0,4.023332595825195,2.699693441390991,25.0,3321.248658429482,113
80,1.015443583297158,3.6437407447173533,-1.0999452065577549,25.0,4.024466514587402,2.699693441390991,25.0,3323.4366911400575,113
81,1.0154184130837847,3.6442725215337974,-1.0999596952337078,25.0,4.025276184082031,2.699693441390991,25.0,3323.3121114888927,113
82,1.0152694894905991,3.6444660330240706,-1.0999484273184716,25.0,4.025600433349609,2.699693441390991,25.0,3322.8594495668076,113
83,1.0149399809367412,3.644347064262998,-1.0999645258473083,25.0,4.025924205780029,2.699855327606201,25.0,3321.734672251041,113
84,1.014721114569698,3.6442897193199766,-1.099966137810091,25.0,4.026410102844238,2.699531316757202,25.0,3321.0005598721327,113
85,1.0143494342628252,3.6440589533442944,-1.0999242774153177,25.0,4.026247978210449,2.699693441390991,25.0,3319.922684759833,113
86,0.8943974504005551,3.6096208333969115,-1.0999650573730468,25.0,3.9350576400756836,2.699855327606201,25.0,2927.2093563806266,100
87,1.0138607082178481,3.6438582766372547,-1.0999645247923588,25.0,4.026895999908447,2.699855327606201,25.0,3318.203782922821,113
88,1.01388522465686,3.644367127291924,-1.0999661346452425,25.0,4.027219772338867,2.699693441390991,25.0,3318.267035473138,113
89,1.0138155955917116,3.6449404944360784,-1.099967746608025,25.0,4.027705669403076,2.699855327606201,25.0,3318.048695282312,113
90,0.894987132973789,3.611802599430084,-1.0999632394313812,25.0,3.9368393421173096,2.699531316757202,25.0,2929.1480171345174,100
91,1.0135226843006209,3.6450666136446253,-1.0999774036154282,25.0,4.028353691101074,2.699369430541992,25.0,3317.0493091754615,113
92,1.0132391284022708,3.645036528595781,-1.0999387660912707,25.0,4.028677463531494,2.699369430541992,25.0,3316.236620854819,113
93,1.0010120790473138,3.633728923024358,-1.0999117767488635,25.0,4.017501354217529,2.699693441390991,25.0,3276.307903890731,111
94,0.9980453990874558,3.6271566356624567,-1.0998921093640026,25.0,4.0139384269714355,2.699855327606201,25.0,3266.6511118237395,111
95,0.9971011686582226,3.625644892185658,-1.0999445528597445,25.0,4.0132904052734375,2.699693441390991,25.0,3263.4013278826606,111
96,0.9952518879889651,3.6305596243251452,-1.099946700442921,25.0,4.0123186111450195,2.699855327606201,25.0,3257.338631438557,110
97,0.9926675986033761,3.6251615090803666,-1.0999301606958563,25.0,4.0090789794921875,2.699693441390991,25.0,3248.9322148261126,110
98,1.0029591697601274,3.6434399759447254,-1.0999609414521638,25.0,4.019607067108154,2.699855327606201,25.0,3282.529571881285,111
99,1.0045478728759583,3.6389877817460468,-1.099968433380127,25.0,4.022846698760986,2.699855327606201,25.0,3287.702829121379,112
100,0.9972886160086785,3.6303099812688053,-1.0999265264820408,25.0,4.018797397613525,2.699531316757202,25.0,3264.0741756563075,111
101,0.9918305642605886,3.6258108615875244,-1.0999301606958563,25.0,4.0105366706848145,2.699693441390991,25.0,3246.1979726934806,110
102,0.9920316939188337,3.62815504507585,-1.0999202392318033,25.0,4.011508464813232,2.699855327606201,25.0,3246.8856182061136,110
103,0.9902089456463828,3.6243398558009754,-1.0999169306321577,25.0,4.009888648986816,2.699855327606201,25.0,3240.932130833622,110
104,0.9905792348299638,3.626433738795194,-1.0999202381480824,25.0,4.0106987953186035,2.699693441390991,25.0,3242.135907040909,110
105,0.9962237573545171,3.6323105666014524,-1.0999396362820186,25.0,4.015557765960693,2.699855327606201,25.0,3260.5444067416247,111
106,0.9979642028172315,3.636600638295079,-1.0999363585635349,25.0,4.018635272979736,2.699531316757202,25.0,3266.247976768296,111
107,0.9986312492795845,3.640918456756317,-1.099919971045073,25.0,4.021389007568359,2.699693441390991,25.0,3268.483823926421,111
108,0.9875038504869104,3.6214508728547528,-1.0999285080216148,25.0,4.0106987953186035,2.699855327606201,25.0,3232.0417100011837,110
109,0.9869320603678463,3.628659132423751,-1.0998921416221408,25.0,4.008755207061768,2.699855327606201,25.0,3230.276145906886,109
110,0.985002044657026,3.625403332054068,-1.0999221801757812,25.0,4.0079450607299805,2.699693441390991,25.0,3223.8699151286855,109
111,0.9855352500084916,3.627794281058355,-1.0999205134330539,25.0,4.0090789794921875,2.699531316757202,25.0,3225.619918635348,109
112,0.9871634632499718,3.622067824277011,-1.0999037005684593,25.0,4.0069732666015625,2.699693441390991,25.0,3230.9953490821645,110
113,0.9937101702574852,3.6405503684824163,-1.0999318166212602,25.0,4.017339706420898,2.699855327606201,25.0,3252.342120008543,110
114,0.9947086397970679,3.642762030254711,-1.1000227776440707,25.0,4.019121170043945,2.699693441390991,25.0,3255.343265818432,110
115,0.9850529591820713,3.6288196209373824,-1.0999956185664606,25.0,4.010375022888184,2.699531316757202,25.0,3223.8232028060593,109
116,0.9887800546313513,3.621514181657271,-1.0998987403782932,25.0,4.0095648765563965,2.699855327606201,25.0,3236.3073581568897,110
117,0.9871575133064898,3.6196971438147805,-1.0999003930525346,25.0,4.008916854858398,2.699693441390991,25.0,3230.9950947433244,110
118,0.9830951837178034,3.6204223064107635,-1.099877119064331,25.0,4.0060014724731445,2.699855327606201,25.0,3217.760556050809,109
119,0.9923576703261653,3.6362183397466485,-1.0999251994219694,25.0,4.0153961181640625,2.699531316757202,25.0,3247.935178294312,110
120,0.9938194656735927,3.640308880805969,-1.0999318144538186,25.0,4.018149375915527,2.699855327606201,25.0,3252.7014201506972,110
121,0.9849370846971448,3.628143483345662,-1.0998938083648682,25.0,4.0118327140808105,2.699855327606201,25.0,3223.74548829766,109
122,0.9806001496441807,3.6190106212545974,-1.0998971473186387,25.0,4.0060014724731445,2.699693441390991,25.0,3209.5417104933877,109
123,0.9808260655246347,3.620756645815088,-1.099935531616211,25.0,4.0076212882995605,2.699855327606201,25.0,3210.1670389093924,109
124,0.9798839800578931,3.6196169043899675,-1.0999021541087999,25.0,4.006649494171143,2.699531316757202,25.0,3207.1822269149125,109
125,0.9776042217484759,3.622929107259821,-1.099882048589212,25.0,4.0053534507751465,2.699855327606201,25.0,3199.775425000582,108
126,0.98508992228067,3.633989353792383,-1.099935532709874,25.0,4.0121564865112305,2.699693441390991,25.0,3224.1213911385275,109
127,0.9873293802025995,3.631410702792081,-1.0999351241371849,25.0,4.016043663024902,2.699693441390991,25.0,3231.4508484764956,110
128,0.9879055998451989,3.633140867406672,-1.09991858439012,25.0,4.017177581787109,2.699693441390991,25.0,3233.385653315112,110
129,0.9880904934700626,3.634153920953924,-1.0999367768114263,25.0,4.017825603485107,2.699693441390991,25.0,3233.9359129376244,110
130,0.9884011306156314,3.635281846740029,-1.0999466993592002,25.0,4.018311500549316,2.699855327606201,25.0,3234.920672647888,110
131,0.9899111992217152,3.6394136103716765,-1.0999400832436301,25.0,4.020255088806152,2.699693441390991,25.0,3239.8900272068568,110
132,0.9903968096242012,3.6409273169257426,-1.0999334692955016,25.0,4.02122688293457,2.699693441390991,25.0,3241.499820606783,110
133,0.9907412650710979,3.64216272614219,-1.0999318155375395,25.0,4.022037029266357,2.699855327606201,25.0,3242.6254221787676,110
134,0.9909908353354977,3.6427958965301515,-1.099950006875125,25.0,4.022684574127197,2.699855327606201,25.0,3243.3911477413494,110
135,0.9910867166407066,3.643455568226901,-1.099954967065291,25.0,4.023008823394775,2.699693441390991,25.0,3243.688403900247,110
136,0.991085646152579,3.64374857599085,-1.0999648928642274,25.0,4.023332595825195,2.699855327606201,25.0,3243.6574180803727,110
137,0.9910643592891697,3.6440887342799795,-1.099956621906974,25.0,4.023656368255615,2.699693441390991,25.0,3243.6107490805443,110
138,0.9910564519174591,3.6444185798818416,-1.099933472546664,25.0,4.023980617523193,2.699531316757202,25.0,3243.6578356963582,110
139,0.9911932591228939,3.6451224066994405,-1.0999698530543933,25.0,4.024466514587402,2.699693441390991,25.0,3243.9994929861277,110
140,0.9916541094348216,3.646571326255798,-1.099950005791404,25.0,4.025114059448242,2.699693441390991,25.0,3245.5650420899037,110
141,0.8718310191856722,3.612092784999572,-1.0999729891413266,25.0,3.9331138134002686,2.699693441390991,25.0,2853.33632343309,97
142,0.9910921048157167,3.6458439285104927,-1.099950005791404,25.0,4.02543830871582,2.699855327606201,25.0,3243.7214107131585,110
143,0.9905289733368943,3.645773243904114,-1.099950005791404,25.0,4.025600433349609,2.699855327606201,25.0,3241.87777217431,110
144,0.9755894959467611,3.627246856689453,-1.0999342644656147,25.0,4.0111846923828125,2.699693441390991,25.0,3193.0272291197907,108
145,0.9738734125807569,3.6247078047858343,-1.099924158166956,25.0,4.0097270011901855,2.699855327606201,25.0,3187.4361021548975,108
146,0.9730927009188154,3.623929434352451,-1.0999140518682975,25.0,4.0100507736206055,2.699855327606201,25.0,3184.9176293376368,108
147,0.9719399532827856,3.6222542082821882,-1.0999157362514072,25.0,4.009241104125977,2.699693441390991,25.0,3181.1366891413927,108
148,0.9710565007885608,3.61862482185717,-1.099934266673194,25.0,4.0060014724731445,2.699693441390991,25.0,3178.1834564565215,108
149,0.9799098595554607,3.6339626137269745,-1.0999321937561035,25.0,4.0168538093566895,2.699855327606201,25.0,3207.171773476992,109
150,0.9817013582802622,3.6382229306282254,-1.0999622366843966,25.0,4.019445419311523,2.699531316757202,25.0,3212.9538518602494,109
151,0.9719228808578755,3.6242323804784706,-1.0999241592707458,25.0,4.0111846923828125,2.699693441390991,25.0,3181.059077799786,108
152,0.968413603706859,3.624890871137102,-1.099905772743938,25.0,4.0074591636657715,2.699693441390991,25.0,3169.621070286259,107
153,0.9694923511615817,3.62012157175276,-1.0998972080371998,25.0,4.009888648986816,2.699693441390991,25.0,3173.184207990067,108
154,0.9668229487727302,3.6241975565937077,-1.0998887703797529,25.0,4.009241104125977,2.699855327606201,25.0,3164.4654070311226,107
155,0.9639550265782981,3.6174779829577863,-1.0999023713798166,25.0,4.006325721740723,2.699693441390991,25.0,3155.043361349497,107
156,0.9740286351794056,3.6333433323436313,-1.0999292135238647,25.0,4.0132904052734375,2.699855327606201,25.0,3187.9373250138015,108
157,0.9773990176903342,3.6408450647636696,-1.099939317614944,25.0,4.0179877281188965,2.699693441390991,25.0,3198.938528080471,108
158,0.9751625913792029,3.639159352691085,-1.099937633231834,25.0,4.019931316375732,2.699855327606201,25.0,3191.626637370093,108
159,0.9639427728496245,3.6191945677605744,-1.0999210749831154,25.0,4.008269309997559,2.699855327606201,25.0,3154.9499499802478,107
160,0.964403044397167,3.621707397086598,-1.0999193726298966,25.0,4.008916854858398,2.699693441390991,25.0,3156.450172365876,107
161,0.9659483168575754,3.6255841656265972,-1.099909172993954,25.0,4.009241104125977,2.699855327606201,25.0,3161.543938683346,107
162,0.9642389923689023,3.6224885231980655,-1.0998445671295451,25.0,4.0084309577941895,2.699693441390991,25.0,3156.137430587318,107
163,0.965760289706804,3.624727369468903,-1.0998326662544893,25.0,4.0076212882995605,2.699693441390991,25.0,3161.1535707418807,107
164,0.974146192219554,3.637892054186927,-1.099866889141224,25.0,4.017501354217529,2.699693441390991,25.0,3188.5017834319733,108
165,0.9755166683726926,3.64065009576303,-1.0999494250173922,25.0,4.019283294677734,2.699693441390991,25.0,3192.7522525426466,108
166,0.9702670322248826,3.6163377077491194,-1.0998534151801356,25.0,4.009888648986816,2.699531316757202,25.0,3175.8400149734225,108
167,0.9701552319912852,3.615103412557531,-1.0998433077776875,25.0,4.0060014724731445,2.699531316757202,25.0,3175.5116493715905,108
168,0.96718296112065,3.621148846973883,-1.099849667504569,25.0,4.008916854858398,2.699693441390991,25.0,3165.7616475406103,107
169,0.9633256231080658,3.6142052200353034,-1.0998377666295132,25.0,4.004220008850098,2.699531316757202,25.0,3153.167863650946,107
170,0.9609292605932626,3.610181632443009,-1.0999074717548405,25.0,4.003086090087891,2.699693441390991,25.0,3145.1210786509328,107
171,0.9611445129970594,3.6119300338709466,-1.0999023713798166,25.0,4.004057884216309,2.699855327606201,25.0,3145.8398705478758,107
172,0.9607880735500262,3.6127868166593746,-1.0998513687436826,25.0,4.004543781280518,2.699855327606201,25.0,3144.82395161991,107
173,0.9596588231920705,3.619735344400946,-1.0998801735212218,25.0,4.0043816566467285,2.699693441390991,25.0,3141.043274554191,106
174,0.9571419425407888,3.6148990954992906,-1.0998509987345282,25.0,4.002114295959473,2.699855327606201,25.0,3132.8866265637334,106
175,0.9661933989120277,3.628478460222761,-1.0998853701297369,25.0,4.0090789794921875,2.699855327606201,25.0,3162.41975121852,107
176,0.9684158252443469,3.6338417396367153,-1.0998870702547447,25.0,4.012966156005859,2.699855327606201,25.0,3169.6864231247455,107
177,0.9692156712128456,3.627521322833167,-1.0998820496930017,25.0,4.0139384269714355,2.699531316757202,25.0,3172.3274663311895,108
178,0.969599707841677,3.628905576688272,-1.0998652047581143,25.0,4.0153961181640625,2.699693441390991,25.0,3173.6250114142895,108
179,0.9697997540979388,3.629778429313942,-1.099888786121651,25.0,4.0158820152282715,2.699693441390991,25.0,3174.2189479079098,108
180,0.9700084837679867,3.6307112684956304,-1.0998786798229925,25.0,4.016529560089111,2.699693441390991,25.0,3174.9224520069547,108
181,0.9702163180368168,3.6317221191194324,-1.0998854184592213,25.0,4.017177581787109,2.699855327606201,25.0,3175.579029527027,108
182,0.955657065148898,3.6275344794651248,-1.0999728474976882,25.0,4.019931316375732,2.699855327606201,25.0,3127.6845432086848,106
183,0.9529721381729661,3.6245211700223527,-1.0999556858584565,25.0,4.019121170043945,2.699855327606201,25.0,3118.9502042285167,106
184,0.9580136974253081,3.6359646905143306,-1.0999797155272286,25.0,4.0184736251831055,2.699693441390991,25.0,3135.375289826654,106
185,0.9597631428139957,3.640767317897869,-1.0999814339403837,25.0,4.022522926330566,2.699855327606201,25.0,3141.0960290613584,106
186,0.9598296913509672,3.6418766840448917,-1.0999762809501503,25.0,4.023008823394775,2.699855327606201,25.0,3141.3312140023336,106
187,0.9457846158464571,3.6230661710103353,-1.0999684356507802,25.0,4.0166916847229,2.699693441390991,25.0,3095.38742576167,105
188,0.9447842342786081,3.6234672546386717,-1.0999684345154535,25.0,4.0163679122924805,2.699855327606201,25.0,3092.1066245357506,105
189,0.9464725127414914,3.627457941146124,-1.099978830700829,25.0,4.0184736251831055,2.699693441390991,25.0,3097.607787359506,105
190,0.9450092848573527,3.6260587964739117,-1.099970167023795,25.0,4.018797397613525,2.699855327606201,25.0,3092.8421417945065,105
191,0.942665041437898,3.6209605239686513,-1.0999545744487218,25.0,4.016529560089111,2.699369430541992,25.0,3085.216488809325,105
192,0.9514043995171948,3.631067302991759,-1.0999882974714603,25.0,4.02090311050415,2.699531316757202,25.0,3113.7215507640503,106
193,0.9521520994411449,3.63296514187219,-1.1000020312813092,25.0,4.022522926330566,2.699693441390991,25.0,3116.128927406855,106
194,0.945336317707812,3.630677336738223,-1.0999822945821853,25.0,4.023170471191406,2.699855327606201,25.0,3093.877256417647,105
195,0.9384374985954638,3.623687274180926,-1.099974431670629,25.0,4.0158820152282715,2.699855327606201,25.0,3071.3258596276864,104
196,0.9377462104241333,3.6233804546869717,-1.0999849278193254,25.0,4.0168538093566895,2.699855327606201,25.0,3069.029743985273,104
197,0.939221928349956,3.6277879843345056,-1.0999901799055247,25.0,4.018149375915527,2.699855327606201,25.0,3073.8426853301935,104
198,0.939319438353986,3.6287504526285024,-1.1000426560640335,25.0,4.0179877281188965,2.699693441390991,25.0,3074.014636513777,104
199,0.9389749992904121,3.624458209826396,-1.1000164197041438,25.0,4.016205787658691,2.699855327606201,25.0,3072.9672307465225,104
200,0.9474841012590196,3.637600494566418,-1.1000481378464473,25.0,4.021874904632568,2.699855327606201,25.0,3100.7228172710165,105
201,0.948523488654093,3.639882012775966,-1.100034276644389,25.0,4.023494720458984,2.699855327606201,25.0,3104.16112341173,105
202,0.9360508734701909,3.6233742351715383,-1.1000251666857646,25.0,4.018149375915527,2.699855327606201,25.0,3063.3741183844395,104
203,0.9286277149953707,3.6181198786763313,-1.1000141102133445,25.0,4.0144243240356445,2.699531316757202,25.0,3039.107004588004,103
204,0.9317460826449465,3.6257215749870224,-1.0999681833878303,25.0,4.015719890594482,2.699693441390991,25.0,3049.436041231733,103
205,0.9334817398635362,3.6208870227520285,-1.0999709379214506,25.0,4.016529560089111,2.699531316757202,25.0,3055.1076205861755,104
206,0.9292640028304698,3.6221283037685654,-1.0999611199480817,25.0,4.015719890594482,2.699693441390991,25.0,3041.3415550156496,103
207,0.9380462851533515,3.6312517134042888,-1.0999726825035536,25.0,4.016205787658691,2.699855327606201,25.0,3070.048092515208,104
208,0.9415731818336172,3.6385404696831336,-1.0999761808377047,25.0,4.021389007568359,2.699693441390991,25.0,3081.5816321223974,104
209,0.942462543072014,3.631622954777309,-1.0999874932425362,25.0,4.022684574127197,2.699693441390991,25.0,3084.45756750647,105
210,0.9270500676391021,3.6191593281273704,-1.0999505207376572,25.0,4.015071868896484,2.699855327606201,25.0,3034.1226127301343,103
211,0.9236641128337194,3.621551887661803,-1.0999546775630875,25.0,4.012966156005859,2.699693441390991,25.0,3023.0287072649226,102
212,0.9258498598069985,3.618195364776167,-1.0999575853347778,25.0,4.014585971832275,2.699855327606201,25.0,3030.169661669992,103
213,0.9292231664777066,3.6256916939633563,-1.0999628837826183,25.0,4.016205787658691,2.699855327606201,25.0,3041.2014065892436,103
214,0.9254395886498491,3.618528736447825,-1.0999664172385504,25.0,4.0147480964660645,2.699855327606201,25.0,3028.8098959960043,103
215,0.9356790527504373,3.6305508476037245,-1.0999796814643419,25.0,4.018635272979736,2.699693441390991,25.0,3062.2833707407117,104
216,0.937724343073341,3.6349272338243632,-1.099974431670629,25.0,4.02090311050415,2.699693441390991,25.0,3068.9880781075917,104
217,0.9384599764891419,3.6364348186896396,-1.0999901764667952,25.0,4.022037029266357,2.699855327606201,25.0,3071.3481060015038,104
218,0.9389013394644129,3.6372368885920596,-1.0999989223021727,25.0,4.022198677062988,2.699855327606201,25.0,3072.770251386799,104
219,0.9389732396572804,3.637604447511526,-1.100005920116718,25.0,4.022684574127197,2.699855327606201,25.0,3072.989728254266,104
220,0.9393338796684068,3.638434554521854,-1.0999866781326442,25.0,4.023332595825195,2.699693441390991,25.0,3074.2247354984283,104
221,0.9402139022240293,3.6405697717116428,-1.0999761808377047,25.0,4.024142265319824,2.699855327606201,25.0,3077.131717656739,104
222,0.9399467306410165,3.6403891306657057,-1.0999814306314175,25.0,4.024304389953613,2.699693441390991,25.0,3076.241231140215,104
223,0.9396120823921065,3.639907882763789,-1.1000024206363237,25.0,4.024142265319824,2.699855327606201,25.0,3075.0852546226233,104
224,0.9394482600419567,3.6399265779898715,-1.100002421782567,25.0,4.024304389953613,2.699369430541992,25.0,3074.553967727348,104
225,0.9389022951577117,3.6391836748673367,-1.0999831775060067,25.0,4.024628162384033,2.699693441390991,25.0,3072.8196151363663,104
226,0.9385365486642473,3.6387242330954623,-1.0999779334435096,25.0,4.024466514587402,2.699855327606201,25.0,3071.6320993807167,104
227,0.9380502406877915,3.6381355294814477,-1.100000676054221,25.0,4.024304389953613,2.699855327606201,25.0,3069.9758894233964,104
228,0.9379200005941047,3.638090369793085,-1.0999954239680216,25.0,4.024466514587402,2.699855327606201,25.0,3069.5702940039337,104
229,0.9377756366484657,3.638105947237748,-1.0999796791718557,25.0,4.024466514587402,2.699855327606201,25.0,3069.1327587226406,104
230,0.937533646344557,3.6380202770233154,-1.0999936759471893,25.0,4.024790287017822,2.699855327606201,25.0,3068.304969806224,104
231,0.9371590658529786,3.637568636582448,-1.1000339113748991,25.0,4.024790287017822,2.699693441390991,25.0,3066.9770515067503,104
232,0.9307477008099263,3.626018792680166,-1.0999628872547336,25.0,4.019445419311523,2.699693441390991,25.0,3046.1869228566065,103
233,0.9267018404529543,3.619377911669537,-1.0999717133716471,25.0,4.017177581787109,2.699855327606201,25.0,3032.920573576819,103
234,0.935018088939926,3.627970202611043,-1.099993673654703,25.0,4.018149375915527,2.699693441390991,25.0,3060.0811994182877,104
235,0.9373377202669592,3.6337778637042413,-1.0999971754275835,25.0,4.022360801696777,2.699855327606201,25.0,3067.6619144291617,104
236,0.9374559631697597,3.6347995217029867,-1.0999901764667952,25.0,4.023170471191406,2.699855327606201,25.0,3068.0690946779214,104
237,0.9194041704788053,3.6176724901386335,-1.099986778754814,25.0,4.015233993530273,2.699693441390991,25.0,3008.9992330069654,102
238,0.9177975010613123,3.615466798053068,-1.0999671641518087,25.0,4.012966156005859,2.699855327606201,25.0,3003.7958318935707,102
239,0.9180989724411156,3.617888455297433,-1.0999172236405166,25.0,4.0142621994018555,2.699693441390991,25.0,3004.9211391718127,102
240,0.9178189768586951,3.618634810634688,-1.0999279232586132,25.0,4.015233993530273,2.699693441390991,25.0,3003.968349327799,102
241,0.9143897620870577,3.621510909335448,-1.0999156874005158,25.0,4.013452053070068,2.699693441390991,25.0,2992.780019158032,101
242,0.9255712469050335,3.626679263068634,-1.0999363915434162,25.0,4.018635272979736,2.699855327606201,25.0,3029.31731912354,103
243,0.9283904223925149,3.6326627985945024,-1.0999434561405368,25.0,4.021389007568359,2.699855327606201,25.0,3038.5226102494635,103
244,0.9250096995724421,3.630104268638833,-1.099931091938204,25.0,4.022522926330566,2.699693441390991,25.0,3027.4917576787993,103
245,0.9119953179910152,3.6194630094093854,-1.09990127842025,25.0,4.015071868896484,2.699855327606201,25.0,2984.984347113874,101
246,0.9134746513968223,3.6230151747712993,-1.0998994772977169,25.0,4.0149102210998535,2.699693441390991,25.0,2989.828766949475,101
247,0.912140941559751,3.6218268422797175,-1.0998922716272939,25.0,4.015719890594482,2.699855327606201,25.0,2985.4846493606456,101
248,0.9102943237883769,3.619172738330199,-1.0999156874005158,25.0,4.015233993530273,2.699855327606201,25.0,2979.37482993491,101
249,0.9068944213542218,3.6128413771638774,-1.0998976749948937,25.0,4.013452053070068,2.699855327606201,25.0,2968.2962930533104,101
250,0.9202640317924675,3.631089217522565,-1.0999225740339242,25.0,4.019931316375732,2.699855327606201,25.0,3011.9892849898897,102
251,0.9220991387459427,3.6345192147236243,-1.0999172236405166,25.0,4.021389007568359,2.699693441390991,25.0,3018.0063997153193,102
252,0.9134204072937928,3.6284773373367765,-1.0999300952004913,25.0,4.022522926330566,2.699855327606201,25.0,2989.565342107322,101
253,0.9028396997965773,3.615667269229889,-1.099925034046173,25.0,4.0123186111450195,2.699855327606201,25.0,2954.951878940221,100
254,0.9043097752653031,3.6195918679237367,-1.0999414074420928,25.0,4.013128280639648,2.699855327606201,25.0,2959.718438102398,100
255,0.9044535895628204,3.620587995052338,-1.099928674697876,25.0,4.0144243240356445,2.699855327606201,25.0,2960.2188906385563,100
256,0.8893534223910674,3.608988778931754,-1.0998886142458235,25.0,4.0064873695373535,2.699855327606201,25.0,2910.9035279722884,98
257,0.883077243893934,3.5970491049241047,-1.0998681966139345,25.0,4.000656604766846,2.699855327606201,25.0,2890.418346311897,98
258,0.9055947980688926,3.625843997001648,-1.0999232161045074,25.0,4.0144243240356445,2.699855327606201,25.0,2963.9705715714954,100
259,0.908698956794339,3.6228964966122468,-1.0999300952004913,25.0,4.017177581787109,2.699693441390991,25.0,2974.1129931290634,101
260,0.8937589378547744,3.6117686695522733,-1.0998849579782197,25.0,4.013128280639648,2.699855327606201,25.0,2925.341725197155,99
261,0.877909892104431,3.59897301614899,-1.099896096691643,25.0,3.9996845722198486,2.699855327606201,25.0,2873.4340093131177,97
262,0.8780761954589837,3.601329120164065,-1.099860464174723,25.0,4.000332355499268,2.699855327606201,25.0,2874.0744731416926,97
263,0.8749114201124459,3.596146013318878,-1.099871716548487,25.0,3.9985508918762207,2.699855327606201,25.0,2863.683728081174,97
264,0.873326085476509,3.593871716371517,-1.099907349065407,25.0,3.9985508918762207,2.699855327606201,25.0,2858.4024292449467,97
265,0.8769136479517662,3.597276478698573,-1.0998792181309966,25.0,3.9970929622650146,2.699855327606201,25.0,2870.214788453188,97
266,0.8945419515692887,3.6190983406221022,-1.0998959830313018,25.0,4.010860919952393,2.699693441390991,25.0,2927.8757024118677,99
267,0.8985200747213836,3.6174603056907655,-1.099925034046173,25.0,4.0139384269714355,2.699693441390991,25.0,2940.8144293734804,100
268,0.9005622035310997,3.6218270778656008,-1.0998995661735536,25.0,4.0158820152282715,2.699693441390991,25.0,2947.5651424257085,100
269,0.9017952711105868,3.6243830037117006,-1.099905023574829,25.0,4.01701545715332,2.699693441390991,25.0,2951.584163147025,100
270,0.9026760959683825,3.62606427192688,-1.0999377679824829,25.0,4.017501354217529,2.699855327606201,25.0,2954.3788938499056,100
271,0.9052052963652214,3.6312538814544677,-1.099965056180954,25.0,4.019283294677734,2.699855327606201,25.0,2962.5832810774446,100
272,0.9057017389381448,3.6321431016921997,-1.0999650585651397,25.0,4.020092964172363,2.699855327606201,25.0,2964.208890579175,100
273,0.9061843722701277,3.6332590985298157,-1.0999541401863098,25.0,4.020740985870361,2.699531316757202,25.0,2965.8188427719288,100
274,0.9048732309485314,3.6308667635917664,-1.0999668753147125,25.0,4.020255088806152,2.699855327606201,25.0,2961.4905280335806,100
275,0.9038497522810862,3.6291595768928526,-1.0999541401863098,25.0,4.019283294677734,2.699855327606201,25.0,2958.1781404661015,100
276,0.9033907577937038,3.6283480811119078,-1.0999996221065522,25.0,4.019121170043945,2.699693441390991,25.0,2956.5530752087943,100
277,0.902901006871204,3.6276921081542968,-1.0999777901172638,25.0,4.019121170043945,2.699855327606201,25.0,2955.006085752044,100
278,0.9022516146485009,3.6269162487983704,-1.0999614214897155,25.0,4.019121170043945,2.699531316757202,25.0,2952.927861062344,100
279,0.9024456876979352,3.627577106952667,-1.1000050842761993,25.0,4.019445419311523,2.699855327606201,25.0,2953.443974031601,100
280,0.902483591189771,3.6281877303123475,-1.0999759721755982,25.0,4.020092964172363,2.699855327606201,25.0,2953.6474554855376,100
281,0.9023428937582785,3.627985270023346,-1.1000542080402373,25.0,4.019931316375732,2.699855327606201,25.0,2952.975890466012,100
282,0.8829379681980815,3.601842152829073,-1.0998978955405099,25.0,4.0055155754089355,2.699693441390991,25.0,2889.8873246153817,98
283,0.8751084697687304,3.5978625803878628,-1.0998792193599582,25.0,4.002114295959473,2.699855327606201,25.0,2864.3091753488407,97
284,0.890264326516446,3.610382896481138,-1.099916195628619,25.0,4.0084309577941895,2.699855327606201,25.0,2913.8130554505624,99
285,0.7654114559897507,3.5854085221010097,-1.0998926106621236,25.0,3.913677215576172,2.699855327606201,25.0,2505.2248680326156,85
286,0.8967248347356708,3.624639756751783,-1.0999713208940294,25.0,4.0149102210998535,2.699693441390991,25.0,2934.8151595126837,99
287,0.8763173958776045,3.603565021888497,-1.0999636146211134,25.0,4.005029678344727,2.699855327606201,25.0,2868.044521007221,97
288,0.8646138865022177,3.592192185421785,-1.0999548981587093,25.0,3.9988746643066406,2.699855327606201,25.0,2829.7627185750753,96
289,0.8643145119361373,3.5927860885858536,-1.0999037350217502,25.0,3.9993605613708496,2.699693441390991,25.0,2828.9194375649095,96
290,0.8630087601605667,3.5918766806523004,-1.099899945159753,25.0,3.9987127780914307,2.699855327606201,25.0,2824.6531760692596,96
291,0.8606796984939247,3.598118990346005,-1.0998808961165578,25.0,3.9988746643066406,2.699693441390991,25.0,2817.075244234875,95
292,0.8666193769174243,3.598860057691733,-1.0998828907807667,25.0,3.9954733848571777,2.699693441390991,25.0,2836.5136467358097,96
293,0.8787314772071492,3.616100350606073,-1.0999242276260532,25.0,4.008755207061768,2.699855327606201,25.0,2876.0484231486917,97
294,0.8816737958479198,3.6126810847496498,-1.0999127456120081,25.0,4.011022567749023,2.699855327606201,25.0,2885.7056491780095,98
295,0.8635072741917542,3.596460834145546,-1.0998904705047607,25.0,4.002114295959473,2.699693441390991,25.0,2826.309786819387,96
296,0.8530573756873987,3.5865098501506605,-1.099857917584871,25.0,3.9953112602233887,2.699855327606201,25.0,2792.1841313941404,95
297,0.849440689259104,3.590697171840262,-1.099873053266647,25.0,3.9945015907287598,2.699855327606201,25.0,2780.3092257766984,94
298,0.8803098477014518,3.602171068288842,-1.0999554407839873,25.0,4.001952171325684,2.699855327606201,25.0,2881.129822834395,98
299,0.8674529189740412,3.599155324200789,-1.0999435285727184,25.0,3.9991986751556396,2.699855327606201,25.0,2839.0830157226883,96
300,0.8666840125525818,3.5944851065675416,-1.0999435285727184,25.0,3.9964451789855957,2.699855327606201,25.0,2836.567573494278,96
301,0.8700108346365821,3.598944418132305,-1.0999245817462604,25.0,3.9933676719665527,2.699531316757202,25.0,2847.505494956393,96
302,0.8822456714616338,3.6108729523055407,-1.0999257394245692,25.0,4.007297515869141,2.699693441390991,25.0,2887.539057807531,98
303,0.8842403535944181,3.6148214388866813,-1.099955439567566,25.0,4.0097270011901855,2.699855327606201,25.0,2893.991954341531,98
304,0.8662582194899054,3.595679653187593,-1.099907524883747,25.0,3.9998466968536377,2.699855327606201,25.0,2835.2708390583284,96
305,0.8558143297161845,3.5846224282917225,-1.099896216392517,25.0,3.9930436611175537,2.699855327606201,25.0,2801.1150758862495,95
306,0.8561625694070452,3.5890587631024813,-1.0998674919730738,25.0,3.9949874877929688,2.699855327606201,25.0,2802.331731002312,95
307,0.8508310169208202,3.588655284110536,-1.0998962762507987,25.0,3.9930436611175537,2.699855327606201,25.0,2784.8027546303347,94
308,0.8494292389765297,3.588717333813931,-1.0998846647587228,25.0,3.9932057857513428,2.699693441390991,25.0,2780.238558064215,94
309,0.8528321026943904,3.5831459221087005,-1.0998789812389174,25.0,3.9907760620117188,2.699855327606201,25.0,2791.397090125829,95
310,0.8662639481897331,3.6068608288963637,-1.0998980502287548,25.0,4.004220008850098,2.699855327606201,25.0,2835.306778742932,96
311,0.8695968131143326,3.613872883220514,-1.0999169995387394,25.0,4.007297515869141,2.699855327606201,25.0,2846.1671128305607,96
312,0.8542308587930307,3.5924533668317293,-1.09988855562712,25.0,4.000980377197266,2.699531316757202,25.0,2795.943404404912,95
313,0.843331543903359,3.5902773641770884,-1.0998709099267119,25.0,3.994015693664551,2.699855327606201,25.0,2760.318544681184,93
314,0.8429702261285421,3.592292442116686,-1.0998728659845167,25.0,3.9946634769439697,2.699855327606201,25.0,2759.1312405834906,93
315,0.8383049057496245,3.584308765267813,-1.099868953868907,25.0,3.992233991622925,2.699855327606201,25.0,2743.865765177645,93
316,0.8360174086250101,3.5812852844115226,-1.0998454811752483,25.0,3.9917478561401367,2.699855327606201,25.0,2736.4436140074395,93
317,0.8366749013844845,3.580395314001268,-1.0998630869773127,25.0,3.9902901649475098,2.699855327606201,25.0,2738.550942205824,93
318,0.8530699574065805,3.5987464277367844,-1.0998962151376825,25.0,4.002114295959473,2.699855327606201,25.0,2792.133344354108,95
319,0.8567393632467302,3.6066609081469085,-1.099898130015323,25.0,4.0055155754089355,2.699693441390991,25.0,2804.1336390837096,95
320,0.8425502215455978,3.5980328795730427,-1.0998787341579315,25.0,4.003086090087891,2.699855327606201,25.0,2757.74116695486,93
321,0.8350555367813283,3.583808921998547,-1.0998728659845167,25.0,3.9953112602233887,2.699855327606201,25.0,2733.225855343044,93
322,0.839058480488019,3.5940427882696993,-1.0998806902157363,25.0,3.9987127780914307,2.699693441390991,25.0,2746.3041184912436,93
323,0.8362668869590135,3.5901484822714202,-1.0998826462735412,25.0,3.9995226860046387,2.699855327606201,25.0,2737.1638465761207,93
324,0.8347193544186045,3.5879069938454577,-1.0998650417532971,25.0,3.9998466968536377,2.699855327606201,25.0,2732.1502686012536,93
325,0.831865150523658,3.5923977312834365,-1.0998766292696414,25.0,3.9985508918762207,2.699855327606201,25.0,2722.77291363338,92
326,0.8498848377102673,3.609296443614554,-1.099898211499478,25.0,4.0060014724731445,2.699855327606201,25.0,2781.6992145781405,94
327,0.8523254230132125,3.614248666357487,-1.0998633770232504,25.0,4.00778341293335,2.699855327606201,25.0,2789.775800695643,94
328,0.8459443076130888,3.606520513270764,-1.0998653122719297,25.0,4.009241104125977,2.699693441390991,25.0,2768.885859725531,94
329,0.8329064275211885,3.5967727536740512,-1.0998766292696414,25.0,4.000332355499268,2.699855327606201,25.0,2726.1793000046164,92
330,0.8343719794473465,3.601036857003751,-1.0998588333959165,25.0,4.001142501831055,2.699855327606201,25.0,2731.0232865628786,92
331,0.8326584136312102,3.599473476409912,-1.0998904718005138,25.0,4.0013041496276855,2.699855327606201,25.0,2725.335762345232,92
332,0.8321633707687204,3.599101994348609,-1.0998924478240635,25.0,4.001466274261475,2.699855327606201,25.0,2723.7106342562474,92
333,0.8287110261141224,3.592564989691195,-1.0998904705047607,25.0,3.9991986751556396,2.699855327606201,25.0,2712.413691295311,92
334,0.8432893182700536,3.611654243161601,-1.0999061202490201,25.0,4.0053534507751465,2.699855327606201,25.0,2760.090960012749,93
335,0.8464539928243571,3.608665788427312,-1.0999136934889124,25.0,4.0081071853637695,2.699855327606201,25.0,2770.433576399926,94
336,0.8483589961603875,3.612599646791499,-1.0999040185137,25.0,4.009402751922607,2.699693441390991,25.0,2776.69923316082,94
337,0.8489958867618853,3.6140177833273057,-1.0998904705047607,25.0,4.009888648986816,2.699855327606201,25.0,2778.808685477823,94
338,0.8493161419770645,3.6147087457332203,-1.0999040185137,25.0,4.0100507736206055,2.699855327606201,25.0,2779.82462717453,94
339,0.8493138534252002,3.6148328020217573,-1.0998807942613642,25.0,4.010375022888184,2.699855327606201,25.0,2779.8717471160926,94
340,0.8489933386954688,3.6146983948159725,-1.0998943410021194,25.0,4.0106987953186035,2.699855327606201,25.0,2778.7939419005997,94
341,0.8498355225978999,3.6170073620816496,-1.0998962762507987,25.0,4.011022567749023,2.699693441390991,25.0,2781.5444479859434,94
342,0.8499239556972169,3.617894758569433,-1.099929175478347,25.0,4.0123186111450195,2.699693441390991,25.0,2781.747813780792,94
343,0.8497313373936274,3.618129111350851,-1.099904017245516,25.0,4.0126423835754395,2.699693441390991,25.0,2781.1852766987868,94
344,0.8495178646765871,3.618294525653758,-1.0999175652544548,25.0,4.0126423835754395,2.699855327606201,25.0,2780.451031780336,94
345,0.8497211393023555,3.6188424851032015,-1.0999020819968366,25.0,4.0128045082092285,2.699855327606201,25.0,2781.154324178584,94
346,0.8500551495522818,3.6193628539430334,-1.0999156287375917,25.0,4.012966156005859,2.699531316757202,25.0,2782.216894443147,94
347,0.8494683450975327,3.6189165825539447,-1.0999446587359651,25.0,4.0132904052734375,2.699531316757202,25.0,2780.2169893598184,94
348,0.8433621270587258,3.6070650341690227,-1.0998982947359803,25.0,4.0081071853637695,2.699855327606201,25.0,2760.3518005856313,93
349,0.8342125901387496,3.6032463674959927,-1.0998944251433662,25.0,4.005029678344727,2.699855327606201,25.0,2730.414880652912,92
350,0.8335569412582479,3.599063251329505,-1.0998746519503386,25.0,4.000818252563477,2.699693441390991,25.0,2728.321124692913,92
351,0.8440340541990499,3.606532558481744,-1.0999136934889124,25.0,4.0097270011901855,2.699693441390991,25.0,2762.5113914213143,94
352,0.8441471161473495,3.607738748509833,-1.099898212767662,25.0,4.0106987953186035,2.699855327606201,25.0,2762.9183923024684,94
353,0.8267685712694607,3.5958590248356694,-1.0998924478240635,25.0,4.00778341293335,2.699855327606201,25.0,2706.057110746857,92
354,0.818963697768408,3.5915744514255734,-1.0998784762162428,25.0,4.000494480133057,2.699693441390991,25.0,2680.5407557790168,91
355,0.8185367663182709,3.5925338111080967,-1.0999064628894513,25.0,4.000656604766846,2.699693441390991,25.0,2679.072166608181,91
356,0.8163389729260069,3.590474458841177,-1.0998924695528471,25.0,4.001142501831055,2.699855327606201,25.0,2671.9159054905176,91
357,0.8129733426523529,3.594539229075114,-1.099888449245029,25.0,4.000494480133057,2.699693441390991,25.0,2660.915773404762,90
358,0.8103201446044753,3.59068427350786,-1.0998803642061021,25.0,3.9996845722198486,2.699693441390991,25.0,2652.2441667043604,90
359,0.8239425952382217,3.6079230098933963,-1.0998964689590118,25.0,4.005677700042725,2.699855327606201,25.0,2696.7930336440913,91
360,0.8269506807662791,3.6047991954762004,-1.0999023357163304,25.0,4.0081071853637695,2.699855327606201,25.0,2706.6217182301916,92
361,0.8277627674391773,3.606635466865871,-1.0999043130356332,25.0,4.008916854858398,2.699855327606201,25.0,2709.278630718589,92
362,0.8074554105321221,3.5873296393288507,-1.0999046193228827,25.0,4.000494480133057,2.699855327606201,25.0,2642.8073884658515,90
363,0.8055134634762349,3.593787000420388,-1.0999149994903736,25.0,3.9988746643066406,2.699855327606201,25.0,2636.432119057048,89
364,0.8061442589247151,3.5967843907602717,-1.0999272619740348,25.0,4.000332355499268,2.699855327606201,25.0,2638.4636721336283,89
365,0.8022059982286693,3.5901471845219644,-1.099921130062489,25.0,3.9996845722198486,2.699855327606201,25.0,2625.588428463787,89
366,0.802438035018158,3.590971595785591,-1.099921130062489,25.0,3.9993605613708496,2.699693441390991,25.0,2626.354101108387,89
367,0.8096740718115336,3.5937797387440997,-1.0999308970239428,25.0,3.9975788593292236,2.699855327606201,25.0,2650.011251380667,90
368,0.6881912964939605,3.5626849261197178,-1.099928272234929,25.0,3.902177095413208,2.699855327606201,25.0,2252.407281803433,77
369,0.8167339074203906,3.6004473193661197,-1.099928455038385,25.0,4.0064873695373535,2.699855327606201,25.0,2673.121667896863,91
370,0.8087181435107754,3.5979514254464044,-1.0999228106604682,25.0,4.0069732666015625,2.699693441390991,25.0,2646.903025378473,90
371,0.7975583267987912,3.5924526290460066,-1.0999111424792896,25.0,3.9975788593292236,2.699855327606201,25.0,2610.4011733033694,88
372,0.7917866268921512,3.585095768625086,-1.0999214811758562,25.0,3.9957971572875977,2.699855327606201,25.0,2591.4827835969627,88
373,0.7983478522482446,3.586623818686839,-1.0999068222688826,25.0,3.9988746643066406,2.699693441390991,25.0,2612.995260075666,89
374,0.7949965658196497,3.591988807374781,-1.0999152782288464,25.0,3.9987127780914307,2.699855327606201,25.0,2602.010478128679,88
375,0.6581122348404025,3.5530621058320344,-1.0999079142531303,25.0,3.890353202819824,2.699855327606201,25.0,2154.00407359004,73
376,0.7950690213342984,3.5893659456209703,-1.099927681413564,25.0,3.9945015907287598,2.699855327606201,25.0,2602.2138273110613,88
377,0.8051889870719764,3.602003909228893,-1.0999517909596475,25.0,4.002923965454102,2.699855327606201,25.0,2635.277942251414,89
378,0.8129219901592769,3.6039030154546103,-1.099938980738322,25.0,4.0043816566467285,2.699855327606201,25.0,2660.6220140494406,90
379,0.6827378406519131,3.5676251304777047,-1.0999239808634709,25.0,3.901367425918579,2.699855327606201,25.0,2234.5678794095293,76
380,0.7935279436131224,3.586251665245403,-1.099923545664007,25.0,3.9962832927703857,2.699855327606201,25.0,2597.182211501524,88
381,0.7968224512992245,3.5907850482247095,-1.0999297499656677,25.0,3.9956352710723877,2.699855327606201,25.0,2607.947659380734,88
382,0.7964267590781251,3.5924047746441583,-1.099923548373309,25.0,3.9974169731140137,2.699855327606201,25.0,2606.666936081834,88
383,0.796668912889521,3.5933029895479027,-1.0999276800589128,25.0,3.9979028701782227,2.699855327606201,25.0,2607.448197942227,88
384,0.7936145819096837,3.587928446856412,-1.0998925377022137,25.0,3.9967691898345947,2.699693441390991,25.0,2597.5400390923023,88
385,0.8032961687353029,3.596254814876599,-1.0999456577086717,25.0,3.9977409839630127,2.699855327606201,25.0,2629.104027727619,89
386,0.8074687868415272,3.5947857750786674,-1.0999288744396634,25.0,4.002438068389893,2.699855327606201,25.0,2642.793957969174,90
387,0.8084019573372146,3.5968230141533746,-1.099967278374566,25.0,4.003086090087891,2.699855327606201,25.0,2645.7631404809654,90
388,0.809651649865794,3.599247209231059,-1.0999693009588454,25.0,4.003734111785889,2.699693441390991,25.0,2649.8435571081936,90
389,0.8096595064580752,3.599475775824653,-1.0999288744396634,25.0,4.004057884216309,2.699693441390991,25.0,2649.966784327291,90
390,0.8110166376407705,3.602114129066467,-1.0999551508161756,25.0,4.004705905914307,2.699855327606201,25.0,2654.3417264474556,90
391,0.8115924519133826,3.603568281067742,-1.0999551508161756,25.0,4.005029678344727,2.699693441390991,25.0,2656.232612265274,90
392,0.812656739735582,3.6059402757220798,-1.099953129556444,25.0,4.005677700042725,2.699693441390991,25.0,2659.717314354144,90
393,0.8121229654451537,3.604702091217041,-1.099967282348209,25.0,4.005677700042725,2.699693441390991,25.0,2657.936593744904,90
394,0.8120860311075314,3.6049558613035413,-1.0999571720759074,25.0,4.0060014724731445,2.699855327606201,25.0,2657.843024717644,90
395,0.812418382380816,3.6059384822845457,-1.0999551547898188,25.0,4.0064873695373535,2.699693441390991,25.0,2658.9367184322327,90
396,0.813208891114329,3.607543804910448,-1.0999308956993952,25.0,4.006649494171143,2.699855327606201,25.0,2661.5799493445083,90
397,0.813706646792567,3.6085354407628376,-1.0999470657772488,25.0,4.007297515869141,2.699855327606201,25.0,2663.1717641036958,90
398,0.7957130698528272,3.5827122032642365,-1.0998367233709856,25.0,3.9959592819213867,2.699855327606201,25.0,2604.539703113027,88
399,0.784884841747418,3.5747376639267494,-1.0998486513378976,25.0,3.9911000728607178,2.699693441390991,25.0,2569.0715928385034,87
400,0.7797793901685878,3.563639769608947,-1.0998423784628681,25.0,3.989156484603882,2.699855327606201,25.0,2552.3687150683254,87
401,0.7940831939424257,3.5892002988945353,-1.0998511937531559,25.0,3.9977409839630127,2.699855327606201,25.0,2599.1673563551158,88
402,0.795518473207967,3.5933766175400126,-1.0998780673200435,25.0,3.9991986751556396,2.699693441390991,25.0,2603.8096369178966,88
403,0.7873229552098836,3.592120847482791,-1.0998465603795544,25.0,4.000008583068848,2.699693441390991,25.0,2577.059114283882,87
404,0.7747032085247915,3.5744691560434743,-1.0998481650685155,25.0,3.990614175796509,2.699855327606201,25.0,2535.7440837118775,86
405,0.775739400875768,3.577657752258833,-1.0998566261557645,25.0,3.9911000728607178,2.699693441390991,25.0,2539.11922685802,86
406,0.7744234534828119,3.576960896336755,-1.09985239561214,25.0,3.9915859699249268,2.699855327606201,25.0,2534.8223447408527,86
407,0.7744291119498978,3.5793528113254283,-1.099867202514826,25.0,3.9941775798797607,2.699855327606201,25.0,2534.8074747575447,86
408,0.7733532340900151,3.577395952025125,-1.099869317786638,25.0,3.9933676719665527,2.699855327606201,25.0,2531.2759032864124,86
409,0.7818660041919118,3.583793240031977,-1.0998841976297313,25.0,3.9945015907287598,2.699693441390991,25.0,2559.1063863318413,87
410,0.7858465431146942,3.592733396880928,-1.0998737428380154,25.0,3.9982268810272217,2.699693441390991,25.0,2572.1540037402883,87
411,0.7869006104870313,3.595252327535344,-1.0998925628333256,25.0,3.9987127780914307,2.699855327606201,25.0,2575.560567223467,87
412,0.7707269221315959,3.5737233328264812,-1.0998777788738872,25.0,3.9932057857513428,2.699855327606201,25.0,2522.667317439802,86
413,0.767016633332349,3.578304604923024,-1.0998797697179459,25.0,3.991909980773926,2.699855327606201,25.0,2510.5110505633056,85
414,0.7674390746793223,3.5802501622368306,-1.099862648459042,25.0,3.9923958778381348,2.699855327606201,25.0,2511.9334373073652,85
415,0.768821817514816,3.583396244049072,-1.099866928773768,25.0,3.9932057857513428,2.699693441390991,25.0,2516.4492999464273,85
416,0.766988972579012,3.5809723797966453,-1.09985408782959,25.0,3.9936916828155518,2.699855327606201,25.0,2510.4800865361467,85
417,0.7664027496307744,3.5806446131537943,-1.099875490805682,25.0,3.9932057857513428,2.699693441390991,25.0,2508.514183144085,85
418,0.775669807936109,3.588611605555512,-1.0998904705047607,25.0,3.9964451789855957,2.699531316757202,25.0,2538.811013415456,86
419,0.7778544584797377,3.592915188434512,-1.0998989315920098,25.0,3.9979028701782227,2.699693441390991,25.0,2545.936227094382,86
420,0.7783947469820146,3.5941092607586884,-1.0998947010483853,25.0,3.9980649948120117,2.699855327606201,25.0,2547.7177669284865,86
421,0.7596322144295917,3.5783305224918185,-1.0998514890670776,25.0,3.9911000728607178,2.699693441390991,25.0,2486.4035070724785,84
422,0.7569837700107788,3.573263108730316,-1.099862317244212,25.0,3.989318370819092,2.699855327606201,25.0,2477.716269270517,84
423,0.7592523626009031,3.578473213173094,-1.0998493234316509,25.0,3.9902901649475098,2.699855327606201,25.0,2485.167678968981,84
424,0.7581267426539096,3.57739147685823,-1.0998774781113578,25.0,3.9902901649475098,2.699693441390991,25.0,2481.418114332482,84
425,0.7553479455299595,3.5719499701545354,-1.0998558203379314,25.0,3.9899661540985107,2.699855327606201,25.0,2472.369378436357,84
426,0.7561659444117588,3.574427760782696,-1.0998579859733582,25.0,3.990938186645508,2.699693441390991,25.0,2475.043327398598,84
427,0.7715906883872424,3.5852629223535226,-1.099892585776573,25.0,3.9977409839630127,2.699693441390991,25.0,2525.4523904481903,86
428,0.6450136071645631,3.551214277744293,-1.0998778376314375,25.0,3.892458915710449,2.699855327606201,25.0,2111.194928604178,72
429,0.642812906796806,3.5497115353743234,-1.0999005768034193,25.0,3.892620801925659,2.699531316757202,25.0,2103.945309425704,72
430,0.762726013439869,3.57966326825759,-1.0998819098753088,25.0,3.9982268810272217,2.699693441390991,25.0,2496.46718992386,85
431,0.7605475755244002,3.5854804459072294,-1.0998709797859192,25.0,3.9964451789855957,2.699693441390991,25.0,2489.3573368117213,84
432,0.7615652199530867,3.5769821447484635,-1.0998926106621236,25.0,3.9959592819213867,2.699855327606201,25.0,2492.638498749584,85
433,0.7648344695878659,3.5850445691277,-1.0998647886164048,25.0,3.9980649948120117,2.699855327606201,25.0,2503.4049393031746,85
434,0.7655790485228756,3.586105960958144,-1.099849807514864,25.0,3.9982268810272217,2.699855327606201,25.0,2505.873985659331,85
435,0.7642693219147149,3.583825004802031,-1.099873350648319,25.0,3.9980649948120117,2.699855327606201,25.0,2501.5313617307693,85
436,0.775198754045797,3.59525059267532,-1.0998989315920098,25.0,4.001466274261475,2.699693441390991,25.0,2537.250530803576,86
437,0.7785785620513378,3.6020120132801146,-1.0998904705047607,25.0,4.0034098625183105,2.699855327606201,25.0,2548.3290371252224,86
438,0.7800879553912717,3.594855771667656,-1.0999009252964764,25.0,4.004220008850098,2.699855327606201,25.0,2553.251653108746,87
439,0.7812812354592521,3.5972946786332405,-1.099907198171506,25.0,4.005029678344727,2.699531316757202,25.0,2557.141793991439,87
440,0.781608928536249,3.5980542637835975,-1.0998967433797902,25.0,4.005029678344727,2.699693441390991,25.0,2558.2363461395726,87
441,0.7817209905063649,3.598378208861954,-1.0999009252964764,25.0,4.005029678344727,2.699855327606201,25.0,2558.596233085729,87
442,0.7822911893897433,3.5999960762330856,-1.0999030162548196,25.0,4.005677700042725,2.699855327606201,25.0,2560.4555578995496,87
443,0.7826825963223495,3.600841316683539,-1.0999071995417278,25.0,4.0058393478393555,2.699693441390991,25.0,2561.7220401102677,87
444,0.7829012508216528,3.601343990742475,-1.099877924754702,25.0,4.006325721740723,2.699855327606201,25.0,2562.503064026125,87
445,0.7829570818630113,3.6019006433158087,-1.0998841976297313,25.0,4.006649494171143,2.699855327606201,25.0,2562.6750575378537,87
446,0.7826952794154944,3.6011205815720833,-1.099877924754702,25.0,4.006163597106934,2.699693441390991,25.0,2561.8314479282126,87
447,0.7824534360083093,3.6011522282129045,-1.0998758337963586,25.0,4.006649494171143,2.699693441390991,25.0,2561.0504699414596,87
448,0.7859494468534852,3.600074277527031,-1.0998862885880745,25.0,4.009241104125977,2.699855327606201,25.0,2572.467475214973,87
449,0.7765421147052045,3.593474548916484,-1.0998904705047607,25.0,4.004543781280518,2.699693441390991,25.0,2541.666912986897,86
450,0.7694624362425757,3.5908107925863826,-1.0998861901900348,25.0,4.001466274261475,2.699855327606201,25.0,2518.498920092359,85
451,0.782828451074633,3.598275806712008,-1.099911381458414,25.0,4.0058393478393555,2.699693441390991,25.0,2562.1895038243383,87
452,0.783271108850637,3.599943952998896,-1.0999092891298492,25.0,4.006649494171143,2.699855327606201,25.0,2563.6433770479634,87
453,0.7826866161188117,3.59961068219152,-1.0998716518796723,25.0,4.0064873695373535,2.699855327606201,25.0,2561.815618894063,87
454,0.765881897563414,3.5881506162531234,-1.099871209088494,25.0,4.0017900466918945,2.699855327606201,25.0,2506.81318097841,85
455,0.7576385551401044,3.5822371443112693,-1.09986231866337,25.0,3.9980649948120117,2.699855327606201,25.0,2479.8592370823026,84
456,0.7589268371199881,3.5864850680033364,-1.0998948031947726,25.0,3.9987127780914307,2.699693441390991,25.0,2484.000446339138,84
457,0.7545606050660262,3.5795588124366033,-1.0999164581298828,25.0,3.9995226860046387,2.699855327606201,25.0,2469.6574151301757,84
458,0.7536455724016862,3.5781878374871754,-1.0999207894007366,25.0,3.9983887672424316,2.699531316757202,25.0,2466.6570522282273,84
459,0.7518904136481059,3.574932952721914,-1.099914292494456,25.0,3.9977409839630127,2.699855327606201,25.0,2460.922677940689,84
460,0.7690093044051717,3.600283311395084,-1.0999396983314962,25.0,4.0043816566467285,2.699855327606201,25.0,2516.8945202399045,85
461,0.7703443356007997,3.593227824499441,-1.0999285453973815,25.0,4.005677700042725,2.699693441390991,25.0,2521.2861434621736,86
462,0.7705542614943423,3.5941619928493056,-1.0999454675718796,25.0,4.0058393478393555,2.699693441390991,25.0,2521.9430432477966,86
463,0.7522147878700296,3.579527959937141,-1.0999294519424438,25.0,4.000332355499268,2.699855327606201,25.0,2461.9521933663636,84
464,0.745837913134241,3.578251697930945,-1.099971565855555,25.0,3.9977409839630127,2.699693441390991,25.0,2440.985954648815,83
465,0.7458452857651213,3.578924960400685,-1.0999715672918113,25.0,3.9974169731140137,2.699693441390991,25.0,2441.017581687309,83
466,0.7415369183132622,3.5834054365390684,-1.0999659023633817,25.0,3.9972550868988037,2.699693441390991,25.0,2426.923809927888,82
467,0.7390701079548696,3.578402056926634,-1.0999525901747913,25.0,3.9959592819213867,2.699693441390991,25.0,2418.8767595393583,82
468,0.7383260855237894,3.577621817588806,-1.099963681000035,25.0,3.9956352710723877,2.699693441390991,25.0,2416.42412805371,82
469,0.7555956784949825,3.5911938434555415,-1.0999987522761028,25.0,4.001628398895264,2.699693441390991,25.0,2472.864591823891,84
470,0.757136225358335,3.5946530926795233,-1.0999879255181266,25.0,4.002923965454102,2.699855327606201,25.0,2477.924835421145,84
471,0.7570985530539147,3.5948054364749362,-1.1000030892235892,25.0,4.002923965454102,2.699855327606201,25.0,2477.7717492291704,84
472,0.7378802787853757,3.579328458483626,-1.0999858684656096,25.0,3.9975788593292236,2.699855327606201,25.0,2414.9092671955004,82
473,0.7304497735031763,3.575694613986545,-1.0999645833615903,25.0,3.9943394660949707,2.699855327606201,25.0,2390.6429701037705,81
474,0.7271090430245398,3.569911594744082,-1.0999578473008709,25.0,3.9933676719665527,2.699855327606201,25.0,2379.7211872590706,81
475,0.7491588031203726,3.607654583023255,-1.1000022557844598,25.0,4.017177581787109,2.699855327606201,25.0,2451.7841897066683,83
476,0.7332014386338025,3.5892759503387826,-1.0999792130982005,25.0,4.013614177703857,2.699855327606201,25.0,2399.6109116086736,82
477,0.6951890524287052,3.5608422384633647,-1.0999306331981311,25.0,3.9925577640533447,2.699855327606201,25.0,2275.3068280173466,77
478,0.6833736039670465,3.547787754159225,-1.0999407360428257,25.0,3.989318370819092,2.699855327606201,25.0,2236.61757873185,76
479,0.7075146271587921,3.570111000085179,-1.0999779776681828,25.0,3.9982268810272217,2.699693441390991,25.0,2315.546550356783,79
480,0.7104119691914146,3.577182446854024,-1.0999503407297255,25.0,4.000008583068848,2.699693441390991,25.0,2325.0947083001956,79
481,0.7104572424913456,3.5780353515963013,-1.0999733677393273,25.0,4.000332355499268,2.699531316757202,25.0,2325.1894266977906,79
482,0.6731834213042501,3.5445829518636067,-1.0999511098861694,25.0,3.989318370819092,2.699693441390991,25.0,2203.2449861066416,75
483,0.6590195754904224,3.5371821579867846,-1.0999203757063982,25.0,3.988832473754883,2.699855327606201,25.0,2156.9490248672664,73
484,0.6514279439196111,3.5230039962350506,-1.099912898181236,25.0,3.988832473754883,2.699855327606201,25.0,2132.120981229469,73
485,0.6422943764502279,3.518241630660163,-1.0998980518844392,25.0,3.988508462905884,2.699855327606201,25.0,2102.246272234246,72
486,0.5007309500433903,3.4780261644295285,-1.0998709797859192,25.0,3.8639516830444336,2.699693441390991,25.0,1638.9547565989196,56
487,0.635896064712784,3.519851368917546,-1.0998879083445374,25.0,3.988508462905884,2.699855327606201,25.0,2081.3249676190317,71
488,0.6351525089984593,3.5127131838194083,-1.0998827840240908,25.0,3.988346576690674,2.699855327606201,25.0,2078.9028305895627,71
489,0.6569545997787658,3.5460063170080316,-1.0999054239220816,25.0,3.989318370819092,2.699855327606201,25.0,2150.2166527006775,73
490,0.663148611562451,3.548823234197256,-1.0999027619490753,25.0,3.989642381668091,2.699693441390991,25.0,2170.500032823533,74
491,0.666670775954208,3.556611044986828,-1.0999003052711487,25.0,3.989642381668091,2.699855327606201,25.0,2182.031523907557,74
492,0.6338858377108579,3.5179670226406046,-1.0998750975434208,25.0,3.988508462905884,2.699855327606201,25.0,2074.762527915649,71
493,0.6253471027268528,3.5106225524629866,-1.099893069267273,25.0,3.988346576690674,2.699855327606201,25.0,2046.7938443236053,70
494,0.6238616611206783,3.510337952205113,-1.099893069267273,25.0,3.988346576690674,2.699855327606201,25.0,2041.9323177589104,70
495,0.6173883279851119,3.5090347131093345,-1.0998904722324316,25.0,3.988346576690674,2.699693441390991,25.0,2020.7473079450428,69
496,0.6149284533931935,3.5045511204263438,-1.099914198336394,25.0,3.9881844520568848,2.699855327606201,25.0,2012.653542750515,69
497,0.6073372724293769,3.499006176696104,-1.0998958208981682,25.0,3.987860679626465,2.699693441390991,25.0,1987.8416565814987,68
498,0.6196619482429861,3.512959625409997,-1.0998746519503386,25.0,3.987860679626465,2.699855327606201,25.0,2028.216294859536,69
499,0.6353096675884496,3.5299392787503523,-1.0998981586644347,25.0,3.988832473754883,2.699855327606201,25.0,2079.387430435978,71
500,0.6399941165119694,3.5410469451420745,-1.099900719145654,25.0,3.989156484603882,2.699855327606201,25.0,2094.717402230948,71
501,0.6434946052104473,3.536911212735706,-1.099903103378084,25.0,3.989318370819092,2.699693441390991,25.0,2106.171783317812,72
502,0.6118777180992107,3.511173188686371,-1.0998958208981682,25.0,3.9881844520568848,2.699855327606201,25.0,2002.7008634125814,68
503,0.6003446167874817,3.4997335369907208,-1.0998931856297736,25.0,3.987698554992676,2.699855327606201,25.0,1964.951082685031,67
504,0.6040643560973914,3.5074985489916446,-1.0999040461298246,25.0,3.988022565841675,2.699855327606201,25.0,1977.107456792146,67
505,0.6007894895556235,3.501785997134536,-1.099887755379748,25.0,3.988022565841675,2.699855327606201,25.0,1966.4196354728192,67
506,0.5991222826807746,3.4994506942692087,-1.0998959007547862,25.0,3.987860679626465,2.699855327606201,25.0,1960.9533000402153,67
507,0.5923414461876223,3.4958716161323315,-1.0998904705047607,25.0,3.987698554992676,2.699693441390991,25.0,1938.7660630326718,66
508,0.5869898496972139,3.484761798020565,-1.0998904705047607,25.0,3.987536668777466,2.699855327606201,25.0,1921.2489932375029,66
509,0.5842796829789044,3.491943223659809,-1.0998596851642315,25.0,3.987212657928467,2.699693441390991,25.0,1912.4362677242607,65
510,0.42883178096819413,3.446939989924431,-1.099837412436803,25.0,3.8545572757720947,2.699855327606201,25.0,1403.6636874321848,48
511,0.5775426076426853,3.4925588592886925,-1.099856361746788,25.0,3.987374782562256,2.699531316757202,25.0,1890.3897672398016,64
512,0.5752396038589223,3.488193191587925,-1.0998506769537926,25.0,3.987536668777466,2.699693441390991,25.0,1882.8586439741775,64
513,0.5702498286073276,3.4792720526456833,-1.0998847857117653,25.0,3.987374782562256,2.699855327606201,25.0,1866.467942489311,64
514,0.5712652230342878,3.481673814356327,-1.0998705737292767,25.0,3.987536668777466,2.699855327606201,25.0,1869.811975389719,64
515,0.5724590083996322,3.4876566492021084,-1.099867731332779,25.0,3.987536668777466,2.699855327606201,25.0,1873.7338210623711,64
516,0.5903382672267522,3.507963122743549,-1.0998959848375032,25.0,3.988508462905884,2.699693441390991,25.0,1932.2026437930763,66
517,0.5904994822015165,3.5078551516388403,-1.0999014973640442,25.0,3.988670587539673,2.699855327606201,25.0,1932.718829027377,66
518,0.5891239515029237,3.5064440207047896,-1.0999014955578428,25.0,3.988670587539673,2.699693441390991,25.0,1928.2185291508213,66
519,0.5884104332475575,3.504924911441225,-1.0998987392945723,25.0,3.988670587539673,2.699855327606201,25.0,1925.8903780337423,66
520,0.5876076993862841,3.503550587278424,-1.0998877142414902,25.0,3.988508462905884,2.699693441390991,25.0,1923.2809826619923,66
521,0.5870089307319273,3.5028340021769204,-1.0998711766618672,25.0,3.988670587539673,2.699855327606201,25.0,1921.3437450099736,66
522,0.5881285314928043,3.506686954787283,-1.0998932267680313,25.0,3.988832473754883,2.699693441390991,25.0,1924.968843284063,66
523,0.5882084364558298,3.5071311755613848,-1.0999097643476543,25.0,3.988832473754883,2.699855327606201,25.0,1925.203092594631,66
524,0.5876876220869925,3.5069642933932217,-1.0998739329251377,25.0,3.988832473754883,2.699855327606201,25.0,1923.562623492442,66
525,0.6240395281501435,3.5323222364698137,-1.0998982667922974,25.0,3.989642381668091,2.699855327606201,25.0,2042.4996675420552,70
526,0.6117991355311773,3.5306122793870816,-1.0999065216849833,25.0,3.9894802570343018,2.699855327606201,25.0,2002.4220285834745,68
527,0.6002934137942307,3.5188366192490306,-1.0999339125049648,25.0,3.989318370819092,2.699855327606201,25.0,1964.7191483024508,67
528,0.5911290959571017,3.512297110124068,-1.0999097643476543,25.0,3.989156484603882,2.699855327606201,25.0,1934.7660398054868,66
529,0.5837980192917235,3.5101389518150916,-1.099904465675354,25.0,3.989156484603882,2.699693441390991,25.0,1910.7787814522162,65
530,0.5788916557173411,3.500624939111563,-1.0998764771681566,25.0,3.9889943599700928,2.699855327606201,25.0,1894.7658278038725,65
531,0.5747072072697994,3.506232887506485,-1.0998734161257744,25.0,3.9889943599700928,2.699855327606201,25.0,1881.0787020819262,64
532,0.5729965889689022,3.504129771143198,-1.0999160520732403,25.0,3.988832473754883,2.699855327606201,25.0,1875.4073930885643,64
533,0.5701444896595907,3.4998096749186516,-1.0998791009187698,25.0,3.989156484603882,2.699855327606201,25.0,1866.1260735830292,64
534,0.5855930096010531,3.521429678109976,-1.0999044638413649,25.0,3.989318370819092,2.699855327606201,25.0,1916.6575595429167,65
535,0.5788856477991758,3.5094661419208233,-1.0999100611760066,25.0,3.989156484603882,2.699693441390991,25.0,1894.691241549328,65
536,0.5778995334493058,3.5082176978771504,-1.0999072643426748,25.0,3.989156484603882,2.699693441390991,25.0,1891.4709945926443,65
537,0.5739624999425992,3.5142555870115757,-1.0998535193502903,25.0,3.989156484603882,2.699855327606201,25.0,1878.6743205720559,64
538,0.5677254375707189,3.5106330901857405,-1.0998846954769559,25.0,3.989156484603882,2.699693441390991,25.0,1858.2054760726169,63
539,0.5607198755931302,3.498372032528832,-1.099852932824029,25.0,3.9889943599700928,2.699693441390991,25.0,1835.330506367609,63
540,0.5573228625403741,3.505524842969833,-1.0998464592041508,25.0,3.988832473754883,2.699855327606201,25.0,1824.2212761258706,62
541,0.5546684169029956,3.501579999923706,-1.0998816701673693,25.0,3.9889943599700928,2.699855327606201,25.0,1815.471632199362,62
542,0.5533178722444282,3.4990354853291668,-1.0998669978111022,25.0,3.988832473754883,2.699693441390991,25.0,1811.0810164045542,62
543,0.5508905510450366,3.4945368151510916,-1.0999315477186633,25.0,3.988832473754883,2.699855327606201,25.0,1803.0341462874785,62
544,0.5486117186181795,3.503661120524172,-1.0999262586968843,25.0,3.988670587539673,2.699855327606201,25.0,1795.581159312278,61
545,0.552598216195664,3.500937331107355,-1.0999139431984193,25.0,3.9889943599700928,2.699693441390991,25.0,1808.6436337055638,62
546,0.5852732015147475,3.535359316605788,-1.0999156603446374,25.0,3.989642381668091,2.699855327606201,25.0,1915.5856311609969,65
547,0.5570638266292197,3.511737246667185,-1.0998816682446388,25.0,3.989156484603882,2.699855327606201,25.0,1823.315050159581,62
548,0.5495274314177544,3.506751877362611,-1.0998755595723138,25.0,3.988670587539673,2.699855327606201,25.0,1798.657510398887,61
549,0.5416211637299126,3.488199378623337,-1.099884506131782,25.0,3.988508462905884,2.699855327606201,25.0,1772.7671266812831,61
550,0.5358324156914881,3.489290396372477,-1.09985408782959,25.0,3.988346576690674,2.699693441390991,25.0,1753.861189648509,60
551,0.5311667963117623,3.492411447783648,-1.0998750541169764,25.0,3.988508462905884,2.699693441390991,25.0,1738.5648566754535,59
552,0.3993185628964641,3.4436150550842286,-1.0998783429463705,25.0,3.8624939918518066,2.699855327606201,25.0,1307.0093942712992,45
553,0.5257590875907819,3.483107671899311,-1.0998565544516354,25.0,3.988346576690674,2.699855327606201,25.0,1720.8928892025724,59
554,0.5234792445222918,3.477479829626568,-1.0998781394150297,25.0,3.9881844520568848,2.699693441390991,25.0,1713.3929854491726,59
555,0.5197639387871428,3.482241149606376,-1.0999061526923344,25.0,3.988346576690674,2.699855327606201,25.0,1701.1901918239892,58
556,0.5173514479429068,3.4768318266704163,-1.099862242567128,25.0,3.9881844520568848,2.699855327606201,25.0,1693.362032099627,58
557,0.5214524562950896,3.490094020448882,-1.0998653790046429,25.0,3.988508462905884,2.699855327606201,25.0,1706.783815539442,58
558,0.5187332034702768,3.4838161879572374,-1.0998559696920986,25.0,3.988508462905884,2.699855327606201,25.0,1697.89348497428,58
559,0.5209811602548773,3.4896192715085785,-1.099877924754702,25.0,3.988508462905884,2.699855327606201,25.0,1705.221381352283,58
560,0.5178472036402285,3.4841121969551874,-1.0998936069422756,25.0,3.988346576690674,2.699693441390991,25.0,1694.9402699880302,58
561,0.5101970066058716,3.4767777083212867,-1.0998777046538235,25.0,3.9881844520568848,2.699855327606201,25.0,1669.9251766372472,57
562,0.507892653796234,3.471412750712612,-1.0998681323570119,25.0,3.9881844520568848,2.699855327606201,25.0,1662.393453784287,57
563,0.5045743510494285,3.463888122324358,-1.0998457900264806,25.0,3.9881844520568848,2.699693441390991,25.0,1651.5657616024837,57
564,0.49142749679803,3.4582783092151987,-1.0998507803136652,25.0,3.987698554992676,2.699693441390991,25.0,1608.5328657692298,55
565,0.4880650034070201,3.450285694815896,-1.0998507803136652,25.0,3.987860679626465,2.699855327606201,25.0,1597.5197996748611,55
566,0.483184213168575,3.453609342928286,-1.099860151608785,25.0,3.987536668777466,2.699855327606201,25.0,1581.535548677668,54
567,0.4814583295120648,3.448867157653526,-1.099839939011468,25.0,3.987536668777466,2.699855327606201,25.0,1575.9106961628422,54
568,0.4826613782135264,3.455178070951391,-1.0998534140763458,25.0,3.987860679626465,2.699855327606201,25.0,1579.8325397307053,54
569,0.485554291922263,3.4627577861150107,-1.0998769954398826,25.0,3.987698554992676,2.699693441390991,25.0,1589.2699659150094,54
570,0.48482697796378516,3.460601157612271,-1.0998534140763458,25.0,3.987860679626465,2.699855327606201,25.0,1586.9237317657098,54
571,0.48144199618025113,3.455037090513441,-1.0998803642061021,25.0,3.987860679626465,2.699855327606201,25.0,1575.8013893244788,54
572,0.4776931814653091,3.445246775945028,-1.0998534140763458,25.0,3.987536668777466,2.699855327606201,25.0,1563.5650608828291,54
573,0.472179086440005,3.4452130389663407,-1.0998527148984514,25.0,3.987374782562256,2.699693441390991,25.0,1545.520604015328,53
574,0.46781950069162215,3.433841345445165,-1.0998836058490682,25.0,3.987536668777466,2.699855327606201,25.0,1531.2080320883542,53
575,0.49601025778569324,3.4611173953328813,-1.0998449921607971,25.0,3.988832473754883,2.699693441390991,25.0,1623.535193069838,56
576,0.4816160709956897,3.4556819995244346,-1.099873626673663,25.0,3.988346576690674,2.699855327606201,25.0,1576.379832922481,54
577,0.46931184300237616,3.4373589011858092,-1.0998561472262975,25.0,3.988022565841675,2.699693441390991,25.0,1536.1302235191688,53
578,0.4608735982616704,3.430781153532175,-1.099830998824193,25.0,3.987860679626465,2.699693441390991,25.0,1508.552505100146,52
579,0.45546585358487884,3.4345054345972397,-1.0998405334996242,25.0,3.987860679626465,2.699855327606201,25.0,1490.8342800997198,51
580,0.4506857586183143,3.423297554838891,-1.0998441004285626,25.0,3.987860679626465,2.699855327606201,25.0,1475.178393081762,51
581,0.4467528131414184,3.4294118642807008,-1.0998468112945556,25.0,3.987860679626465,2.699693441390991,25.0,1462.3052846314386,50
582,0.31471647767488015,3.389250761932797,-1.0998803675174713,25.0,3.8592543601989746,2.699855327606201,25.0,1030.0920025054365,36
583,0.4414328575130598,3.418977575302124,-1.0998468112945556,25.0,3.987536668777466,2.699855327606201,25.0,1444.8974049799144,50
584,0.4393840056056739,3.429174520531479,-1.0998422077723913,25.0,3.987860679626465,2.699855327606201,25.0,1438.1944425292313,49
585,0.44045668630096113,3.4179927921295166,-1.0998686408996583,25.0,3.987860679626465,2.699855327606201,25.0,1441.6630555624142,50
586,0.44377273832404457,3.430059757232666,-1.0998468112945556,25.0,3.987860679626465,2.699855327606201,25.0,1452.5538247553632,50
587,0.45143333862911816,3.4429819630641565,-1.0998762027890074,25.0,3.988346576690674,2.699855327606201,25.0,1477.5851807110012,51
588,0.43055209817170426,3.429679796099663,-1.099875311056773,25.0,3.987860679626465,2.699693441390991,25.0,1409.2421318851411,48
589,0.4255025756654775,3.419468785325686,-1.0998525718847911,25.0,3.987860679626465,2.699855327606201,25.0,1392.742200247012,48
590,0.41779305198215877,3.4135578439590777,-1.0998633770232504,25.0,3.987698554992676,2.699855327606201,25.0,1367.4925373466685,47
591,0.418098796796458,3.411159287107752,-1.0998556360285332,25.0,3.987698554992676,2.699855327606201,25.0,1368.5082329744473,47
592,0.4001685160879943,3.4004943741692437,-1.0998500453101263,25.0,3.987212657928467,2.699855327606201,25.0,1309.8215801045299,45
593,0.39651049946241207,3.390124543507894,-1.0998621728685167,25.0,3.987374782562256,2.699693441390991,25.0,1297.8371825320646,45
594,0.38989962392116473,3.390837376767939,-1.0998615297404202,25.0,3.987212657928467,2.699855327606201,25.0,1276.1969527835026,44
595,0.3887246766667173,3.3856395049528643,-1.0998491265557029,25.0,3.987212657928467,2.699693441390991,25.0,1272.371145603247,44
596,0.38632363991333424,3.3806220563975247,-1.0998491265557029,25.0,3.987212657928467,2.699855327606201,25.0,1264.5096202502027,44
597,0.38374742850352356,3.38779018091601,-1.0998397039812664,25.0,3.987212657928467,2.699855327606201,25.0,1256.0877938689664,43
598,0.3855984649422801,3.3752033331177453,-1.0998119170015508,25.0,3.987212657928467,2.699855327606201,25.0,1262.1810835702345,44
599,0.39725088233578293,3.392798890007867,-1.0998055775960287,25.0,3.987374782562256,2.699855327606201,25.0,1300.3216659994796,45
600,0.3948444281624824,3.388727961646186,-1.0998217503229777,25.0,3.987212657928467,2.699855327606201,25.0,1292.43119943887,45
601,0.3964859946329297,3.3925757090250652,-1.099825790193346,25.0,3.987212657928467,2.699855327606201,25.0,1297.8060277029872,45
602,0.40110445749580526,3.4027619891696506,-1.0998136626349555,25.0,3.987374782562256,2.699855327606201,25.0,1312.930540561676,45
603,0.39942256572288687,3.4053895367516414,-1.0997974925571017,25.0,3.987536668777466,2.699855327606201,25.0,1307.4443829758093,45
604,0.38482029172842325,3.391888463219931,-1.0998185512631438,25.0,3.987212657928467,2.699855327606201,25.0,1259.6191894309595,43
605,0.380711125249589,3.3804411610891654,-1.0997847069141478,25.0,3.987212657928467,2.699855327606201,25.0,1246.2131541464478,43
606,0.38249402197934856,3.3800983927970707,-1.0997762458268987,25.0,3.987050771713257,2.699855327606201,25.0,1252.05660023354,43
607,0.37525206676233214,3.381373887970334,-1.0997735261917114,25.0,3.987050771713257,2.699855327606201,25.0,1228.3540051989257,42
608,0.3738777891144505,3.3798814444314864,-1.0998384952545166,25.0,3.987050771713257,2.699855327606201,25.0,1223.7759268460795,42
609,0.3759825059047511,3.3668279481488605,-1.0998185512631438,25.0,3.987212657928467,2.699855327606201,25.0,1230.697610521689,43
610,0.3720764973140288,3.3746944665908813,-1.0998774766921997,25.0,3.986888885498047,2.699693441390991,25.0,1217.8385742176324,42
611,0.37306908120357984,3.377270596367972,-1.0998644828796387,25.0,3.986726760864258,2.699855327606201,25.0,1221.1039402354509,42
612,0.3776059539505873,3.372775726540144,-1.0999031621356343,25.0,3.987050771713257,2.699855327606201,25.0,1235.9164827903733,43
613,0.38233899960263795,3.3883363757022593,-1.099860856699389,25.0,3.987212657928467,2.699855327606201,25.0,1251.4506282042712,43
614,0.3795473593160452,3.38008330589117,-1.0998397039812664,25.0,3.987050771713257,2.699855327606201,25.0,1242.3382619293407,43
615,0.3783848687216683,3.3803884206816206,-1.0999031621356343,25.0,3.987212657928467,2.699855327606201,25.0,1238.4632199630141,43
616,0.37322918106706104,3.3854926427205405,-1.0998558203379314,25.0,3.987212657928467,2.699855327606201,25.0,1221.6354463081807,42
617,0.36769350540174933,3.3684353941962835,-1.0998774766921997,25.0,3.987050771713257,2.699855327606201,25.0,1203.492806719616,42
618,0.36229328242803627,3.370164690948114,-1.0998461013886986,25.0,3.986888885498047,2.699855327606201,25.0,1185.8548221271485,41
619,0.35919300402015214,3.361809276952976,-1.0998860335931546,25.0,3.986888885498047,2.699855327606201,25.0,1175.6673119766638,41
620,0.35577856350665465,3.3691459596157074,-1.0998495399951935,25.0,3.986888885498047,2.699855327606201,25.0,1164.5268361615017,40
621,0.35352180904418523,3.363181304931641,-1.0998631834983825,25.0,3.986726760864258,2.699855327606201,25.0,1157.1207563271746,40
622,0.35131965815042276,3.358143949508667,-1.099867731332779,25.0,3.986726760864258,2.699855327606201,25.0,1149.9177092993632,40
623,0.3494942229665598,3.3540582060813904,-1.099890473484993,25.0,3.986564874649048,2.699855327606201,25.0,1143.9178616823629,40
624,0.3495867530650025,3.3523575007915496,-1.0998631834983825,25.0,3.986888885498047,2.699855327606201,25.0,1144.2458186931908,40
625,0.4045244586374621,3.3827454680981845,-1.0998351055642832,25.0,3.987698554992676,2.699855327606201,25.0,1324.1020466908813,46
626,0.3881828076590176,3.375748173757033,-1.0998532609506086,25.0,3.987860679626465,2.699855327606201,25.0,1270.5876506688073,44
627,0.37600692423768545,3.364198706870855,-1.0998312428940173,25.0,3.987536668777466,2.699855327606201,25.0,1230.7601583022624,43
628,0.36589928940552857,3.371816030362757,-1.0998372275654862,25.0,3.987374782562256,2.699855327606201,25.0,1197.6671601776034,41
629,0.36047013086314195,3.3600670826144334,-1.0998461013886986,25.0,3.987212657928467,2.699693441390991,25.0,1179.8858369598165,41
630,0.35295445419553145,3.358868783712387,-1.0998222529888153,25.0,3.987212657928467,2.699855327606201,25.0,1155.3081524670124,40
631,0.3466181010793378,3.3644118981483655,-1.099834497158344,25.0,3.987212657928467,2.699855327606201,25.0,1134.5585512295365,39
632,0.34613615668601194,3.3590252643976455,-1.0998531549404829,25.0,3.987050771713257,2.699855327606201,25.0,1132.9648721246049,39
633,0.34392621056602135,3.353053031823574,-1.0998205038217397,25.0,3.987212657928467,2.699855327606201,25.0,1125.762015731074,39
634,0.34106944461899774,3.347674718269935,-1.0998111749306703,25.0,3.987212657928467,2.699855327606201,25.0,1116.4183424822986,39
635,0.33873858633968623,3.3593519424137317,-1.0998521729519493,25.0,3.987212657928467,2.699855327606201,25.0,1108.7466387571767,38
636,0.3357535851678377,3.352868764024032,-1.0997899394286306,25.0,3.987050771713257,2.699855327606201,25.0,1099.043588604778,38
637,0.3354016587982453,3.352497941569278,-1.0998090882050364,25.0,3.987050771713257,2.699855327606201,25.0,1097.8718577539548,38
638,0.3394058949696887,3.3455109290587597,-1.099867148277087,25.0,3.987212657928467,2.699855327606201,25.0,1110.9183644941077,39
639,0.3321768787320764,3.350281495797007,-1.0998138753991378,25.0,3.987212657928467,2.699855327606201,25.0,1087.309535109438,38
640,0.3272667036373221,3.3588207347972974,-1.0998511378829543,25.0,3.987212657928467,2.699855327606201,25.0,1071.2002658750862,37
641,0.31414689897121667,3.3514796826574536,-1.099839939011468,25.0,3.987050771713257,2.699855327606201,25.0,1028.2636249428615,36
642,0.3311735054425933,3.3474512100219727,-1.0998761089224565,25.0,3.987050771713257,2.699855327606201,25.0,1083.965869258158,38
643,0.33380158519711695,3.356270200327823,-1.099837811369645,25.0,3.987374782562256,2.699855327606201,25.0,1092.606431197375,38
644,0.3260131283875364,3.35128683012885,-1.0998708041938576,25.0,3.987212657928467,2.699855327606201,25.0,1067.0756808416918,37
645,0.3043856764435339,3.3351901599339078,-1.0998644828796387,25.0,3.987050771713257,2.699855327606201,25.0,996.2953270087019,35
646,0.30236305232279836,3.3475309680489933,-1.099815564997056,25.0,3.987050771713257,2.699855327606201,25.0,989.7173669654876,34
647,0.3008264509047705,3.3429052058388207,-1.0999011712915756,25.0,3.987050771713257,2.699855327606201,25.0,984.6080743186176,34
648,0.3082594401049791,3.3386378492627826,-1.0998748779296874,25.0,3.987050771713257,2.699855327606201,25.0,1008.9669150151312,35
649,0.31626104280925316,3.3414913945727878,-1.099875311056773,25.0,3.987050771713257,2.699855327606201,25.0,1035.154104076326,36
650,0.31888722215655163,3.345594690905677,-1.0998803642061021,25.0,3.987212657928467,2.699855327606201,25.0,1043.7478071535006,36
651,0.319765020617734,3.34966649611791,-1.099860151608785,25.0,3.987212657928467,2.699693441390991,25.0,1046.6383462538943,36
652,0.318150922878062,3.346440566910638,-1.099860151608785,25.0,3.987050771713257,2.699855327606201,25.0,1041.35715566203,36
653,0.31966978523149947,3.3503728840086193,-1.099809620115492,25.0,3.987050771713257,2.699855327606201,25.0,1046.3728089369833,36
654,0.32316725572205574,3.342308321514645,-1.0998708041938576,25.0,3.987212657928467,2.699855327606201,25.0,1057.7634693896398,37
655,0.3277704212441482,3.355988412290006,-1.0998904705047607,25.0,3.987050771713257,2.699855327606201,25.0,1072.810018996708,37
656,0.32678672475194875,3.355651327081629,-1.0998413047275029,25.0,3.987374782562256,2.699855327606201,25.0,1069.6390688465908,37
657,0.32433184228806017,3.348979801745028,-1.099885553927035,25.0,3.987374782562256,2.699855327606201,25.0,1061.5603314507753,37
658,0.31886928453032237,3.3496394952138266,-1.0998803675174713,25.0,3.987212657928467,2.699855327606201,25.0,1043.6854844642803,36
659,0.3140144304392763,3.3373161024517484,-1.0998652047581143,25.0,3.987212657928467,2.699855327606201,25.0,1027.8107508216053,36
660,0.31184509720894565,3.3321329752604165,-1.0998449921607971,25.0,3.987212657928467,2.699855327606201,25.0,1020.7327287383378,36
661,0.31087627034608856,3.3456350462777276,-1.0998281002044679,25.0,3.987212657928467,2.699693441390991,25.0,1017.5763752926141,35
662,0.30833717632655006,3.336610882622855,-1.0998592853546143,25.0,3.987212657928467,2.699855327606201,25.0,1009.2328288853168,35
663,0.3061498466656523,3.336333179473877,-1.099880075454712,25.0,3.987212657928467,2.699855327606201,25.0,1002.0611473815516,35
664,0.2882437597129962,3.330350464040583,-1.0998849615906223,25.0,3.986888885498047,2.699855327606201,25.0,943.43681590911,33
665,0.2818641753688324,3.3319428861141205,-1.0998449921607971,25.0,3.987050771713257,2.699855327606201,25.0,922.5936669837683,32
666,0.27918891373104,3.3235658705234528,-1.099856361746788,25.0,3.986888885498047,2.699855327606201,25.0,913.8260885644704,32
667,0.27723200787526814,3.318570040166378,-1.0998393073678017,25.0,3.986726760864258,2.699855327606201,25.0,907.43787828926,32
668,0.28364634095619945,3.332109935581684,-1.099856361746788,25.0,3.986888885498047,2.699855327606201,25.0,928.4216561801732,32
669,0.2820077366002156,3.3301460072398186,-1.0998279377818108,25.0,3.986888885498047,2.699855327606201,25.0,923.0778333293274,32
670,0.2801565808426992,3.325656332075596,-1.0997995138168335,25.0,3.986888885498047,2.699855327606201,25.0,917.0468156319112,32
671,0.27689346487932703,3.3172691836953163,-1.0998791009187698,25.0,3.986888885498047,2.699855327606201,25.0,906.2969640353695,32
672,0.27332025718354647,3.330560576531195,-1.0998317887706142,25.0,3.987050771713257,2.699855327606201,25.0,894.6408984223381,31
673,0.2730948397278599,3.3247922697374896,-1.0998259205971994,25.0,3.986888885498047,2.699855327606201,25.0,893.9065992580727,31
674,0.270290056591243,3.3217670302237234,-1.0998552614642727,25.0,3.986888885498047,2.699855327606201,25.0,884.7035141447559,31
675,0.20761781167011256,3.3453089892864227,-1.0999511082967122,25.0,3.898127794265747,2.699855327606201,25.0,679.50442407839,24
676,0.21400544236336216,3.355779151916504,-1.099905023574829,25.0,3.986888885498047,2.699855327606201,25.0,700.4412647280842,25
677,0.20858987815365665,3.3624645471572876,-1.0999435285727184,25.0,3.987212657928467,2.699855327606201,25.0,682.6916472082958,24
678,0.20597594622047638,3.3531916538874307,-1.0999132096767426,25.0,3.987212657928467,2.699855327606201,25.0,674.1604917952791,24
679,0.2049220642013483,3.351005027691523,-1.0999435285727184,25.0,3.987212657928467,2.699693441390991,25.0,670.6917966688052,24
680,0.20112508084484132,3.366182026655778,-1.0999062890591829,25.0,3.987212657928467,2.699855327606201,25.0,658.2858050549403,23
681,0.19622825511293987,3.3478509446848994,-1.0998904705047607,25.0,3.987050771713257,2.699855327606201,25.0,642.2679963279516,23
682,0.19226395532984644,3.361056522889571,-1.0998739329251377,25.0,3.987212657928467,2.699855327606201,25.0,629.3000787422061,22
683,0.19006570605307457,3.352685494856401,-1.0998491265557029,25.0,3.986888885498047,2.699855327606201,25.0,622.1168243214488,22
684,0.1880452765052736,3.345035964792425,-1.099865664135326,25.0,3.987050771713257,2.699855327606201,25.0,615.4896655548364,22
685,0.1858867682345997,3.3368563652038574,-1.0998739329251377,25.0,3.986888885498047,2.699855327606201,25.0,608.4272047877312,22
686,0.184913770391806,3.3322695710442285,-1.0998491265557029,25.0,3.987050771713257,2.699693441390991,25.0,605.255352800712,22
687,0.18366929144923605,3.3272042924707588,-1.0998822017149492,25.0,3.987050771713257,2.699855327606201,25.0,601.1619111243635,22
688,0.18241390726893303,3.3520414375123524,-1.0998818079630535,25.0,3.986888885498047,2.699855327606201,25.0,597.0523635381833,21
689,0.18184728025965607,3.3499743597848073,-1.0998384952545166,25.0,3.987050771713257,2.699855327606201,25.0,595.2222823183984,21
690,0.18107054853200186,3.3473750977289107,-1.0998558203379314,25.0,3.986888885498047,2.699855327606201,25.0,592.6771344253793,21
691,0.14216416866481485,3.310405871447395,-1.099836966570686,25.0,3.8710784912109375,2.699693441390991,25.0,465.33570554759353,17
692,0.17456820523957658,3.320973589306786,-1.099873145421346,25.0,3.986726760864258,2.699855327606201,25.0,571.3809476261958,21
693,0.17567559115978618,3.3234108856746127,-1.0999077955881755,25.0,3.986726760864258,2.699693441390991,25.0,574.9901985665783,21
694,0.17553672930910502,3.322894119081043,-1.0998471577962239,25.0,3.986726760864258,2.699693441390991,25.0,574.5683533325791,21
695,0.1766216705214732,3.3282623631613597,-1.0998471577962239,25.0,3.986888885498047,2.699693441390991,25.0,578.1151067502797,21
696,0.17863213700706015,3.3334146227155412,-1.0998904705047607,25.0,3.987050771713257,2.699693441390991,25.0,584.6775498902425,21
697,0.180860502300472,3.344228210903349,-1.0998818079630535,25.0,3.986888885498047,2.699855327606201,25.0,591.9741757046431,21
698,0.18477706277021147,3.3295528780330312,-1.0998656695539302,25.0,3.987212657928467,2.699693441390991,25.0,604.8021516948938,22
699,0.18329332387139052,3.3557282288869223,-1.0998384952545166,25.0,3.987212657928467,2.699855327606201,25.0,599.9586102580652,21
700,0.18395014274507163,3.3259747353467075,-1.0998822017149492,25.0,3.987050771713257,2.699855327606201,25.0,602.0835635764524,22
701,0.18147357286353652,3.3510156245458695,-1.0998038450876872,25.0,3.987050771713257,2.699693441390991,25.0,594.0212585916743,21
702,0.18257952993752258,3.352851322719029,-1.0998558203379314,25.0,3.987050771713257,2.699855327606201,25.0,597.6148497816175,21
703,0.17992489620495575,3.3444904599870955,-1.0999077955881755,25.0,3.987050771713257,2.699855327606201,25.0,588.8963067643344,21
704,0.17931234838420845,3.342431079773676,-1.099899133046468,25.0,3.987050771713257,2.699855327606201,25.0,586.896369419992,21
705,0.17382254489816826,3.349575638771057,-1.0998995661735536,25.0,3.987050771713257,2.699855327606201,25.0,568.9279508665204,20
706,0.17330174097641807,3.346903049945831,-1.0998631834983825,25.0,3.986726760864258,2.699855327606201,25.0,567.2379728006199,20
707,0.17110670999715696,3.338877332210541,-1.0998358964920043,25.0,3.987050771713257,2.699855327606201,25.0,560.0686642499641,20
708,0.1341940845340337,3.311989888548851,-1.099856361746788,25.0,3.8712403774261475,2.699693441390991,25.0,439.2426579752937,16
709,0.16801322867385826,3.3260977029800416,-1.099917757511139,25.0,3.986888885498047,2.699855327606201,25.0,549.8971713287756,20
710,0.16687692148435052,3.321360003948212,-1.0998631834983825,25.0,3.986888885498047,2.699855327606201,25.0,546.2094490360469,20
711,0.16694182412299408,3.321084666252136,-1.0998722791671753,25.0,3.986726760864258,2.699693441390991,25.0,546.4124575201422,20
712,0.16665836481924912,3.3201776266098024,-1.0998449921607971,25.0,3.987050771713257,2.699855327606201,25.0,545.506511840038,20
713,0.16546290651742834,3.3152698516845702,-1.0998904705047607,25.0,3.986888885498047,2.699855327606201,25.0,541.568892034702,20
714,0.16489107582759896,3.344795728984632,-1.0998713217283551,25.0,3.986564874649048,2.699693441390991,25.0,539.7096239328384,19
715,0.16412873200028766,3.341914327521073,-1.0998808961165578,25.0,3.986726760864258,2.6992075443267822,25.0,537.2095143152401,19
716,0.16324509729729753,3.3388453533774927,-1.0998425985637463,25.0,3.986726760864258,2.699855327606201,25.0,534.334705828689,19
717,0.1625063543800804,3.3359384034809314,-1.0998138753991378,25.0,3.986888885498047,2.699855327606201,25.0,531.9284815164283,19
718,0.16203198899364257,3.3336281399977836,-1.0998330241755436,25.0,3.986564874649048,2.699693441390991,25.0,530.3658007811755,19
719,0.16082392761755898,3.3293060628991378,-1.0998713217283551,25.0,3.986888885498047,2.699855327606201,25.0,526.397490859963,19
720,0.1613120771863191,3.3318208644264624,-1.0998425985637463,25.0,3.986888885498047,2.699855327606201,25.0,528.006814119406,19
721,0.16435066980167176,3.343005531712582,-1.0998904705047607,25.0,3.987050771713257,2.699855327606201,25.0,537.9282881645486,19
722,0.16663263529424205,3.320558249950409,-1.09985408782959,25.0,3.986888885498047,2.699855327606201,25.0,545.4152763988823,20
723,0.16489765252979094,3.3488621084313643,-1.0998425985637463,25.0,3.986888885498047,2.699855327606201,25.0,539.7410807861015,19
724,0.1701538426869339,3.3356297969818116,-1.09985408782959,25.0,3.987050771713257,2.699855327606201,25.0,556.9438113365322,20
725,1.1448199991038999,3.6524905435582427,-1.100038525906015,25.0,4.0774312019348145,2.699369430541992,25.0,3746.5543437460437,376
726,1.134450415314157,3.643822045553298,-1.0999929810327196,25.0,4.027867794036865,2.699693441390991,25.0,3712.773013590835,126
727,1.1339578166049968,3.64586597586435,-1.0999669905692813,25.0,4.029487609863281,2.699531316757202,25.0,3711.2576315030456,126
728,1.1328843907143618,3.644724452306354,-1.0999742084079318,25.0,4.02997350692749,2.699531316757202,25.0,3707.7102354243398,126
729,1.1299742141799098,3.6582271556854247,-1.0999865245819092,25.0,4.032079219818115,2.699693441390991,25.0,3698.1530613740906,125
730,1.1296376203873848,3.6639882049560546,-1.099979248046875,25.0,4.039206027984619,2.699855327606201,25.0,3697.063222428784,125
731,1.1254354637645205,3.660402780532837,-1.0999792461395264,25.0,4.041149616241455,2.699855327606201,25.0,3683.311942369677,125
732,1.1157763893175539,3.649579773026128,-1.0999608885857366,25.0,4.031107425689697,2.699369430541992,25.0,3651.758612633683,124
733,1.1125046840890758,3.654573903820379,-1.099955548115862,25.0,4.031754970550537,2.699531316757202,25.0,3641.071035743691,123
734,1.1100515226136034,3.6533887405705645,-1.0999599850274684,25.0,4.032565116882324,2.699855327606201,25.0,3633.024333276786,123
735,1.106473835462991,3.648727095224024,-1.0999481513248226,25.0,4.031431198120117,2.699531316757202,25.0,3621.351803690195,123
736,1.1116757094689782,3.6631663485271173,-1.0999658980020663,25.0,4.037262439727783,2.699531316757202,25.0,3638.326525423676,123
737,1.1130904449250483,3.6601145075213526,-1.099971160773308,25.0,4.040825843811035,2.699693441390991,25.0,3642.9385773427784,124
738,1.1132117339428782,3.6620346673073305,-1.099987296327468,25.0,4.042607307434082,2.699693441390991,25.0,3643.2840761151165,124
739,1.1130367596334372,3.6633017082368173,-1.0999931673849783,25.0,4.0435791015625,2.699855327606201,25.0,3642.6938925469294,124
740,1.112606090879734,3.663818984262405,-1.0999887662549173,25.0,4.044227123260498,2.699693441390991,25.0,3641.3017878253013,124
741,1.1123008269193528,3.66468761620983,-1.099977029908088,25.0,4.045361042022705,2.6992075443267822,25.0,3640.3342695059255,124
742,1.112088798972764,3.665556263539099,-1.099984364163491,25.0,4.046332836151123,2.699369430541992,25.0,3639.6169606782496,124
743,1.1114433872516964,3.673404842857423,-1.0999910443778929,25.0,4.046656608581543,2.699693441390991,25.0,3637.4761906396598,123
744,1.1106860071317644,3.67310856028301,-1.0999940013497826,25.0,4.046980381011963,2.699855327606201,25.0,3634.992152758874,123
745,1.110032022079491,3.673050628445013,-1.0999895634689951,25.0,4.047304630279541,2.699693441390991,25.0,3632.86788613908,123
746,1.109382833501521,3.6728978602866817,-1.0999895644381763,25.0,4.047628402709961,2.699855327606201,25.0,3630.740643804893,123
747,1.108955148003607,3.673232351861349,-1.0999762507958142,25.0,4.048276424407959,2.699855327606201,25.0,3629.384596562013,123
748,1.1086730451166253,3.6735786810153868,-1.0999910443778929,25.0,4.048762321472168,2.699693441390991,25.0,3628.4168991819024,123
749,1.1078508677181667,3.6729334389291157,-1.0999940023189638,25.0,4.048762321472168,2.699855327606201,25.0,3625.713814372197,123
750,1.1071809821780303,3.672400102382753,-1.099995480320318,25.0,4.049086093902588,2.699693441390991,25.0,3623.5109135815874,123
751,1.1066034857453737,3.6722657758045973,-1.1000073101462386,25.0,4.049410343170166,2.699531316757202,25.0,3621.5890171527863,123
752,1.0962005592223232,3.659340563367625,-1.0999635360280022,25.0,4.041473388671875,2.699531316757202,25.0,3587.68442054186,122
753,1.092236666222984,3.6610081708135684,-1.0999686501242898,25.0,4.038395881652832,2.699855327606201,25.0,3574.698119621724,121
754,1.0899227431601024,3.6578262719241055,-1.0999596286411129,25.0,4.037100315093994,2.699855327606201,25.0,3567.1505356719717,121
755,1.088266438073787,3.6557688240177377,-1.0999506091283373,25.0,4.036776542663574,2.699855327606201,25.0,3561.7597935972735,121
756,1.0861796743859058,3.6522696806379584,-1.0999566227936548,25.0,4.034994602203369,2.699369430541992,25.0,3554.915638192557,121
757,1.0942748242152136,3.662761899291492,-1.0999829212173087,25.0,4.043093204498291,2.699369430541992,25.0,3581.31468255911,122
758,1.0955833208583008,3.665988093516866,-1.0999739727035898,25.0,4.045198917388916,2.699855327606201,25.0,3585.6292641256005,122
759,1.0860125558172147,3.6548050139561172,-1.099949104726807,25.0,4.037586212158203,2.699693441390991,25.0,3554.3854841180146,121
760,1.0822025677726468,3.655740068356196,-1.0999541441599527,25.0,4.034670829772949,2.699531316757202,25.0,3541.8995166793466,120
761,1.0817293692496495,3.657034502426783,-1.0999435285727184,25.0,4.034994602203369,2.699693441390991,25.0,3540.3846888998523,120
762,1.0802295768135244,3.6549356122811636,-1.0999480774005255,25.0,4.034670829772949,2.699693441390991,25.0,3535.462207114324,120
763,1.0808439899859745,3.656487842400869,-1.0999480764071146,25.0,4.03450870513916,2.699693441390991,25.0,3537.4780736668035,120
764,1.0878240934723564,3.6645166696595752,-1.0999791769941976,25.0,4.042121410369873,2.699693441390991,25.0,3560.2204045308754,121
765,1.0888046045271667,3.6671738309308517,-1.0999716569569484,25.0,4.043741226196289,2.699531316757202,25.0,3563.4561219140887,121
766,1.0787480224191124,3.6543957074483235,-1.0999526272217433,25.0,4.035642623901367,2.699531316757202,25.0,3530.603170916438,120
767,1.0770581044032936,3.652086253960927,-1.0999389817317327,25.0,4.03418493270874,2.699531316757202,25.0,3525.1184131726623,120
768,1.0766684931593395,3.652399394909541,-1.099943529566129,25.0,4.034670829772949,2.699693441390991,25.0,3523.821752490476,120
769,1.07598212369948,3.6602065963905397,-1.0999302172861178,25.0,4.03483247756958,2.699855327606201,25.0,3521.6189923128113,119
770,1.0747026116193668,3.6574067829035912,-1.0999546752256506,25.0,4.033213138580322,2.699531316757202,25.0,3517.3528270395473,119
771,1.082486520384331,3.6674844364325208,-1.0999662687381109,25.0,4.041149616241455,2.699531316757202,25.0,3542.7974912496284,120
772,1.083864784909269,3.6705025096734363,-1.0999708165725073,25.0,4.04325532913208,2.699531316757202,25.0,3547.283970135264,120
773,1.0754651487649258,3.661319993123287,-1.0999439744388355,25.0,4.036290168762207,2.699531316757202,25.0,3519.8851650273427,119
774,1.0740698430858706,3.6596621485317455,-1.099953149547096,25.0,4.035318374633789,2.699855327606201,25.0,3515.291032324545,119
775,1.072979917389431,3.658242504135901,-1.0999470348117732,25.0,4.035156726837158,2.699855327606201,25.0,3511.7440869910643,119
776,1.0719110960003384,3.6569140818940493,-1.0999455051261837,25.0,4.034994602203369,2.699693441390991,25.0,3508.244210973382,119
777,1.069728109672755,3.651778577756481,-1.1000632278057707,25.0,4.032402992248535,2.699693441390991,25.0,3500.7277292991057,119
778,1.0546879197888719,3.6468365335056925,-1.0998842512440479,25.0,4.022360801696777,2.699693441390991,25.0,3452.069503366016,117
779,1.0544265647850304,3.648603003249209,-1.099867148277087,25.0,4.026410102844238,2.699693441390991,25.0,3451.2711661998183,117
780,1.0537489312151065,3.6480506322322745,-1.09986714929597,25.0,4.027058124542236,2.699693441390991,25.0,3449.0523900575936,117
781,1.0591523263896434,3.653380553601152,-1.0998997203374312,25.0,4.032402992248535,2.699855327606201,25.0,3466.6343784295022,118
782,1.0602542959419172,3.656518435074111,-1.099895095421096,25.0,4.03450870513916,2.699693441390991,25.0,3470.2609419450164,118
783,1.0550899747358669,3.653362496286376,-1.0998749233718612,25.0,4.033051013946533,2.699855327606201,25.0,3453.4127503242344,117
784,1.052139875026088,3.6472573871286507,-1.0999013552298913,25.0,4.027544021606445,2.699855327606201,25.0,3443.6774906571954,117
785,1.052015446865553,3.6475993201263948,-1.0999588833914862,25.0,4.028353691101074,2.699531316757202,25.0,3443.084072932601,117
786,1.0515709944395697,3.647330758918045,-1.0999402245904646,25.0,4.028677463531494,2.699531316757202,25.0,3441.6933873239905,117
787,1.0488642324627029,3.6496634565550705,-1.0999312452201186,25.0,4.02576208114624,2.699855327606201,25.0,3432.8611288433895,116
788,1.0555105830839395,3.6581898367303047,-1.0999464448700604,25.0,4.032240867614746,2.699693441390991,25.0,3454.572377583012,117
789,1.0570340291927158,3.653653720677909,-1.0999490537885892,25.0,4.03483247756958,2.699693441390991,25.0,3459.5428208131343,118
790,0.9447654731422717,3.630746757416498,-1.0999597731090727,25.0,3.9507689476013184,2.699369430541992,25.0,3092.0781626552343,105
791,1.04714428588351,3.6478147383393913,-1.0999234030986655,25.0,4.025924205780029,2.699531316757202,25.0,3427.2551636677235,116
792,1.0471206238882573,3.6488745397534865,-1.0999437899425113,25.0,4.026410102844238,2.699855327606201,25.0,3427.1146891629323,116
793,1.0468972416628293,3.6501144417401017,-1.0999249713174228,25.0,4.027544021606445,2.699693441390991,25.0,3426.4436127357185,116
794,1.0442590260551863,3.6439595016939887,-1.0999186984423934,25.0,4.025600433349609,2.699693441390991,25.0,3417.821555114351,116
795,1.047585316757821,3.6514605078203926,-1.099910858376273,25.0,4.023008823394775,2.699531316757202,25.0,3428.7418608544394,116
796,1.0522863014142965,3.6552037173866205,-1.0999526631118905,25.0,4.032726764678955,2.699693441390991,25.0,3443.994683221914,117
797,0.9402236829605106,3.623683200563703,-1.0999407132466634,25.0,3.9481773376464844,2.699531316757202,25.0,3077.265248287469,105
798,1.0433442977150453,3.6434470620648614,-1.0999343816576332,25.0,4.02576208114624,2.699693441390991,25.0,3414.7869175141677,116
799,1.0420927661666715,3.640830372941905,-1.0999390863139054,25.0,4.023980617523193,2.699855327606201,25.0,3410.6770227048546,116
800,1.0423546725061106,3.642539453917536,-1.0999139948137875,25.0,4.024952411651611,2.699693441390991,25.0,3411.6149755893275,116
801,1.0404738610319566,3.647228234747182,-1.0999157812284386,25.0,4.025114059448242,2.699693441390991,25.0,3405.4431188711897,115
802,1.0385049466003982,3.642850765974625,-1.0999205257581628,25.0,4.021551132202148,2.699855327606201,25.0,3398.9896847978234,115
803,1.0471879083237057,3.655861692181949,-1.099937518095148,25.0,4.030945301055908,2.699693441390991,25.0,3427.353276245296,116
804,1.0481909199011932,3.650055221003345,-1.0999511082967122,25.0,4.032402992248535,2.699531316757202,25.0,3430.6040975935757,117
805,1.049961876170103,3.654183452964848,-1.0999666595051432,25.0,4.034022808074951,2.699693441390991,25.0,3436.3392963232473,117
806,1.0512025224798667,3.6574616513700566,-1.0999464438511775,25.0,4.035804271697998,2.699531316757202,25.0,3440.4688969980925,117
807,1.052072195227991,3.6596032961820946,-1.0999759873773298,25.0,4.036938190460205,2.699855327606201,25.0,3443.2163613550365,117
808,1.0526573133262178,3.6611690195197735,-1.0999790949699206,25.0,4.037909984588623,2.699855327606201,25.0,3445.123433003202,117
809,1.0531625359107704,3.662536804492657,-1.0999448890359993,25.0,4.038558006286621,2.699693441390991,25.0,3446.890077569522,117
810,1.0539835347369821,3.6643143311525,-1.0999790980265691,25.0,4.039529800415039,2.699369430541992,25.0,3449.4690104806796,117
811,1.0540572403380974,3.664584290268075,-1.0999868751591086,25.0,4.039691925048828,2.699693441390991,25.0,3449.6758253145963,117
812,1.0542505987486785,3.665261250275832,-1.0999573275574253,25.0,4.040177822113037,2.699693441390991,25.0,3450.4072900069878,117
813,1.0545096631490405,3.6658412921123014,-1.0999884258987558,25.0,4.040663719177246,2.699855327606201,25.0,3451.1576479952782,117
814,1.0546439518876265,3.666313371087751,-1.0999884258987558,25.0,4.040987491607666,2.699693441390991,25.0,3451.59547783155,117
815,1.0547390233899594,3.666727310571915,-1.0999837624721038,25.0,4.041149616241455,2.699855327606201,25.0,3451.9240113366395,117
816,1.0548990656902564,3.667134321652926,-1.1000070857186603,25.0,4.041311740875244,2.699369430541992,25.0,3452.3774782447144,117
817,1.0548896866934867,3.6673073748238068,-1.0999868710835774,25.0,4.041635513305664,2.699531316757202,25.0,3452.408890778199,117
818,1.0548706239743324,3.6674582734067216,-1.099975985339564,25.0,4.041797637939453,2.699693441390991,25.0,3452.3778431117535,117
819,1.0478957807731215,3.6600394618922265,-1.0999735871265675,25.0,4.041635513305664,2.699855327606201,25.0,3429.5579864382744,116
820,1.0403285205928634,3.642367700050617,-1.0999469274076923,25.0,4.027867794036865,2.699531316757202,25.0,3404.881774755195,116
821,1.039851313572618,3.650367682913075,-1.0999537447224492,25.0,4.027544021606445,2.699693441390991,25.0,3403.2879997193813,115
822,1.0391738689292151,3.649157820577207,-1.0999616539996604,25.0,4.027058124542236,2.699531316757202,25.0,3401.0535409525037,115
823,1.0369852391786296,3.6447521748750105,-1.0999490001927252,25.0,4.025924205780029,2.699693441390991,25.0,3393.9283221233636,115
824,1.044665484712757,3.6555307569174933,-1.099970451716719,25.0,4.031269073486328,2.699855327606201,25.0,3418.9952087495476,116
825,1.0474588183744704,3.6622093381552863,-1.0999610403488422,25.0,4.035804271697998,2.699855327606201,25.0,3428.169453985989,116
826,1.045265798436081,3.659825826513356,-1.1000222049910446,25.0,4.036938190460205,2.699693441390991,25.0,3420.7943174885586,116
827,1.035524649219068,3.6422902003578517,-1.100010697737984,25.0,4.025114059448242,2.699855327606201,25.0,3388.959509990178,115
828,1.0440475379456706,3.6441144984343956,-1.099874788317187,25.0,4.026247978210449,2.699693441390991,25.0,3417.271862398833,116
829,1.0457176375458113,3.6473790756587325,-1.099921834879908,25.0,4.024142265319824,2.699855327606201,25.0,3422.585256567225,116
830,1.051319591767628,3.655387856002547,-1.0999013542110085,25.0,4.03450870513916,2.699855327606201,25.0,3440.9957074299455,117
831,1.052080854686039,3.658375342686971,-1.099923121623504,25.0,4.036128520965576,2.699531316757202,25.0,3443.419333742,117
832,1.0394915123823285,3.6455493678217348,-1.099899961637414,25.0,4.025600433349609,2.699855327606201,25.0,3402.2875469224527,115
833,1.0394642481347223,3.6461789504341455,-1.0998746519503386,25.0,4.024142265319824,2.699693441390991,25.0,3402.2714034644887,115
834,1.039854045969435,3.648907124477884,-1.0998857249384342,25.0,4.02576208114624,2.699531316757202,25.0,3403.5062045240775,115
835,1.0386498417139254,3.6459338789400846,-1.0998920533968055,25.0,4.02543830871582,2.699693441390991,25.0,3399.5536798276007,115
836,1.0382864831609884,3.6442197737486466,-1.0999015434928563,25.0,4.023008823394775,2.699693441390991,25.0,3398.33405899629,115
837,1.0462860296534011,3.657911479473114,-1.0999014500913948,25.0,4.032565116882324,2.699531316757202,25.0,3424.51095171459,116
838,1.047599494467721,3.6614888413199065,-1.0999234030986655,25.0,4.035156726837158,2.699693441390991,25.0,3428.7470863349736,116
839,1.0380613086595025,3.647224019921344,-1.0998904705047607,25.0,4.026572227478027,2.699855327606201,25.0,3397.6343411793932,115
840,1.0361822673158592,3.6434902046037756,-1.099903126384901,25.0,4.024466514587402,2.699855327606201,25.0,3391.4435140099376,115
841,1.0360444422202995,3.643438071789949,-1.0998936342156451,25.0,4.024628162384033,2.699855327606201,25.0,3391.0218402585015,115
842,1.0357491358696571,3.643291597780974,-1.099884143082992,25.0,4.025114059448242,2.699855327606201,25.0,3390.084338885732,115
843,1.032794370146719,3.636456365170686,-1.0999442546263984,25.0,4.022198677062988,2.699855327606201,25.0,3380.2245884183794,115
844,1.0422695025207516,3.6524881987736144,-1.0999814292480206,25.0,4.030783176422119,2.699855327606201,25.0,3411.1202090401202,116
845,1.0442472970590517,3.657598707182654,-1.0999829984944443,25.0,4.033860683441162,2.699855327606201,25.0,3417.5908684367314,116
846,1.0360696832336667,3.64597892968551,-1.0999616550362628,25.0,4.028191566467285,2.699531316757202,25.0,3390.8978372039273,115
847,1.0324139615615342,3.6373591858407726,-1.0999664006025895,25.0,4.022846698760986,2.699693441390991,25.0,3378.912379970774,115
848,1.0336214433319613,3.641883149354354,-1.0998999626740165,25.0,4.025276184082031,2.699693441390991,25.0,3383.069200538099,115
849,1.0326834601852695,3.6395282040471617,-1.0998651608176853,25.0,4.024142265319824,2.699531316757202,25.0,3380.100251784548,115
850,1.0302375839586704,3.641687041834781,-1.0998505772205822,25.0,4.021389007568359,2.699369430541992,25.0,3372.1465056454763,114
851,1.0386656116179533,3.655584608990213,-1.0998825612275496,25.0,4.029001712799072,2.699855327606201,25.0,3399.6350847035646,115
852,1.0408894376807547,3.6526962477585365,-1.0998857658484886,25.0,4.032565116882324,2.699855327606201,25.0,3406.9025207366794,116
853,0.928107335933469,3.6290003489522102,-1.099894002803321,25.0,3.9473674297332764,2.699693441390991,25.0,3037.7347369231284,103
854,1.0419947930272868,3.6558756581668197,-1.0998889022860034,25.0,4.034670829772949,2.699855327606201,25.0,3410.5127392038703,116
855,1.042467413330383,3.6570681025241982,-1.0998983136538802,25.0,4.035156726837158,2.699531316757202,25.0,3412.0289343111217,116
856,1.043053324865473,3.6586766592387496,-1.0999092891298492,25.0,4.035966396331787,2.699693441390991,25.0,3413.904936484061,116
857,1.0435489674191205,3.660103699256634,-1.0999014480360623,25.0,4.036452293395996,2.699531316757202,25.0,3415.5619886983186,116
858,1.0439046114493482,3.661135566645655,-1.099895176188699,25.0,4.036938190460205,2.699693441390991,25.0,3416.734622091055,116
859,1.0439454353436541,3.6613589833522666,-1.099920267688817,25.0,4.037586212158203,2.699855327606201,25.0,3416.7970820944756,116
860,1.043879437388358,3.66148744163842,-1.0999014480360623,25.0,4.037586212158203,2.699693441390991,25.0,3416.6410619858652,116
861,1.0438269660940755,3.661631265590931,-1.0999234041263317,25.0,4.037748336791992,2.699855327606201,25.0,3416.40670918487,116
862,1.0438586376798475,3.661755539219955,-1.0999077209110917,25.0,4.038072109222412,2.699531316757202,25.0,3416.547741783783,116
863,1.0439820443256096,3.662195382447078,-1.099921834879908,25.0,4.038234233856201,2.699693441390991,25.0,3416.9075779300183,116
864,1.0441499424438188,3.6626938560913347,-1.0999453591889348,25.0,4.038558006286621,2.699369430541992,25.0,3417.3926970511675,116
865,1.0442563952763928,3.6632049042603065,-1.0999406535049965,25.0,4.038881778717041,2.699369430541992,25.0,3417.752190342173,116
866,1.045319662458908,3.666043624795716,-1.0999186994700596,25.0,4.040339946746826,2.699531316757202,25.0,3421.300004666671,116
867,1.0454874932060574,3.6665644419604333,-1.0999234051539981,25.0,4.040987491607666,2.699531316757202,25.0,3421.8319051917642,116
868,1.0350857750245748,3.649666280331819,-1.0999189439027206,25.0,4.031269073486328,2.699693441390991,25.0,3387.8058250639588,115
869,1.0326163147766185,3.644124006188434,-1.0998920533968055,25.0,4.027381896972656,2.699531316757202,25.0,3379.804129112512,115
870,1.0321198057030918,3.643138085240903,-1.0998793975166652,25.0,4.027544021606445,2.699855327606201,25.0,3378.2104178424925,115
871,1.031193867690546,3.6412197652070417,-1.099884143082992,25.0,4.026086330413818,2.699693441390991,25.0,3375.163420030847,115
872,1.0281717178918186,3.6428265446110775,-1.0998777046538235,25.0,4.023008823394775,2.699855327606201,25.0,3365.302906602621,114
873,1.036724631251531,3.656591664189878,-1.0999094538066698,25.0,4.031593322753906,2.699693441390991,25.0,3393.1994279921055,115
874,1.0383770763486826,3.660742394820504,-1.0999347634937453,25.0,4.034346580505371,2.699855327606201,25.0,3398.5292288139462,115
875,1.0314649420069624,3.643247942302538,-1.0998857259750365,25.0,4.031593322753906,2.699693441390991,25.0,3376.0544925369322,115
876,1.0273199469273009,3.6422582132774486,-1.0999574912221808,25.0,4.023008823394775,2.699693441390991,25.0,3362.271670527756,114
877,1.0279734274563075,3.6444320511399653,-1.1000069651687354,25.0,4.023818492889404,2.699531316757202,25.0,3364.256516382098,114
878,1.0313724826357782,3.64325561648921,-1.0999287680575722,25.0,4.021712779998779,2.699693441390991,25.0,3375.615357026458,114
879,1.0391031240470454,3.655747998279074,-1.0999189459759255,25.0,4.02997350692749,2.699855327606201,25.0,3400.9483754131943,115
880,1.0407303220774846,3.652530080285566,-1.0999014480360623,25.0,4.033051013946533,2.699855327606201,25.0,3406.3408627435565,116
881,1.0349536612992671,3.6475916219794233,-1.0998952160710873,25.0,4.033051013946533,2.699855327606201,25.0,3387.4459597896785,115
882,1.0302346379874796,3.6451040966468944,-1.0998761089224565,25.0,4.023656368255615,2.699855327606201,25.0,3372.053325800225,114
883,1.0316759563535745,3.6412549703017527,-1.0998967979265295,25.0,4.025276184082031,2.699855327606201,25.0,3376.7104105576873,115
884,1.0310345941003065,3.649244339842545,-1.0998808961165578,25.0,4.025924205780029,2.699693441390991,25.0,3374.663455635309,114
885,0.9097942236667292,3.613604739160821,-1.0998796637695614,25.0,3.9342477321624756,2.699693441390991,25.0,2977.840208262205,101
886,1.0325661069156618,3.6458535940750787,-1.0999141993729964,25.0,4.024790287017822,2.699693441390991,25.0,3379.5727958083153,115
887,1.0367344172713204,3.6572888332864513,-1.0999047082403433,25.0,4.033051013946533,2.699531316757202,25.0,3393.247716965154,115
888,1.0378885313740276,3.660511381729789,-1.0999062921689904,25.0,4.03483247756958,2.699855327606201,25.0,3397.015211030841,115
889,1.0282436171257052,3.6448753319288554,-1.0998617483858477,25.0,4.025276184082031,2.699855327606201,25.0,3365.5853942576796,114
890,1.0283520305363043,3.646033299596686,-1.099860151608785,25.0,4.024952411651611,2.699693441390991,25.0,3365.944851834327,114
891,1.0278196144837486,3.645514728730185,-1.0998665345342535,25.0,4.025600433349609,2.699855327606201,25.0,3364.179159125313,114
892,1.0276114492972044,3.6451410389783088,-1.0998745131910892,25.0,4.025276184082031,2.699531316757202,25.0,3363.4765628501773,114
893,1.0278221043030318,3.6448597176033153,-1.0998904705047607,25.0,4.024466514587402,2.699531316757202,25.0,3364.1170175373554,114
894,1.035327831353018,3.6575818165488867,-1.0998746519503386,25.0,4.034346580505371,2.699855327606201,25.0,3388.732693007216,115
895,1.0365503206890738,3.6605733664139457,-1.0998809793721074,25.0,4.036452293395996,2.699693441390991,25.0,3392.7189901061356,115
896,1.0280991777084372,3.647734020885668,-1.0998585558774179,25.0,4.027544021606445,2.699693441390991,25.0,3365.1178843881935,114
897,1.027640111276589,3.6471330115669653,-1.0998537686833165,25.0,4.02576208114624,2.699855327606201,25.0,3363.633222013712,114
898,1.0281743488781387,3.6486802686724746,-1.0998904715504563,25.0,4.027219772338867,2.699855327606201,25.0,3365.2739867772907,114
899,1.0357905425736578,3.660060681467471,-1.099928435035374,25.0,4.035804271697998,2.699531316757202,25.0,3390.0790879912674,115
900,1.036866859614589,3.6629705657129703,-1.099911035662112,25.0,4.038072109222412,2.699369430541992,25.0,3393.65898989141,115
901,1.0368400314995967,3.662974790904833,-1.0999031253482985,25.0,4.037748336791992,2.699531316757202,25.0,3393.5968177318573,115
902,1.037014133841115,3.6630776073621667,-1.0999205257581628,25.0,4.037909984588623,2.699855327606201,25.0,3394.112852424383,115
903,1.0371831768347168,3.6636325380076533,-1.0999395100966745,25.0,4.038072109222412,2.699369430541992,25.0,3394.597698215395,115
904,1.0372598075184005,3.6640184589054274,-1.099911035662112,25.0,4.038234233856201,2.699693441390991,25.0,3394.9419700894505,115
905,1.0374864673380262,3.664640992620717,-1.0999189439027206,25.0,4.038558006286621,2.699855327606201,25.0,3395.6611792184412,115
906,1.038383021971987,3.6668071871218473,-1.0999189439027206,25.0,4.039691925048828,2.699693441390991,25.0,3398.5999285802245,115
907,1.0382417960263342,3.6662776200667673,-1.099937926168027,25.0,4.039691925048828,2.699855327606201,25.0,3398.069198202342,115
908,1.0382926975612268,3.6666550760683805,-1.0999284360719763,25.0,4.039853572845459,2.699531316757202,25.0,3398.272491045296,115
909,0.9284532439439475,3.635977747370896,-1.0999328615595994,25.0,3.9553041458129883,2.699693441390991,25.0,3038.759575229138,103
910,1.0379859599612895,3.666415656131247,-1.0999157812284386,25.0,4.039691925048828,2.699855327606201,25.0,3397.303813878447,115
911,1.0380008476093177,3.666636777960736,-1.0999331806017005,25.0,4.040177822113037,2.699693441390991,25.0,3397.3039578218013,115
912,1.0380535218187539,3.6666226843129035,-1.0999426738075588,25.0,4.040339946746826,2.699855327606201,25.0,3397.4450425002724,115
913,1.0379474804499336,3.666650855022928,-1.0999521639036096,25.0,4.040339946746826,2.699693441390991,25.0,3397.0702532567084,115
914,1.0380162296084552,3.6671184726383377,-1.0999426717343537,25.0,4.040663719177246,2.699693441390991,25.0,3397.320472382009,115
915,1.0380202245303036,3.667091697195302,-1.1000122816666313,25.0,4.040825843811035,2.699531316757202,25.0,3397.1176361851394,115
916,1.037914275193238,3.6670325528020444,-1.1000106998111892,25.0,4.040987491607666,2.699855327606201,25.0,3396.773902548477,115
917,1.0378221164738297,3.6669339656829836,-1.100013862485471,25.0,4.040825843811035,2.699531316757202,25.0,3396.4616763554513,115
918,1.0290168668967028,3.6538449274866203,-1.1000069641230399,25.0,4.032402992248535,2.699693441390991,25.0,3367.667455870658,114
919,1.0282223692166421,3.6522649777562997,-1.0999910068093686,25.0,4.029487609863281,2.699369430541992,25.0,3365.120027847588,114
920,1.0272447924385035,3.6505813264010247,-1.0999606837306106,25.0,4.029163837432861,2.699531316757202,25.0,3362.0108822509646,114
921,1.0245601116928162,3.6441308364533542,-1.0998888747733937,25.0,4.026895999908447,2.699693441390991,25.0,3353.4463991802186,114
922,1.0222744180004701,3.646664849424784,-1.099884031093226,25.0,4.023818492889404,2.699693441390991,25.0,3345.977090988308,113
923,1.030078168680549,3.6587182994474445,-1.0999271733719005,25.0,4.032240867614746,2.699531316757202,25.0,3371.3906047195196,114
924,1.0320185374293553,3.6549564485964567,-1.0999458364818406,25.0,4.034994602203369,2.699369430541992,25.0,3377.690048646182,115
925,1.0267544220175229,3.650200548924898,-1.0999112150125336,25.0,4.032888889312744,2.699855327606201,25.0,3360.558048238978,114
926,1.022084830278298,3.6466963818642943,-1.0999580843258747,25.0,4.023980617523193,2.699855327606201,25.0,3345.133353576064,113
927,1.0223823466038424,3.640894233134755,-1.099931960566002,25.0,4.024952411651611,2.699855327606201,25.0,3346.181499226019,114
928,1.105086569551339,3.654368478108228,-1.0999644219390745,25.0,4.037586212158203,2.699693441390991,25.0,3616.773755956441,123
929,1.1025814332143307,3.6599805003306907,-1.0999754667282104,25.0,4.035642623901367,2.699531316757202,25.0,3608.524133006111,122
930,1.105912466550476,3.6648624602372086,-1.0999969592908534,25.0,4.044064998626709,2.699369430541992,25.0,3619.356388276443,123
931,1.1055486639604746,3.666634937612022,-1.1000191448180656,25.0,4.045684814453125,2.699693441390991,25.0,3618.095112072304,123
932,1.0971679883800556,3.6563878977885014,-1.0999784479375745,25.0,4.038558006286621,2.699693441390991,25.0,3590.8059653360397,122
933,0.9808440866136312,3.627242980747048,-1.0999588999179526,25.0,3.9507689476013184,2.699693441390991,25.0,3210.1545220743865,109
934,1.093185011370161,3.660306733501844,-1.0999626364589723,25.0,4.037100315093994,2.699855327606201,25.0,3577.8208325766027,121
935,1.091043509281113,3.6578610790662527,-1.099977670622266,25.0,4.036614418029785,2.699693441390991,25.0,3570.7587054912,121
936,1.0841844978782362,3.651037472486496,-1.0999465624491374,25.0,4.029811382293701,2.699693441390991,25.0,3548.412688821554,120
937,1.0862383794027923,3.651213492243743,-1.0999611340278437,25.0,4.033536911010742,2.699531316757202,25.0,3555.0890358220786,121
938,1.0844374036544204,3.657529862721761,-1.099949594338735,25.0,4.033860683441162,2.699531316757202,25.0,3549.229178354144,120
939,1.0782512060334974,3.64471515417099,-1.099946563442548,25.0,4.028839588165283,2.699693441390991,25.0,3528.990906998515,120
940,1.0768937531895697,3.6521365642547607,-1.0999378607052714,25.0,4.028839588165283,2.699693441390991,25.0,3524.568946659565,119
941,1.0753113281046986,3.651076256727972,-1.0999134007622213,25.0,4.029001712799072,2.699855327606201,25.0,3519.4752064831555,119
942,1.0743135734952691,3.6507917832927546,-1.09988894182093,25.0,4.028839588165283,2.699369430541992,25.0,3516.287938216701,119
943,1.0709501155090817,3.6442162429585174,-1.099862954195808,25.0,4.02576208114624,2.699693441390991,25.0,3505.3660354092717,119
944,1.0725527080821418,3.65039026035982,-1.0998690689311308,25.0,4.029163837432861,2.699693441390991,25.0,3510.584667293355,119
945,1.0719855674777607,3.6505644762215494,-1.0998904705047607,25.0,4.029325485229492,2.699855327606201,25.0,3508.665768897161,119
946,1.0674742906384942,3.6495673474618946,-1.0998719708394196,25.0,4.026895999908447,2.699855327606201,25.0,3493.9598643872887,118
947,1.06674133186438,3.649858343399177,-1.0998503878965216,25.0,4.026895999908447,2.699693441390991,25.0,3491.6318430788815,118
948,1.066047908559129,3.6496949943445496,-1.0998473046189647,25.0,4.027058124542236,2.699693441390991,25.0,3489.366544606164,118
949,1.0652282642716786,3.649425945039523,-1.0998611793679707,25.0,4.027219772338867,2.699855327606201,25.0,3486.6451540738344,118
950,1.0635683307676513,3.6459229760250804,-1.0998519295353,25.0,4.024790287017822,2.699693441390991,25.0,3481.2415961865336,118
951,1.0658662644401762,3.6530593694266624,-1.0998457629801863,25.0,4.028353691101074,2.699531316757202,25.0,3488.775068566203,118
952,1.0651861308281714,3.6526036343332065,-1.0998519295353,25.0,4.028677463531494,2.699855327606201,25.0,3486.5410823170096,118
953,1.0644248567789871,3.651668863781428,-1.0998673459230843,25.0,4.028677463531494,2.699855327606201,25.0,3483.9940780270845,118
954,1.0639227778262423,3.651592004097114,-1.0998765957557548,25.0,4.028515815734863,2.699855327606201,25.0,3482.3222252503037,118
955,1.0635087698391765,3.651453369754856,-1.0998673459230843,25.0,4.028353691101074,2.699531316757202,25.0,3480.994443943724,118
956,0.9475103628060864,3.6243542330605645,-1.099880075454712,25.0,3.9420223236083984,2.699693441390991,25.0,3101.2818896472454,105
957,0.9468037688392947,3.623326878320603,-1.099880075454712,25.0,3.9421844482421875,2.699855327606201,25.0,3098.968870203942,105
958,1.0617420308292391,3.64976637848353,-1.0998596377291923,25.0,4.029001712799072,2.699531316757202,25.0,3475.244380550459,118
959,1.0609547333406553,3.6486792443162304,-1.0998812216823384,25.0,4.028677463531494,2.699693441390991,25.0,3472.5878052655607,118
960,1.060378405339486,3.6481123354475375,-1.0998596377291923,25.0,4.029163837432861,2.699693441390991,25.0,3470.7753717526793,118
961,1.0598251509256305,3.647368352291948,-1.0998981786986528,25.0,4.028353691101074,2.699855327606201,25.0,3468.8380066286772,118
962,0.9420888249424082,3.617485053198678,-1.099880075454712,25.0,3.9399168491363525,2.699693441390991,25.0,3083.530979381874,105
963,1.0586817929801273,3.64638828221014,-1.0998765957557548,25.0,4.028677463531494,2.699855327606201,25.0,3465.166350260377,118
964,1.0589394389960922,3.647878992355476,-1.0998889288659823,25.0,4.029325485229492,2.699693441390991,25.0,3465.9636926781386,118
965,1.0576323463144601,3.6534164970756597,-1.0998935801351173,25.0,4.028029918670654,2.699855327606201,25.0,3461.681949438527,117
966,1.0569380037124587,3.6526717039254994,-1.0998733675378,25.0,4.028353691101074,2.699693441390991,25.0,3459.463129963726,117
967,1.0558164074785343,3.6516444988739796,-1.0998780319833348,25.0,4.028515815734863,2.699693441390991,25.0,3455.776412123814,117
968,1.0494206190114395,3.6447051373021355,-1.099857537910856,25.0,4.022037029266357,2.699855327606201,25.0,3434.913601471111,116
969,1.0479813613281592,3.642564588579638,-1.0998700846885812,25.0,4.020417213439941,2.699855327606201,25.0,3430.16325750947,116
970,1.0467869867474004,3.6408666701152406,-1.099852833254584,25.0,4.019931316375732,2.699855327606201,25.0,3426.304030476138,116
