cycle,capacity,voltage,current,temperature,max_voltage,min_voltage,max_temperature,discharge_duration_s,num_points
1,1.0031406216136043,3.6469181314245,-1.0998242492074366,25.0,4.023437023162842,2.6995489597320557,25.0,3283.5264706937724,111
2,1.002173082547428,3.645762544494491,-1.0998226200138126,25.0,4.022950649261475,2.699873447418213,25.0,3280.3689117809445,111
3,0.9965722498751325,3.632811518402787,-1.0998047106974833,25.0,4.0185723304748535,2.699873447418213,25.0,3262.086138846964,111
4,1.0062779346927846,3.649065136909485,-1.099772340485028,25.0,4.027004718780518,2.6997110843658447,25.0,3293.9517634985023,112
5,1.0082066916914074,3.6541486212185452,-1.0997449085116386,25.0,4.030085563659668,2.699873447418213,25.0,3300.3443207548844,112
6,1.0015577945907836,3.6467413558616295,-1.0997819180961128,25.0,4.02976131439209,2.6995489597320557,25.0,3278.4799909288995,111
7,0.9954215082426249,3.631831257192938,-1.0998356460451006,25.0,4.017923831939697,2.6997110843658447,25.0,3258.226914825078,111
8,0.9973526830198076,3.637290688248368,-1.0998209940420616,25.0,4.019058704376221,2.699873447418213,25.0,3264.5868834251596,111
9,0.9944298584156829,3.6387719067660247,-1.0998179587450894,25.0,4.017761707305908,2.6995489597320557,25.0,3255.0393096321204,110
10,0.9952567007046906,3.6332234949678988,-1.0998226200138126,25.0,4.018248081207275,2.6995489597320557,25.0,3257.7271169075975,111
11,0.9983638605331838,3.64177131223249,-1.09977540454349,25.0,4.0185723304748535,2.6997110843658447,25.0,3268.0425185370405,111
12,1.0025204889318267,3.652056187122792,-1.0997623838819899,25.0,4.026356220245361,2.6993868350982666,25.0,3281.6856219270558,111
13,1.0040436705651434,3.647155401962144,-1.0997578161103385,25.0,4.028139591217041,2.6995489597320557,25.0,3286.6871441409457,112
14,0.9928793846595931,3.637417110529813,-1.0997916709293019,25.0,4.0184102058410645,2.6995489597320557,25.0,3250.039781119791,110
15,0.9924642334841485,3.6369232524525037,-1.0998228864236312,25.0,4.017436981201172,2.699873447418213,25.0,3248.5864019066794,110
16,0.9945820755048931,3.642567940191789,-1.0998048142953352,25.0,4.018734455108643,2.699873447418213,25.0,3255.5718175638467,110
17,0.992536857698671,3.63886182308197,-1.0996602481061761,25.0,4.018734455108643,2.6995489597320557,25.0,3249.306238208839,110
18,0.9920721816752662,3.638484432480552,-1.0996553247625178,25.0,4.018734455108643,2.6995489597320557,25.0,3247.805670200236,110
19,1.0013253994423754,3.652623006889412,-1.099645167857677,25.0,4.0268425941467285,2.6995489597320557,25.0,3278.123720247473,111
20,1.002669476454373,3.647284243788038,-1.0996110002909387,25.0,4.02976131439209,2.699873447418213,25.0,3282.6255539269187,112
21,0.9931553422950714,3.6412279215725984,-1.0996618975292554,25.0,4.022140026092529,2.699873447418213,25.0,3251.3222893776547,110
22,0.9899391009134959,3.634007302197543,-1.0996651801196011,25.0,4.017112731933594,2.699873447418213,25.0,3240.7892221464135,110
23,0.9889470433826248,3.6326112400401724,-1.099706244468689,25.0,4.017923831939697,2.6997110843658447,25.0,3237.4150307255914,110
24,0.9905649792148798,3.636680011315779,-1.099684889750047,25.0,4.016626358032227,2.6995489597320557,25.0,3242.7747489116737,110
25,0.9989535908613644,3.6383951354671167,-1.0997135392180435,25.0,4.0122480392456055,2.6995489597320557,25.0,3270.153678704228,111
26,0.9915363584240608,3.633298217166554,-1.0997341708703474,25.0,4.0143561363220215,2.6997110843658447,25.0,3245.8092783102766,110
27,1.0008561212879332,3.6498604100029746,-1.0996793583706692,25.0,4.022464275360107,2.6995489597320557,25.0,3276.4834584176424,111
28,1.0028226320729041,3.645862430334091,-1.0996658472078187,25.0,4.026031494140625,2.6997110843658447,25.0,3282.9713848982356,112
29,0.9998742220120203,3.649169397783709,-1.0996809789726325,25.0,4.027166843414307,2.6997110843658447,25.0,3273.267791754799,111
30,0.9894309192974896,3.629239752075889,-1.09971774708141,25.0,4.013707637786865,2.6995489597320557,25.0,3238.9666193066514,110
31,0.989412496471289,3.6299355593594638,-1.0997078895568848,25.0,4.013545036315918,2.6995489597320557,25.0,3238.935187790543,110
32,0.987245982295838,3.625760620290583,-1.0997161041606556,25.0,4.012896537780762,2.6997110843658447,25.0,3231.825844392588,110
33,0.8343597830146071,3.622220886790234,-1.099702960771063,25.0,3.916248321533203,3.222358465194702,25.0,2731.3671176896896,92
34,0.9922671845376505,3.6323620839552446,-1.0998064572160895,25.0,4.0145182609558105,2.6993868350982666,25.0,3247.9947142609744,110
35,0.9910882356780866,3.6309424378655173,-1.0997883861715143,25.0,4.012896537780762,2.699873447418213,25.0,3244.179793048359,110
36,0.8639348673032166,3.5957694351673126,-1.0997914311786492,25.0,3.9173834323883057,2.699873447418213,25.0,2827.954565121152,96
37,0.9988364849428695,3.6434966658686734,-1.0997770348110714,25.0,4.021815299987793,2.6993868350982666,25.0,3269.59062238381,111
38,1.0014403375749097,3.6502168779974586,-1.0997591244207847,25.0,4.026194095611572,2.6993868350982666,25.0,3278.156214960967,111
39,0.9999158748481202,3.649333010922681,-1.0997672660930737,25.0,4.027653217315674,2.6997110843658447,25.0,3273.1410489342525,111
40,0.9878273119481564,3.625986194610596,-1.09977852973071,25.0,4.0145182609558105,2.6995489597320557,25.0,3233.541330376116,110
41,0.9880472103194401,3.6280073122544723,-1.0997883861715143,25.0,4.013869762420654,2.6995489597320557,25.0,3234.2290775536676,110
42,0.986019798455922,3.6328089499692306,-1.0997817111671517,25.0,4.013869762420654,2.6992247104644775,25.0,3227.6195860224543,109
43,0.9851288638991933,3.631568193435669,-1.099786681866427,25.0,4.013707637786865,2.699873447418213,25.0,3224.682339670544,109
44,0.9856074007239959,3.6307306049066947,-1.0997618130587656,25.0,4.009653568267822,2.6993868350982666,25.0,3226.3228690144606,109
45,0.9926652854913295,3.6439890774813564,-1.099744031646035,25.0,4.0205183029174805,2.699873447418213,25.0,3249.4833048216533,110
46,0.9937916411296845,3.6471040660684757,-1.0997144612399015,25.0,4.022302150726318,2.699873447418213,25.0,3253.2497285178397,110
47,0.8596235259798859,3.592264381547769,-1.099748134613037,25.0,3.919977903366089,2.699873447418213,25.0,2813.9548930356978,96
48,0.9787607439510772,3.620582849607555,-1.0997667870390306,25.0,4.0101399421691895,2.6997110843658447,25.0,3203.900100219762,109
49,0.9794125344292792,3.62441225226866,-1.0997303144647441,25.0,4.012085914611816,2.699873447418213,25.0,3206.134977041045,109
50,0.9800135866544172,3.6259118613846804,-1.099740262425274,25.0,4.012085914611816,2.6995489597320557,25.0,3208.0733303589514,109
51,0.978042650301099,3.6216927055918844,-1.0997584981655857,25.0,4.011599540710449,2.6997110843658447,25.0,3201.5725145710167,109
52,0.9844978011937988,3.638567915750206,-1.0997203697852038,25.0,4.015815734863281,2.699873447418213,25.0,3222.810121315997,109
53,0.9874798908208078,3.6377797603607176,-1.0997029586271807,25.0,4.021004676818848,2.6995489597320557,25.0,3232.624246215215,110
54,0.9884274407467146,3.6406426538120615,-1.099712815067985,25.0,4.022302150726318,2.6995489597320557,25.0,3235.7030370595166,110
55,0.9887877912781774,3.6418765609914607,-1.0997276024384932,25.0,4.023274898529053,2.699873447418213,25.0,3236.844144364819,110
56,0.9892516518141262,3.6432667385448108,-1.0997128129005431,25.0,4.023923397064209,2.699873447418213,25.0,3238.3914394748863,110
57,0.9900619373952655,3.645681461420926,-1.0996914646842264,25.0,4.025058746337891,2.699873447418213,25.0,3241.110724559985,110
58,0.9902688648253853,3.646543860435486,-1.099714457988739,25.0,4.025869369506836,2.6997110843658447,25.0,3241.7207905676914,110
59,0.9908200943266801,3.648221503604542,-1.0996996738693932,25.0,4.02651834487915,2.6997110843658447,25.0,3243.5649171434343,110
60,0.9909460516319443,3.6488332856785166,-1.0997013178738682,25.0,4.027328968048096,2.6995489597320557,25.0,3243.971373076085,110
61,0.9911048682017707,3.6493772680109196,-1.0997029597109014,25.0,4.027491092681885,2.6997110843658447,25.0,3244.4873665813357,110
62,0.9906757808448781,3.648764005574313,-1.0996947472745722,25.0,4.027491092681885,2.699873447418213,25.0,3243.1143996410538,110
63,0.9904816768530003,3.6486342733556576,-1.099684889750047,25.0,4.027491092681885,2.6997110843658447,25.0,3242.5055148967076,110
64,0.991658851772138,3.651834761012684,-1.0996947440234097,25.0,4.029274940490723,2.6997110843658447,25.0,3246.332337064552,110
65,0.9908987290900722,3.6500819422981956,-1.0997062466361307,25.0,4.028464317321777,2.699873447418213,25.0,3243.8032817968633,110
66,0.9913804937577287,3.6512259114872325,-1.0997111721472306,25.0,4.0289506912231445,2.6997110843658447,25.0,3245.377756826929,110
67,0.9916628817006032,3.6523743087595157,-1.099688172340393,25.0,4.02976131439209,2.699873447418213,25.0,3246.364705116255,110
68,0.9920637761341413,3.6534327962181785,-1.0996980331160806,25.0,4.030572414398193,2.699873447418213,25.0,3247.64643999876,110
69,0.8785993574959913,3.6176821115065594,-1.0996900553605995,25.0,3.94089674949646,2.699873447418213,25.0,2876.2292106112,98
70,0.9773908772734278,3.627759614122023,-1.0997601572526705,25.0,4.0184102058410645,2.6995489597320557,25.0,3199.4345593935577,109
71,0.974903293449028,3.630397723780738,-1.099751482407252,25.0,4.0145182609558105,2.699873447418213,25.0,3191.3092065696837,108
72,0.977345248611494,3.6291030284461625,-1.0997568412658272,25.0,4.015653610229492,2.6995489597320557,25.0,3199.2940637144493,109
73,0.9736499057089703,3.6299622743218034,-1.0997163421577878,25.0,4.015491008758545,2.6997110843658447,25.0,3187.3093878047075,108
74,0.9710789277945758,3.624445784974981,-1.0997749081364385,25.0,4.012734413146973,2.6997110843658447,25.0,3178.730707549257,108
75,0.9815347044926198,3.6416549507631073,-1.0996838939299278,25.0,4.021815299987793,2.6997110843658447,25.0,3213.2197900147876,109
76,0.9838924241827117,3.6474406937940405,-1.0996971600646273,25.0,4.02522087097168,2.699873447418213,25.0,3220.892707365565,109
77,0.9777753169575035,3.632680993561351,-1.0997269973842376,25.0,4.025382995605469,2.699873447418213,25.0,3200.7823149397736,109
78,0.9693983190959441,3.621845194587001,-1.099748139028196,25.0,4.012085914611816,2.699873447418213,25.0,3173.3088456757832,108
79,0.9701580929008278,3.6248226629363165,-1.0997163443653672,25.0,4.01322078704834,2.6995489597320557,25.0,3175.8876486517256,108
80,0.970926769239885,3.626900739139981,-1.0997314033684906,25.0,4.012572288513184,2.6997110843658447,25.0,3178.3564978535287,108
81,0.9692667539978498,3.6235614021619162,-1.099731402264701,25.0,4.013382911682129,2.699873447418213,25.0,3172.9187263837084,108
82,0.9716855606039498,3.6297175376503557,-1.0997297322308575,25.0,4.0103020668029785,2.6997110843658447,25.0,3180.84188109322,108
83,0.9773503147818259,3.6351357337531693,-1.0997054445634193,25.0,4.0205183029174805,2.6995489597320557,25.0,3199.454143482959,109
84,0.9823556340404612,3.6278250742396083,-1.0997750770061387,25.0,4.0143561363220215,2.6997110843658447,25.0,3215.6364092535805,109
85,0.9804130967347781,3.6247246681003396,-1.0997386011508627,25.0,4.01322078704834,2.699873447418213,25.0,3209.38603850652,109
86,0.9850130949650729,3.6364300622852572,-1.0997651301392721,25.0,4.012734413146973,2.699873447418213,25.0,3224.37256881129,109
87,0.9883211907573629,3.6362746000289916,-1.099707888473164,25.0,4.0205183029174805,2.6995489597320557,25.0,3235.3715662825853,110
88,0.9890968843579566,3.638474108956077,-1.0997275981036099,25.0,4.021815299987793,2.6993868350982666,25.0,3237.843869778095,110
89,0.9774344281299758,3.6276364767992937,-1.0997565013391,25.0,4.011436939239502,2.699873447418213,25.0,3199.5894397324882,108
90,0.9762600653122746,3.626101948596813,-1.0997715647573825,25.0,4.008842468261719,2.699873447418213,25.0,3195.698652810068,108
91,0.9753605445298114,3.625414252281189,-1.0997732369988054,25.0,4.0103020668029785,2.699873447418213,25.0,3192.745659988257,108
92,0.9742527540187897,3.624318149354723,-1.0997464656829834,25.0,4.009491443634033,2.6995489597320557,25.0,3189.1990147307515,108
93,0.971288909982428,3.6180313935986272,-1.099758176891892,25.0,4.0062479972839355,2.6997110843658447,25.0,3179.4646619188134,108
94,0.9798834658115565,3.632088890863121,-1.0997004705831546,25.0,4.015815734863281,2.699873447418213,25.0,3207.764122060733,109
95,0.8565506537520804,3.604494940607171,-1.0996867945319728,25.0,3.922572612762451,2.6997110843658447,25.0,2804.0518923862837,95
96,0.9818033214862452,3.637649982347401,-1.0997137356241908,25.0,4.019545078277588,2.6993868350982666,25.0,3214.015093245078,109
97,0.9821596055772356,3.6389398421716255,-1.0996921860843623,25.0,4.020356178283691,2.6997110843658447,25.0,3215.2345753540285,109
98,0.9824725192212632,3.640141915837559,-1.099712076537106,25.0,4.021328926086426,2.6997110843658447,25.0,3216.203519902192,109
99,0.9830529847705043,3.642110190260301,-1.0997021274829129,25.0,4.022302150726318,2.699873447418213,25.0,3218.1411992604844,109
100,0.9831485898936955,3.6428525688451363,-1.0996739503440507,25.0,4.0226263999938965,2.6993868350982666,25.0,3218.532604873879,109
101,0.9831758504100094,3.6433420181274414,-1.0996971600646273,25.0,4.023274898529053,2.6995489597320557,25.0,3218.5484321510885,109
102,0.9831874266813664,3.6438969231526785,-1.0996954976965527,25.0,4.023599147796631,2.6997110843658447,25.0,3218.5956382821314,109
103,0.9829526528013344,3.643660392236272,-1.0997187117917822,25.0,4.023599147796631,2.699873447418213,25.0,3217.752112066606,109
104,0.9826989689884594,3.6436216984320122,-1.0997021274829129,25.0,4.023923397064209,2.6997110843658447,25.0,3216.9708915129304,109
105,0.982515905534682,3.6436380749448722,-1.0996921828033728,25.0,4.024085998535156,2.6997110843658447,25.0,3216.40873074485,109
106,0.9823558009875598,3.643780900797713,-1.099677266330894,25.0,4.024410247802734,2.6997110843658447,25.0,3215.924428019207,109
107,0.9823133881874221,3.644041251698765,-1.0996938429841208,25.0,4.024410247802734,2.6995489597320557,25.0,3215.737404815154,109
108,0.9823494417451186,3.6446363444722025,-1.0996822359365062,25.0,4.024896621704102,2.699873447418213,25.0,3215.893972921418,109
109,0.9824847602774719,3.6452031529277837,-1.099687205542118,25.0,4.025382995605469,2.6993868350982666,25.0,3216.3160549390595,109
110,0.9821445082778119,3.64485502243042,-1.0996656603769426,25.0,4.02522087097168,2.6995489597320557,25.0,3215.269109182991,109
111,0.9779930154824151,3.637105482433914,-1.0996739492503875,25.0,4.025382995605469,2.6997110843658447,25.0,3201.6424927029293,109
112,0.9657864367142623,3.6243723419225105,-1.0997156294706827,25.0,4.0101399421691895,2.699873447418213,25.0,3161.574826299213,107
113,0.9650928355841042,3.623719155231369,-1.0997358939358006,25.0,4.0101399421691895,2.6997110843658447,25.0,3159.2469007775653,107
114,0.9641752531125729,3.622429448867513,-1.0997561617432354,25.0,4.009815692901611,2.699873447418213,25.0,3156.1841540711466,107
115,0.9622209396793475,3.6186845547685,-1.0997527804330132,25.0,4.009004592895508,2.6997110843658447,25.0,3149.793158858316,107
116,0.9637700166364097,3.6213685797753734,-1.0997443355132486,25.0,4.0060858726501465,2.6997110843658447,25.0,3154.8875501500443,107
117,0.8454649376525711,3.6004211014889655,-1.0997337153617373,25.0,3.920302391052246,2.6997110843658447,25.0,2767.646589856129,94
118,0.9727051089215418,3.6369847942281655,-1.0997230366424278,25.0,4.019707202911377,2.699873447418213,25.0,3184.2039425594267,108
119,0.9656021998147312,3.6285976383173577,-1.099746025611307,25.0,4.015815734863281,2.6997110843658447,25.0,3160.8884951402433,107
120,0.9591308773166285,3.6217794305873365,-1.0997626297878769,25.0,4.007058620452881,2.6997110843658447,25.0,3139.652964784531,106
121,0.9596417715289859,3.6158823588184106,-1.0997730493545532,25.0,4.0081939697265625,2.699873447418213,25.0,3141.2936457768083,107
122,0.9574381791985872,3.6201318120056727,-1.0997438756924756,25.0,4.006572246551514,2.6997110843658447,25.0,3134.1683992806356,106
123,0.9583671517875484,3.6226973443661095,-1.0997353511036567,25.0,4.007545471191406,2.6997110843658447,25.0,3137.2314368071966,106
124,0.9631842455866805,3.6264683264438236,-1.0997409631158703,25.0,4.009166717529297,2.6997110843658447,25.0,3152.983236384345,107
125,0.9662597728756734,3.6346446175441565,-1.099730826983942,25.0,4.016626358032227,2.6997110843658447,25.0,3163.0774962054566,107
126,0.968251871270063,3.630077909540247,-1.0997046331564586,25.0,4.017761707305908,2.6995489597320557,25.0,3169.6729272687808,108
127,0.9565196993360405,3.6200476772380323,-1.0997506953635305,25.0,4.0081939697265625,2.699873447418213,25.0,3131.137505090097,106
128,0.9549101355111229,3.6170201504005575,-1.099748985947303,25.0,4.005599498748779,2.6997110843658447,25.0,3125.8715272767004,106
129,0.9535827007811905,3.6149579309067637,-1.0997660373741727,25.0,4.0060858726501465,2.6997110843658447,25.0,3121.4809288703837,106
130,0.9527166742289228,3.6133944583388993,-1.09975580786759,25.0,4.004950523376465,2.6995489597320557,25.0,3118.6684367442504,106
131,0.95245969946565,3.6128529040318615,-1.0997523980320625,25.0,4.004302024841309,2.6997110843658447,25.0,3117.8404853600077,106
132,0.9616565283145265,3.6270715076232625,-1.0997409608876594,25.0,4.012896537780762,2.699873447418213,25.0,3147.9838951427955,107
133,0.9635210113691576,3.631542326133942,-1.0997156250142606,25.0,4.015815734863281,2.6997110843658447,25.0,3154.1566493134014,107
134,0.9611635354039672,3.614586573894893,-1.0997764262083536,25.0,4.007545471191406,2.699873447418213,25.0,3146.261969177285,107
135,0.9600268998992683,3.613525711487387,-1.0997730471263423,25.0,4.006572246551514,2.6997110843658447,25.0,3142.559073446784,107
136,0.9563150735695369,3.614612194727052,-1.0997643324564088,25.0,4.0039777755737305,2.6997110843658447,25.0,3130.4336410393007,106
137,0.9654849753554591,3.6296115389494137,-1.0997325148537895,25.0,4.012572288513184,2.699873447418213,25.0,3160.5302212524693,107
138,0.9672550208553425,3.6344339647025707,-1.0997054922246488,25.0,4.015653610229492,2.699873447418213,25.0,3166.4059359419625,107
139,0.9599132476336751,3.6172963481083094,-1.0997730504686587,25.0,4.012572288513184,2.6997110843658447,25.0,3142.1845370677765,107
140,0.9534116227725058,3.61183248825793,-1.0997592177031175,25.0,4.003167152404785,2.6995489597320557,25.0,3120.933751767734,106
141,0.9541764312983971,3.615370991095057,-1.099783087676426,25.0,4.005599498748779,2.6995489597320557,25.0,3123.3714351290837,106
142,0.9531681209226177,3.6136422922026434,-1.0997660396234044,25.0,4.004626274108887,2.699873447418213,25.0,3120.121224709321,106
143,0.9513609263363646,3.61015274614658,-1.0997677411673203,25.0,4.003815650939941,2.699873447418213,25.0,3114.1992143564858,106
144,0.956014777432293,3.621984436826886,-1.0997524002812944,25.0,4.0041399002075195,2.6997110843658447,25.0,3129.481990282191,106
145,0.9603802284402969,3.624222312018136,-1.0997139326879912,25.0,4.0124101638793945,2.6995489597320557,25.0,3143.873924223706,107
146,0.9610004057361488,3.625980323720201,-1.0997156272424715,25.0,4.013382911682129,2.6997110843658447,25.0,3145.905625204323,107
147,0.9615576946730692,3.627665588788897,-1.0997122470463547,25.0,4.0145182609558105,2.6995489597320557,25.0,3147.734049013583,107
148,0.9618837085178575,3.628890148947172,-1.0996919792389201,25.0,4.015004634857178,2.6997110843658447,25.0,3148.8593702216167,107
149,0.9624919621265521,3.630596633269408,-1.0996953605491424,25.0,4.015491008758545,2.699873447418213,25.0,3150.844198673498,107
150,0.9635636437525199,3.6335791939886932,-1.099671714773802,25.0,4.017923831939697,2.6995489597320557,25.0,3154.4228437528946,107
151,0.9644102597229609,3.6357812591802294,-1.09970887130666,25.0,4.018734455108643,2.699873447418213,25.0,3157.094979800051,107
152,0.9648469835658529,3.637027014081723,-1.099688604613331,25.0,4.019058704376221,2.6997110843658447,25.0,3158.5797903933562,107
153,0.9649756616319863,3.637384688742807,-1.0996970528754118,25.0,4.019545078277588,2.699873447418213,25.0,3158.970588942757,107
154,0.9652247437740342,3.638363720100617,-1.0996869134011669,25.0,4.020194053649902,2.699873447418213,25.0,3159.8145924147684,107
155,0.9654918567305191,3.6393897243749316,-1.0997139382585186,25.0,4.0206804275512695,2.6995489597320557,25.0,3160.6118485524785,107
156,0.9654648497956394,3.63944883212865,-1.0996666545065763,25.0,4.0206804275512695,2.6997110843658447,25.0,3160.6588174223434,107
157,0.9656499773413845,3.6400353574307167,-1.0996902991678112,25.0,4.021328926086426,2.6993868350982666,25.0,3161.205881261034,107
158,0.9659061761714928,3.6408249373747923,-1.0996750983122354,25.0,4.021815299987793,2.6997110843658447,25.0,3162.0814152148087,107
159,0.9662955857555099,3.6419494865096618,-1.099698736288837,25.0,4.022302150726318,2.699873447418213,25.0,3163.2844796315767,107
160,0.9659446405309408,3.6412523238458365,-1.0996818475634138,25.0,4.022302150726318,2.699873447418213,25.0,3162.1910750155803,107
161,0.9659669317686712,3.641647873637832,-1.0996784729378246,25.0,4.022302150726318,2.699873447418213,25.0,3162.269278156804,107
162,0.9518521946824977,3.617043081319557,-1.0997370582706523,25.0,4.009815692901611,2.6997110843658447,25.0,3115.903747012606,106
163,0.9486786817013173,3.6191865466889883,-1.099736517951602,25.0,4.0062479972839355,2.699873447418213,25.0,3105.512834418332,105
164,0.9472783166448557,3.6168097314380465,-1.0997382425126576,25.0,4.00543737411499,2.6997110843658447,25.0,3100.9190864330158,105
165,0.946285490287025,3.6153919742220926,-1.0997451248623076,25.0,4.005761623382568,2.6995489597320557,25.0,3097.6536757948343,105
166,0.9438865705083862,3.60993561063494,-1.0997640564328148,25.0,4.003329277038574,2.6997110843658447,25.0,3089.7470843296032,105
167,0.9535105156218979,3.6254678492276176,-1.0996995512044654,25.0,4.010788440704346,2.6995489597320557,25.0,3121.4382545475382,106
168,0.9564529906419341,3.632371958696617,-1.0997234155546944,25.0,4.015328884124756,2.6995489597320557,25.0,3131.001281333156,106
169,0.9557441966776377,3.6330221441556825,-1.099720003469935,25.0,4.016788482666016,2.6997110843658447,25.0,3128.68959606695,106
170,0.9434891405404473,3.6100607145400274,-1.0997399613970802,25.0,4.0039777755737305,2.699873447418213,25.0,3088.5131065538153,105
171,0.944990548694211,3.6153595334007624,-1.0997657775878906,25.0,4.005275249481201,2.699873447418213,25.0,3093.356313019991,105
172,0.9443864490685533,3.614578083583287,-1.0997244698660715,25.0,4.00543737411499,2.699873447418213,25.0,3091.4974122063722,105
173,0.9430286023470188,3.611872289294288,-1.0997537306376866,25.0,4.004950523376465,2.6995489597320557,25.0,3086.9667411346454,105
174,0.9400978416461893,3.6134798847712,-1.0997272901810133,25.0,4.001707553863525,2.6997110843658447,25.0,3077.4507559514605,104
175,0.9516154243937628,3.62464021961644,-1.099672277018709,25.0,4.012572288513184,2.6995489597320557,25.0,3115.313902678434,106
176,0.9539526290929654,3.630305159766719,-1.0997114856288117,25.0,4.015815734863281,2.6995489597320557,25.0,3122.8461658854503,106
177,0.945662088868099,3.619459919702439,-1.0997347967965263,25.0,4.010626316070557,2.699873447418213,25.0,3095.6393011328764,105
178,0.9404987723081367,3.6158405794547153,-1.0997238136254823,25.0,4.0041399002075195,2.699873447418213,25.0,3078.763613256393,104
179,0.9406850210179482,3.617388924727073,-1.0997429272303214,25.0,4.005599498748779,2.6997110843658447,25.0,3079.3260999761987,104
180,0.9423791531282657,3.613509339377994,-1.0996367023104714,25.0,4.006572246551514,2.6997110843658447,25.0,3085.1699068818707,105
181,0.941328909514833,3.6112591470990862,-1.0996711265473138,25.0,4.005112648010254,2.699873447418213,25.0,3081.623065815307,105
182,0.9459578423663763,3.622964148294358,-1.099622943287804,25.0,4.006572246551514,2.699873447418213,25.0,3096.9230737728067,105
183,0.9509428092257516,3.626055305858828,-1.0996194346895758,25.0,4.014842510223389,2.6997110843658447,25.0,3113.252478686627,106
184,0.9476569419774041,3.615473828996931,-1.0996848855699812,25.0,4.006896495819092,2.699873447418213,25.0,3102.30997126922,105
185,0.9464274242038936,3.61174719220116,-1.0996831666855584,25.0,4.003004550933838,2.6997110843658447,25.0,3098.2941165431403,105
186,0.9461170615067457,3.614179618018014,-1.0996952215830484,25.0,4.00722074508667,2.6997110843658447,25.0,3097.24734547548,105
187,0.9419713914145345,3.605228294645037,-1.09970037710099,25.0,4.000572204589844,2.6997110843658447,25.0,3083.6532005611807,105
188,0.9401736579578398,3.6106389462947845,-1.0997255501838832,25.0,3.9997615814208984,2.6995489597320557,25.0,3077.7000946695916,104
189,0.9404290806712671,3.61238998403916,-1.0997238101867528,25.0,4.000247955322266,2.6995489597320557,25.0,3078.543917877134,104
190,0.9407113689590229,3.614144130395009,-1.099696010351181,25.0,4.001221179962158,2.6995489597320557,25.0,3079.544050244149,104
191,0.939797011013414,3.612820327281952,-1.0997081696987152,25.0,4.001059055328369,2.699873447418213,25.0,3076.5128638017923,104
192,0.93748469034724,3.6082470623346476,-1.0997081742836878,25.0,4.000247955322266,2.699873447418213,25.0,3068.9502573274076,104
193,0.9440251389592217,3.6162969839005243,-1.0996504738217308,25.0,4.003653526306152,2.6997110843658447,25.0,3090.514265261125,105
194,0.9471237756624479,3.623895413534982,-1.0996435869307746,25.0,4.009004592895508,2.6997110843658447,25.0,3100.687360515818,105
195,0.9483291274321178,3.6267973332178025,-1.0996780043556578,25.0,4.010950565338135,2.699873447418213,25.0,3104.531542163808,105
196,0.9489780659304543,3.62894405183338,-1.0996401491619292,25.0,4.012085914611816,2.6997110843658447,25.0,3106.7665090872906,105
197,0.9492478874991938,3.6296575682503835,-1.0996521927061536,25.0,4.012085914611816,2.6993868350982666,25.0,3107.610456936527,105
198,0.9493915926767459,3.630278426124936,-1.0996539161318823,25.0,4.013058662414551,2.699873447418213,25.0,3108.079567008186,105
199,0.9498376529735145,3.622825851980245,-1.0996330684086062,25.0,4.013707637786865,2.6997110843658447,25.0,3109.5955317891203,106
200,0.9411116818310937,3.628913320027865,-1.0997081719912016,25.0,4.011274814605713,2.699873447418213,25.0,3080.8232429912314,104
201,0.9406807377208137,3.6283239263754625,-1.0996716847786536,25.0,4.012572288513184,2.699873447418213,25.0,3079.5108465300873,104
202,0.9478493412049087,3.635133999869937,-1.0996367045811244,25.0,4.015491008758545,2.6997110843658447,25.0,3103.075911771506,105
203,0.9500001509965695,3.628894661957363,-1.0996501198354758,25.0,4.016626358032227,2.6997110843658447,25.0,3110.0758164082654,106
204,0.9472540475821976,3.63208536647615,-1.099678003220331,25.0,4.016626358032227,2.699873447418213,25.0,3101.012740082573,105
205,0.9411762810451474,3.613754905973162,-1.0996952170417422,25.0,4.00868034362793,2.6995489597320557,25.0,3081.0723691671155,105
206,0.9430092822988932,3.6198151157015848,-1.0996607950755528,25.0,4.0101399421691895,2.699873447418213,25.0,3087.16664973367,105
207,0.9452172179801016,3.6244236105964296,-1.0996745643161592,25.0,4.013545036315918,2.6997110843658447,25.0,3094.354557832703,105
208,0.9470932007125352,3.6295757202875047,-1.0996195009776524,25.0,4.016302108764648,2.6997110843658447,25.0,3100.65243332088,105
209,0.9475163245237235,3.6292436826796757,-1.0996556338809786,25.0,4.01597785949707,2.6997110843658447,25.0,3101.9335517752916,105
210,0.9526150969582361,3.6338421241292416,-1.0996228445251033,25.0,4.01922082901001,2.699873447418213,25.0,3118.7181321973912,106
211,0.9533229680636622,3.6354224321977147,-1.0996143199362844,25.0,4.020194053649902,2.6995489597320557,25.0,3121.0627928450704,106
212,0.9469047688750144,3.6285440694718134,-1.0996676831018357,25.0,4.015815734863281,2.6995489597320557,25.0,3099.9016849049367,105
213,0.9433461390538399,3.6206923462095713,-1.0996539149965558,25.0,4.013058662414551,2.6995489597320557,25.0,3088.2918414566666,105
214,0.9447072375137286,3.6241641521453856,-1.0996590784617832,25.0,4.01322078704834,2.6995489597320557,25.0,3092.7300131153315,105
215,0.9446248068653622,3.625154111498878,-1.0996418691816785,25.0,4.01597785949707,2.6995489597320557,25.0,3092.5118780992925,105
216,0.9435463983666771,3.6233842327481223,-1.0996332702182587,25.0,4.01597785949707,2.699873447418213,25.0,3088.9962332528085,105
217,0.9478993872903161,3.63328382174174,-1.0996263833273026,25.0,4.014842510223389,2.699873447418213,25.0,3103.2646134300157,105
218,0.9499075435559822,3.6292006362159297,-1.0996262554852467,25.0,4.018734455108643,2.6995489597320557,25.0,3109.844443365,106
219,0.9504360546774697,3.630646325507254,-1.0996194358141917,25.0,4.019707202911377,2.699873447418213,25.0,3111.5950779919513,106
220,0.940680713773357,3.6256077197881846,-1.0996282582099621,25.0,4.013058662414551,2.6995489597320557,25.0,3079.6365156737156,104
221,0.9402035267531067,3.6252475266273203,-1.0996664785421812,25.0,4.0122480392456055,2.6995489597320557,25.0,3077.9644106770866,104
222,0.9401919608153451,3.6257074979635386,-1.0996299867446606,25.0,4.012734413146973,2.6997110843658447,25.0,3078.0276694390923,104
223,0.9398049824003186,3.6257995069026947,-1.0996525757587874,25.0,4.0124101638793945,2.6997110843658447,25.0,3076.699136554729,104
224,0.9375844242897654,3.6208442128621616,-1.0996404141187668,25.0,4.010626316070557,2.699873447418213,25.0,3069.4644757308997,104
225,0.9446648789914411,3.6291324660891577,-1.0996246610369,25.0,4.015004634857178,2.6997110843658447,25.0,3092.687519278843,105
226,0.9463199638896294,3.6332158633640836,-1.0996074517567953,25.0,4.017923831939697,2.699873447418213,25.0,3098.1569581762888,105
227,0.9437154238780707,3.6295973232814243,-1.0996349845613753,25.0,4.018248081207275,2.6997110843658447,25.0,3089.54715351481,105
228,0.9365464313902394,3.620061464034594,-1.0996543100247016,25.0,4.011274814605713,2.6997110843658447,25.0,3066.027046093717,104
229,0.9375892263862214,3.6233218610286713,-1.0996473660835853,25.0,4.0124101638793945,2.6995489597320557,25.0,3069.464745359961,104
230,0.9370222799639387,3.622681003350478,-1.0996577888727188,25.0,4.013382911682129,2.6993868350982666,25.0,3067.574499555398,104
231,0.9396112464435644,3.6288899252047906,-1.0996543146096742,25.0,4.0145182609558105,2.6997110843658447,25.0,3076.0600450653583,104
232,0.9375433271800655,3.624469456764368,-1.0996352021510785,25.0,4.012896537780762,2.699873447418213,25.0,3069.3404414420947,104
233,0.9442886234633696,3.632133236385527,-1.0996229398818242,25.0,4.0184102058410645,2.6995489597320557,25.0,3091.4540285766125,105
234,0.9451901524693755,3.6341162272862024,-1.0995954093478975,25.0,4.019707202911377,2.6997110843658447,25.0,3094.486199885141,105
235,0.9454642106334967,3.635030533018566,-1.099609175182524,25.0,4.020031929016113,2.699873447418213,25.0,3095.3458748105913,105
236,0.9459026515114133,3.636066820507958,-1.0996074528921218,25.0,4.021166801452637,2.6997110843658447,25.0,3096.7837992133573,105
237,0.9460733949636144,3.636709292729696,-1.099612619763329,25.0,4.021004676818848,2.699873447418213,25.0,3097.3309683608823,105
238,0.9466570605601538,3.638153298695882,-1.099598851658049,25.0,4.021491050720215,2.699873447418213,25.0,3099.284726356622,105
239,0.9475496304500691,3.6403525148119247,-1.0996074528921218,25.0,4.023274898529053,2.699873447418213,25.0,3102.176018871367,105
240,0.9480807297786664,3.6417501903715586,-1.099598851658049,25.0,4.02376127243042,2.699873447418213,25.0,3103.941967159044,105
241,0.948031458152313,3.6417501858302526,-1.099597133908953,25.0,4.023923397064209,2.6997110843658447,25.0,3103.7860344629735,105
242,0.948025368703779,3.6418984594799224,-1.0995936870574952,25.0,4.024085998535156,2.699873447418213,25.0,3103.7706127930433,105
243,0.9479339002603422,3.641927803130377,-1.0996108974729266,25.0,4.024572372436523,2.6997110843658447,25.0,3103.426976417657,105
244,0.9476813445032037,3.641592663810367,-1.0996263833273026,25.0,4.02376127243042,2.6997110843658447,25.0,3102.5520222936757,105
245,0.9474472079416818,3.6412529105231877,-1.0996143397830782,25.0,4.024248123168945,2.699873447418213,25.0,3101.817700724583,105
246,0.947807707161445,3.6418459619794574,-1.0996298188254947,25.0,4.024410247802734,2.6995489597320557,25.0,3102.958671115339,105
247,0.9477175953510228,3.6423046452658516,-1.099597133908953,25.0,4.024410247802734,2.699873447418213,25.0,3102.7558034239337,105
248,0.9474182212734075,3.641643644514538,-1.0996212187267485,25.0,4.024248123168945,2.6997110843658447,25.0,3101.709122968372,105
249,0.9471085820228862,3.6415417012714206,-1.0996109008789063,25.0,4.024248123168945,2.699873447418213,25.0,3100.7249720445834,105
250,0.9418595721101857,3.620507013230097,-1.0996934936160132,25.0,4.017274856567383,2.699873447418213,25.0,3083.3100360436365,105
251,0.9402956490683769,3.627031307954055,-1.0996907995297358,25.0,4.016788482666016,2.6997110843658447,25.0,3078.2005144832656,104
252,0.9445640712991148,3.6293950171697706,-1.0996728511083693,25.0,4.015815734863281,2.6995489597320557,25.0,3092.219409492798,105
253,0.9470500124860972,3.63579500743321,-1.099660797346206,25.0,4.020194053649902,2.699873447418213,25.0,3100.393698686268,105
254,0.9470275823788801,3.6364575567699613,-1.099655630474999,25.0,4.0205183029174805,2.699873447418213,25.0,3100.331591550261,105
255,0.9364819114565572,3.6233546000260572,-1.0996786401822016,25.0,4.0145182609558105,2.6997110843658447,25.0,3065.747237607371,104
256,0.9351955848605451,3.6216472341464114,-1.099680374448116,25.0,4.014194011688232,2.699873447418213,25.0,3061.5284451199695,104
257,0.9374308539041759,3.6272355707792134,-1.0996612596970339,25.0,4.015653610229492,2.6993868350982666,25.0,3068.904434753116,104
258,0.9365285935193732,3.6265292328137617,-1.099652573466301,25.0,4.016302108764648,2.6995489597320557,25.0,3065.9673930043355,104
259,0.9335339278580315,3.619743388432723,-1.0996629974016776,25.0,4.0145182609558105,2.699873447418213,25.0,3056.1384655968286,104
260,0.94095269032423,3.627660665057954,-1.0996590727851505,25.0,4.017923831939697,2.699873447418213,25.0,3080.437607438769,105
261,0.9419858727058921,3.6306490761893135,-1.0996367045811244,25.0,4.020031929016113,2.699873447418213,25.0,3083.87896619644,105
262,0.9411309529637066,3.630451386315482,-1.0996281022117251,25.0,4.0206804275512695,2.6997110843658447,25.0,3081.113779878244,105
263,0.9312870236318374,3.625550582570937,-1.0996740142118584,25.0,4.0143561363220215,2.6997110843658447,25.0,3048.7481371322647,103
264,0.9314135491799517,3.6274382720873195,-1.099656469613603,25.0,4.015166759490967,2.699873447418213,25.0,3049.2175996913575,103
265,0.807037620264366,3.590081614918179,-1.0996186388863458,25.0,3.9170589447021484,2.6997110843658447,25.0,2642.1279340707697,90
266,0.9324180695177381,3.6222771543722887,-1.099642154115897,25.0,4.016950607299805,2.699873447418213,25.0,3052.5460327803157,104
267,0.9298313365101848,3.625389985667849,-1.0997091022509973,25.0,4.0143561363220215,2.699873447418213,25.0,3043.8890702393837,103
268,0.9368727105045364,3.6327365980698514,-1.099692532649407,25.0,4.018734455108643,2.6995489597320557,25.0,3066.987704635132,104
269,0.9382557083048751,3.6358831570698666,-1.099685584123318,25.0,4.0206804275512695,2.6995489597320557,25.0,3071.5359309781343,104
270,0.9372404559232331,3.6358722356649547,-1.099692539526866,25.0,4.021328926086426,2.699873447418213,25.0,3068.1928550889716,104
271,0.9271379314481875,3.6210683132838275,-1.0997599803128288,25.0,4.013707637786865,2.6997110843658447,25.0,3034.9352380670607,103
272,0.7992720023481288,3.587828906734338,-1.0997161543771121,25.0,3.91219425201416,2.6997110843658447,25.0,2616.471736604348,89
273,0.9255203756578225,3.619934757936348,-1.099628409135689,25.0,4.0143561363220215,2.6997110843658447,25.0,3029.998450621031,103
274,0.9266226686635896,3.623376362532088,-1.0996512082016583,25.0,4.01597785949707,2.6995489597320557,25.0,3033.5455948840827,103
275,0.92430035554756,3.61841545984583,-1.0996512070442865,25.0,4.014194011688232,2.6995489597320557,25.0,3025.9509395114146,103
276,0.9318787784824769,3.6257917078641744,-1.0996299913296332,25.0,4.017599105834961,2.6997110843658447,25.0,3050.8150674197823,104
277,0.9338022963886794,3.6305817044698276,-1.0996230382185717,25.0,4.020356178283691,2.6997110843658447,25.0,3057.1289496393874,104
278,0.9330540075261637,3.6308093552406016,-1.099645624940212,25.0,4.021491050720215,2.6995489597320557,25.0,3054.613645831123,104
279,0.9215804775044895,3.6220917023864447,-1.0996657586565204,25.0,4.0122480392456055,2.6997110843658447,25.0,3016.997335964348,102
280,0.9218031616381048,3.6236640285043156,-1.0996693045485253,25.0,4.0122480392456055,2.6997110843658447,25.0,3017.7164456178434,102
281,0.9225568191334258,3.6258436815411437,-1.099658673884822,25.0,4.013707637786865,2.6997110843658447,25.0,3020.216619966086,102
282,0.922651933604129,3.6267005976508644,-1.099674615205503,25.0,4.0145182609558105,2.6997110843658447,25.0,3020.482676283922,102
283,0.9200048834184448,3.6215400345185222,-1.0996462737812716,25.0,4.0122480392456055,2.699873447418213,25.0,3011.903867868241,102
284,0.9282758873876547,3.6311616967025313,-1.0996038473925545,25.0,4.017761707305908,2.6997110843658447,25.0,3039.096561270766,103
285,0.9299041074319015,3.634713508550403,-1.099635417021594,25.0,4.019869804382324,2.6995489597320557,25.0,3044.3321762038395,103
286,0.9301130697115753,3.635248790666895,-1.0996231384647703,25.0,4.020194053649902,2.699873447418213,25.0,3045.0514986459166,103
287,0.9303918905521518,3.635950972732988,-1.099630156767021,25.0,4.0206804275512695,2.699873447418213,25.0,3045.9424306396395,103
288,0.9307857286953881,3.637112874429203,-1.099644192214151,25.0,4.021491050720215,2.699873447418213,25.0,3047.19230036065,103
289,0.9311972773799256,3.6380811131116255,-1.0996406784335386,25.0,4.021653175354004,2.699873447418213,25.0,3048.5529554090463,103
290,0.9316133098057109,3.6391375319471635,-1.099638927330091,25.0,4.022302150726318,2.6997110843658447,25.0,3049.912994998973,103
291,0.9314278272086016,3.6390257529842045,-1.0996284056635737,25.0,4.0226263999938965,2.6995489597320557,25.0,3049.3352911579423,103
292,0.9315451361892201,3.6396114270663955,-1.0996284033488302,25.0,4.0227885246276855,2.699873447418213,25.0,3049.724310077727,103
293,0.9309018998022011,3.6384400812167565,-1.0996319148146991,25.0,4.022302150726318,2.699873447418213,25.0,3047.601061847061,103
294,0.930621300980099,3.6383172794453147,-1.0996319159720709,25.0,4.022464275360107,2.6995489597320557,25.0,3046.694561787881,103
295,0.9304417726761502,3.6384605435491766,-1.0996284021914584,25.0,4.0227885246276855,2.6997110843658447,25.0,3046.1166052944027,103
296,0.930157185957028,3.6379331361900253,-1.0996389250153478,25.0,4.022464275360107,2.6993868350982666,25.0,3045.1479606921785,103
297,0.9299299522590391,3.637862277262419,-1.0996477002079048,25.0,4.0227885246276855,2.6997110843658447,25.0,3044.382902825717,103
298,0.9299702441599033,3.6382747668664432,-1.0996319124999556,25.0,4.023112773895264,2.6997110843658447,25.0,3044.554669168312,103
299,0.9299260126159493,3.638444803293469,-1.099614369059072,25.0,4.022950649261475,2.6997110843658447,25.0,3044.461456062738,103
300,0.925104485011524,3.6217153789927656,-1.0996827859323002,25.0,4.018085956573486,2.6997110843658447,25.0,3028.48399629537,103
301,0.922183220799493,3.625018561587614,-1.099655127992817,25.0,4.015815734863281,2.699873447418213,25.0,3018.999049651902,102
302,0.928318535282184,3.629941558374942,-1.0996512035721715,25.0,4.015653610229492,2.699873447418213,25.0,3039.0970493326895,103
303,0.9308371107370838,3.635699068458335,-1.099631919444186,25.0,4.0205183029174805,2.699873447418213,25.0,3047.3961663655937,103
304,0.9311873106235002,3.6371884322860866,-1.0996266487732673,25.0,4.021653175354004,2.6995489597320557,25.0,3048.5538040120155,103
305,0.9183469941097201,3.6198707187876984,-1.0996480455585556,25.0,4.014031887054443,2.6997110843658447,25.0,3006.468079986982,102
306,0.9168663419310252,3.6170853750378478,-1.0996728457656562,25.0,4.011436939239502,2.699873447418213,25.0,3001.5458995369263,102
307,0.9160576860641653,3.6166338569977703,-1.0996710739883722,25.0,4.012734413146973,2.6995489597320557,25.0,2998.9055321160704,102
308,0.9158600176000895,3.6176386183383418,-1.0996321019004374,25.0,4.013058662414551,2.6997110843658447,25.0,2998.359021439217,102
309,0.9142714523603241,3.614164861978269,-1.0996462691063975,25.0,4.011923789978027,2.6997110843658447,25.0,2993.123996936716,102
310,0.9220930119893295,3.6318563924116245,-1.0996143864650352,25.0,4.0164642333984375,2.699873447418213,25.0,3018.8171510859393,102
311,0.9244639772292924,3.6286001575803293,-1.0996336659181465,25.0,4.019545078277588,2.6995489597320557,25.0,3026.522275443189,103
312,0.9250054814391558,3.6300265719589677,-1.099614369059072,25.0,4.020356178283691,2.6997110843658447,25.0,3028.351499989163,103
313,0.7881348162793334,3.5843419676477257,-1.0996208353476091,25.0,3.9144644737243652,2.699873447418213,25.0,2580.2391585786827,88
314,0.9125546941079861,3.6229571469939583,-1.0996358725104,25.0,4.012572288513184,2.6997110843658447,25.0,2987.530650779605,101
315,0.9121243248154118,3.623095224399378,-1.0996573384445492,25.0,4.013869762420654,2.699873447418213,25.0,2986.062493495643,101
316,0.9113538583028321,3.622687410600115,-1.0996269259122338,25.0,4.0143561363220215,2.699873447418213,25.0,2983.6252457867377,101
317,0.9095320956494268,3.618798742199888,-1.0996340784696068,25.0,4.013058662414551,2.699873447418213,25.0,2977.6399719459005,101
318,0.9171577102349538,3.6266306404973947,-1.0996197006281685,25.0,4.016139984130859,2.699873447418213,25.0,3002.6447657500394,102
319,0.9193877636636927,3.6316989987504247,-1.0995984463130726,25.0,4.019707202911377,2.699873447418213,25.0,3010.005947337486,102
320,0.9202930223678644,3.6339756133509615,-1.0995860473782408,25.0,4.0206804275512695,2.6993868350982666,25.0,3013.007086707279,102
321,0.9070859044444404,3.6157273160349024,-1.0996179899366776,25.0,4.01322078704834,2.6997110843658447,25.0,2969.6712556765415,101
322,0.9055044405667529,3.612710449955251,-1.0996537586249928,25.0,4.010464191436768,2.699873447418213,25.0,2964.4050873816013,101
323,0.9073962324589574,3.618670303042572,-1.099621567395654,25.0,4.0146803855896,2.699873447418213,25.0,2970.6883423705585,101
324,0.8993942839260657,3.611124801635742,-1.0996397161483764,25.0,4.010788440704346,2.6997110843658447,25.0,2944.4351875381544,100
325,0.8910538676240481,3.602086999199607,-1.0996910935700541,25.0,4.000734329223633,2.699873447418213,25.0,2916.996293517761,99
326,0.904757794506373,3.6235317897796633,-1.0996144258975982,25.0,4.009815692901611,2.6997110843658447,25.0,2962.0637117745355,100
327,0.9091867750550333,3.624501688645618,-1.0996233531744173,25.0,4.015815734863281,2.699873447418213,25.0,2976.534486839082,101
328,0.9108679353323932,3.628168811892519,-1.0996090409779313,25.0,4.016950607299805,2.6997110843658447,25.0,2982.0821252525784,101
329,0.8890319689640303,3.599284381577463,-1.0996983942359384,25.0,4.002356052398682,2.699873447418213,25.0,2910.355330747552,99
330,0.887004742711701,3.6053032120879815,-1.0996974317394956,25.0,3.999437093734741,2.6997110843658447,25.0,2903.714834758546,98
331,0.8845115907676877,3.6018498260147718,-1.0996789883594125,25.0,3.9995994567871094,2.6997110843658447,25.0,2895.6074599288404,98
332,0.740862489435967,3.554574917597943,-1.099697519497699,25.0,3.8906266689300537,2.6997110843658447,25.0,2425.314021412749,83
333,0.8781408430158919,3.599120152365301,-1.0996759515447714,25.0,3.997004747390747,2.6997110843658447,25.0,2874.761349244509,97
334,0.893168179959363,3.6140967860366358,-1.0996527671813965,25.0,4.004464149475098,2.699873447418213,25.0,2924.0148084480315,99
335,0.8993349538611838,3.6187383008003233,-1.0996306824684143,25.0,4.011923789978027,2.699873447418213,25.0,2944.2665370465256,100
336,0.9015400147012871,3.6234117913246155,-1.0996017742156983,25.0,4.014194011688232,2.699873447418213,25.0,2951.564449471887,100
337,0.9029478058011324,3.6266825890541075,-1.0996108090877532,25.0,4.01597785949707,2.699873447418213,25.0,2956.1430131471716,100
338,0.9038190414780876,3.6283236742019653,-1.0996324872970582,25.0,4.0164642333984375,2.699873447418213,25.0,2958.941045943182,100
339,0.9042128786102779,3.62938907623291,-1.099665013551712,25.0,4.016788482666016,2.699873447418213,25.0,2960.145036279224,100
340,0.9058115317386408,3.624003981599713,-1.0996340820104769,25.0,4.0185723304748535,2.6995489597320557,25.0,2965.4585725222714,101
341,0.9062279589621733,3.6253173422105243,-1.0996305021909203,25.0,4.01922082901001,2.699873447418213,25.0,2966.8360210745595,101
342,0.9065910083089386,3.6264283751497173,-1.0996376665511933,25.0,4.019707202911377,2.699873447418213,25.0,2968.0065316031687,101
343,0.9043395966828787,3.6307755589485167,-1.0996433329582214,25.0,4.017923831939697,2.699873447418213,25.0,2960.6156768528745,100
344,0.9037786918838718,3.6297150087356567,-1.0996758544445038,25.0,4.017599105834961,2.6997110843658447,25.0,2958.6916244379245,100
345,0.9034152314214261,3.6294847464561464,-1.0996451318264007,25.0,4.017923831939697,2.699873447418213,25.0,2957.584505801089,100
346,0.9029526014912543,3.6288425946235656,-1.0996650099754333,25.0,4.017436981201172,2.699873447418213,25.0,2956.0218549841084,100
347,0.9026208495469424,3.62857177734375,-1.0996487474441528,25.0,4.017599105834961,2.699873447418213,25.0,2954.9751302311197,100
348,0.9027888286414049,3.6292350268363953,-1.0996451413631438,25.0,4.017923831939697,2.6997110843658447,25.0,2955.537620392628,100
349,0.9027226803790086,3.62958692073822,-1.0996270728111268,25.0,4.018248081207275,2.699873447418213,25.0,2955.3663307325915,100
350,0.8862742386452244,3.6071912269203033,-1.0996918994553235,25.0,4.0039777755737305,2.699873447418213,25.0,2901.3403322836384,98
351,0.8809343899789952,3.597201731740212,-1.099690054144178,25.0,4.000247955322266,2.699873447418213,25.0,2883.871463692747,98
352,0.8926182508276135,3.6146799121240174,-1.099676489830017,25.0,4.006410121917725,2.6993868350982666,25.0,2922.1566877788864,99
353,0.8970565538539441,3.6152696561813356,-1.0996306884288787,25.0,4.011436939239502,2.699873447418213,25.0,2936.7988455458544,100
354,0.898649984717058,3.6192377471923827,-1.0996324932575225,25.0,4.013058662414551,2.699873447418213,25.0,2942.0186842158437,100
355,0.8781931877221794,3.6042274199810223,-1.0997057587830061,25.0,4.001545429229736,2.699873447418213,25.0,2874.856246738229,97
356,0.8740016061957058,3.595582689206625,-1.0997038932190728,25.0,3.997166872024536,2.6997110843658447,25.0,2861.1373640159145,97
357,0.8731313713573872,3.5958551967266907,-1.0996759503158098,25.0,3.9976534843444824,2.699873447418213,25.0,2858.3691360875964,97
358,0.8711947220380906,3.5931084745938016,-1.0996983051300049,25.0,3.9976534843444824,2.699873447418213,25.0,2851.9654780216515,97
359,0.8671661537467551,3.594553217291832,-1.0997104905545712,25.0,3.994734525680542,2.699873447418213,25.0,2838.7462021149695,96
360,0.8788747878914489,3.6024239987743143,-1.0996623988054237,25.0,4.000572204589844,2.6997110843658447,25.0,2877.2029012138955,98
361,0.8849908677794014,3.6163483979750652,-1.099634742250248,25.0,4.00868034362793,2.699873447418213,25.0,2897.298540539574,98
362,0.886739899638415,3.6204206456943435,-1.0996642380344623,25.0,4.0101399421691895,2.6997110843658447,25.0,2902.939666813705,98
363,0.8671160415336858,3.598218761384487,-1.0996784915526707,25.0,3.9981398582458496,2.699873447418213,25.0,2838.66846915707,96
364,0.8626115512561623,3.5890447994073233,-1.099708608041207,25.0,3.9940857887268066,2.699873447418213,25.0,2823.8400950883515,96
365,0.861981423092479,3.5889738400777182,-1.0996879028777282,25.0,3.9939236640930176,2.699873447418213,25.0,2821.824217749294,96
366,0.8793361710753792,3.6046955020157334,-1.0998361663720042,25.0,3.990356206893921,2.699873447418213,25.0,2878.254860206973,97
367,0.8711791786009557,3.5938858420578477,-1.0997951780397868,25.0,3.9942479133605957,2.6995489597320557,25.0,2851.6627350910567,97
368,0.8686264663416188,3.5977542400360107,-1.099810256312291,25.0,3.9916534423828125,2.6997110843658447,25.0,2843.2705209166743,96
369,0.8657289622887996,3.5905633767445884,-1.0997782560686271,25.0,3.9890589714050293,2.699873447418213,25.0,2833.864236808382,96
370,0.8795383010006834,3.606014711516244,-1.0996955864283504,25.0,4.001383304595947,2.6997110843658447,25.0,2879.2907624044456,98
371,0.8823946810551602,3.6124796843042177,-1.0996734560752401,25.0,4.005112648010254,2.699873447418213,25.0,2888.695772049483,98
372,0.8743068512663151,3.6043126681416306,-1.0997206574862766,25.0,4.006410121917725,2.699873447418213,25.0,2862.0978768998757,97
373,0.8627008180364545,3.586157980064551,-1.099759432176749,25.0,3.990680456161499,2.699873447418213,25.0,2824.0065808407962,96
374,0.8627108772098004,3.588478922843933,-1.0997330745061238,25.0,3.9918155670166016,2.699873447418213,25.0,2824.1145052751526,96
375,0.8591388419659786,3.591110631039268,-1.099707713880037,25.0,3.991004705429077,2.699873447418213,25.0,2812.474268122576,95
376,0.8563660011670559,3.585501557902286,-1.0997210289302626,25.0,3.9892210960388184,2.699873447418213,25.0,2803.365004649386,95
377,0.8537344207796066,3.5809507972315737,-1.0997324416511938,25.0,3.9890589714050293,2.699873447418213,25.0,2794.7225605882704,95
378,0.8678056185038743,3.6056207766135535,-1.0996879016359646,25.0,3.998626470565796,2.6995489597320557,25.0,2840.898569191806,96
379,0.8710417690146047,3.604066917576741,-1.0996684966628085,25.0,4.002842426300049,2.699873447418213,25.0,2851.540459809825,97
380,0.8654914612465551,3.60482515146335,-1.0996991967161496,25.0,4.004788398742676,2.6995489597320557,25.0,2833.2924280976877,96
381,0.8525195509065788,3.5828199135629752,-1.0996905954260574,25.0,3.991004705429077,2.6997110843658447,25.0,2790.8493630671874,95
382,0.8517098507826202,3.5832056823529697,-1.0997058128055772,25.0,3.9916534423828125,2.699873447418213,25.0,2788.162031210959,95
383,0.8469642663320179,3.583682212423771,-1.099679891099321,25.0,3.9900317192077637,2.699873447418213,25.0,2772.693414497189,94
384,0.8456053599837683,3.5817466162620706,-1.099704880663689,25.0,3.9892210960388184,2.699873447418213,25.0,2768.1758892368525,94
385,0.8432918026591928,3.5773665245543134,-1.0996895064698888,25.0,3.9890589714050293,2.6997110843658447,25.0,2760.646587651223,94
386,0.8563968459442095,3.599121420007003,-1.0996677674745259,25.0,3.997004747390747,2.6997110843658447,25.0,2803.6016127355397,95
387,0.8600734765099851,3.5980143745740256,-1.0996464937925339,25.0,4.001707553863525,2.699873447418213,25.0,2815.6936750775203,96
388,0.8577918992012842,3.6074121575606495,-1.0996468544006348,25.0,4.003167152404785,2.6997110843658447,25.0,2808.227333023213,95
389,0.8429001814644743,3.5797402960188847,-1.0997125696628651,25.0,3.9900317192077637,2.699873447418213,25.0,2759.3031355701387,94
390,0.8449277831953166,3.5866200923919678,-1.099660669235473,25.0,3.9934372901916504,2.6997110843658447,25.0,2766.069203624502,94
391,0.84547056200807,3.58948725842415,-1.0996683658437525,25.0,3.9960317611694336,2.699873447418213,25.0,2767.835002538748,94
392,0.8445372651332329,3.588633319164844,-1.0996895013971533,25.0,3.99651837348938,2.699873447418213,25.0,2764.726058160886,94
393,0.8423633265456064,3.5939370534753285,-1.099690329643988,25.0,3.9961938858032227,2.6997110843658447,25.0,2757.6024469807744,93
394,0.8532706827057411,3.59922725777877,-1.0996658689097354,25.0,4.000572204589844,2.699873447418213,25.0,2793.367923163809,95
395,0.8559926992747886,3.6057308021344636,-1.0996639690901104,25.0,4.0041399002075195,2.6997110843658447,25.0,2802.291587676853,95
396,0.8572148318045163,3.6087606555537173,-1.0996487542202598,25.0,4.00543737411499,2.6995489597320557,25.0,2806.3237507753074,95
397,0.842422674889966,3.586937521366363,-1.099687578830313,25.0,3.9979777336120605,2.699873447418213,25.0,2757.803820822388,94
398,0.8421620317518898,3.5971768081829114,-1.099684505052464,25.0,3.997004747390747,2.699873447418213,25.0,2756.9600647175685,93
399,0.841489093132106,3.597002434474166,-1.0996825618128623,25.0,3.9976534843444824,2.699873447418213,25.0,2754.7569452617317,93
400,0.8402735718964219,3.5952849054849274,-1.0996806134459793,25.0,3.9978156089782715,2.6995489597320557,25.0,2750.788220828399,93
401,0.8372296313124264,3.589128012298256,-1.0996942148413709,25.0,3.996680498123169,2.6995489597320557,25.0,2740.788248552941,93
402,0.8467768927926335,3.600781648717028,-1.099656822833609,25.0,4.000085830688477,2.6997110843658447,25.0,2772.135071230121,94
403,0.8497852675402016,3.6077304419050824,-1.0996645156373368,25.0,4.0041399002075195,2.6997110843658447,25.0,2781.9644873691723,94
404,0.8507649980576425,3.610202545815326,-1.099652978968113,25.0,4.00543737411499,2.699873447418213,25.0,2785.199139613658,94
405,0.8512872662835804,3.6024090264972886,-1.0996582545732196,25.0,4.0060858726501465,2.6995489597320557,25.0,2786.9024403579533,95
406,0.8510895698026307,3.602144479751587,-1.0996392425737882,25.0,4.005923748016357,2.6997110843658447,25.0,2786.293381555006,95
407,0.8507476205055174,3.6115481371575213,-1.0996356860120247,25.0,4.006410121917725,2.6997110843658447,25.0,2785.1841541416943,94
408,0.8507408589427415,3.6120467135246765,-1.0996414511761767,25.0,4.007058620452881,2.6997110843658447,25.0,2785.153182690032,94
409,0.8512674467307699,3.60345711206135,-1.0996278348721955,25.0,4.007058620452881,2.6997110843658447,25.0,2786.903377270326,95
410,0.8520522982801966,3.6063316495795,-1.099639240064119,25.0,4.008356094360352,2.699873447418213,25.0,2789.450757103041,95
411,0.8517931580500463,3.6060909672787314,-1.0996544549339695,25.0,4.00868034362793,2.6997110843658447,25.0,2788.560282183811,95
412,0.8515760548847024,3.6062121541876544,-1.0996164196415952,25.0,4.008842468261719,2.699873447418213,25.0,2787.9508929708973,95
413,0.8509169937692503,3.605252843154104,-1.0996297309273169,25.0,4.008842468261719,2.699873447418213,25.0,2785.7637521242723,95
414,0.850358788680107,3.614354914807259,-1.0996222267759608,25.0,4.008518218994141,2.6997110843658447,25.0,2783.9512407667935,94
415,0.8496900170876083,3.613913284971359,-1.099620300404569,25.0,4.00868034362793,2.6997110843658447,25.0,2781.763625429012,94
416,0.8490757418028151,3.6013354164488773,-1.0997067994259773,25.0,4.003653526306152,2.699873447418213,25.0,2779.5389965912327,94
417,0.8428255592341315,3.5908104333471744,-1.0996933465308332,25.0,4.000247955322266,2.6995489597320557,25.0,2759.1175151383504,94
418,0.8414926372072354,3.5959440328741588,-1.099713647237388,25.0,3.9961938858032227,2.6997110843658447,25.0,2754.6956636719406,93
419,0.8490614601790627,3.60709733151375,-1.0996722071728808,25.0,4.004302024841309,2.699873447418213,25.0,2779.57359578833,94
420,0.8496424535179432,3.609324462870334,-1.099679892367505,25.0,4.005599498748779,2.699873447418213,25.0,2781.4492603261024,94
421,0.8388457450189086,3.5969483903659287,-1.0996961567991523,25.0,4.002356052398682,2.699873447418213,25.0,2746.072150452994,93
422,0.8310593342098848,3.5903596437495686,-1.0997068869030995,25.0,3.994572401046753,2.699873447418213,25.0,2720.555339145474,92
423,0.830680864948165,3.591586436914361,-1.099675459706265,25.0,3.9953832626342773,2.699873447418213,25.0,2719.399242097512,92
424,0.828357439237712,3.588538856610008,-1.0997009964092919,25.0,3.996356248855591,2.699873447418213,25.0,2711.726787683554,92
425,0.8260341547755112,3.5837533214817876,-1.099716711303462,25.0,3.994572401046753,2.699873447418213,25.0,2704.0869816411287,92
426,0.8245920907450652,3.5813896370970686,-1.0997049251328344,25.0,3.9942479133605957,2.699873447418213,25.0,2699.3839299743995,92
427,0.8354966078091453,3.5965141968060563,-1.0996553603038992,25.0,4.000247955322266,2.6997110843658447,25.0,2735.214397901669,93
428,0.8372653924143026,3.6009675482267975,-1.0996708985297912,25.0,4.002842426300049,2.6997110843658447,25.0,2740.9651509094983,93
429,0.7056986798878423,3.560502438605586,-1.0996469274351868,25.0,3.897113084793091,2.6997110843658447,25.0,2310.3015018766746,79
430,0.822071386416372,3.589456801886087,-1.0997555832286456,25.0,3.9955453872680664,2.6997110843658447,25.0,2691.0098340893164,91
431,0.8187167538190697,3.5826513531443838,-1.0997575704868023,25.0,3.992788553237915,2.699873447418213,25.0,2680.0247517423704,91
432,0.8208551375299498,3.5889524810916775,-1.0997337391088298,25.0,3.9957075119018555,2.699873447418213,25.0,2687.087813113816,91
433,0.818227338284378,3.5838310299338874,-1.099729767212501,25.0,3.994896650314331,2.699873447418213,25.0,2678.49351227656,91
434,0.8168707567870913,3.581792433183272,-1.0997158695053268,25.0,3.9942479133605957,2.6997110843658447,25.0,2674.0877151312307,91
435,0.8212123362429239,3.5892554194062622,-1.099731750540681,25.0,3.992302179336548,2.6995489597320557,25.0,2688.2595224995166,91
436,0.8277331743466723,3.5965693748515584,-1.099708853856377,25.0,4.000410079956055,2.699873447418213,25.0,2709.6677555236965,92
437,0.8288572175404889,3.5996257792348447,-1.0996892115344172,25.0,4.001545429229736,2.699873447418213,25.0,2713.386907817796,92
438,0.8165262049420612,3.583323156440651,-1.099719837471679,25.0,3.997004747390747,2.6997110843658447,25.0,2672.9476104592904,91
439,0.8099030481469169,3.579926708009508,-1.099737090534634,25.0,3.9918155670166016,2.699873447418213,25.0,2651.2280217753723,90
440,0.8102563065376621,3.581587960984972,-1.0997290624512566,25.0,3.992788553237915,2.699873447418213,25.0,2652.400055995211,90
441,0.8106369145463341,3.5840329700046114,-1.0997009489271377,25.0,3.9942479133605957,2.6997110843658447,25.0,2653.716523167677,90
442,0.8087187462875625,3.580533896552192,-1.0997290624512566,25.0,3.9934372901916504,2.699873447418213,25.0,2647.36917091161,90
443,0.8048125414882492,3.5823026748185747,-1.0997344282235992,25.0,3.990194082260132,2.6997110843658447,25.0,2634.5718952594325,89
444,0.8179487401835416,3.591532825113653,-1.0997059345245361,25.0,3.9974913597106934,2.699873447418213,25.0,2677.6364938914776,91
445,0.8201660999364583,3.596679221142779,-1.099703956436325,25.0,3.999437093734741,2.699873447418213,25.0,2684.902509224601,91
446,0.8209103797607414,3.5993201549236593,-1.0997158655753503,25.0,4.000410079956055,2.6997110843658447,25.0,2687.3094123871997,91
447,0.8044935293486831,3.583707442444362,-1.0997384907154555,25.0,3.992464303970337,2.699873447418213,25.0,2633.5096653671935,89
448,0.8059720935510586,3.5864204663908885,-1.0997587964775857,25.0,3.9911670684814453,2.6997110843658447,25.0,2638.306404466741,89
449,0.804365925870592,3.5859157717629766,-1.0997486449359508,25.0,3.9932751655578613,2.699873447418213,25.0,2633.072848562151,89
450,0.8049900541452584,3.588007468855783,-1.099752706088377,25.0,3.9935994148254395,2.6997110843658447,25.0,2635.104179878719,89
451,0.8007913611783772,3.579637013124616,-1.0997425518678816,25.0,3.992626428604126,2.699873447418213,25.0,2621.385085772723,89
452,0.8094889874262099,3.5884708086649577,-1.0997511479589674,25.0,3.9932751655578613,2.6997110843658447,25.0,2649.8398952297866,90
453,0.6783555981267154,3.550889410470661,-1.099693448919999,25.0,3.8898158073425293,2.699873447418213,25.0,2220.6922567989677,76
454,0.812865180582383,3.597742854224311,-1.0996868981255425,25.0,3.998950719833374,2.699873447418213,25.0,2661.0440692817792,90
455,0.8141300336374682,3.6002942032284206,-1.0997049662801954,25.0,3.9997615814208984,2.699873447418213,25.0,2665.140323365107,90
456,0.8145146240682607,3.6013842927085027,-1.099696938196818,25.0,4.000085830688477,2.6997110843658447,25.0,2666.419446967542,90
457,0.8149370840631387,3.5926536858736813,-1.099684096954681,25.0,4.000572204589844,2.699873447418213,25.0,2667.8416582290083,91
458,0.8152786544402956,3.593551834861001,-1.0996761531620236,25.0,4.001059055328369,2.6997110843658447,25.0,2668.966841004789,91
459,0.8158434083667944,3.5949792049743317,-1.0996821149364933,25.0,4.001707553863525,2.6997110843658447,25.0,2670.810922739096,91
460,0.8161910756759828,3.5960786919017416,-1.0996860815928533,25.0,4.0020318031311035,2.6995489597320557,25.0,2671.936290559359,91
461,0.8164378864644185,3.5970463202549863,-1.0996960139536596,25.0,4.002518177032471,2.6997110843658447,25.0,2672.7175154546276,91
462,0.8164705380834119,3.597616549376603,-1.0996940227655263,25.0,4.00268030166626,2.6997110843658447,25.0,2672.8271353347227,91
463,0.8166331308208319,3.5985111063653297,-1.0996582783185518,25.0,4.003004550933838,2.699873447418213,25.0,2673.45252402965,91
464,0.8167104894737526,3.5990421641003953,-1.099672183885679,25.0,4.003167152404785,2.6995489597320557,25.0,2673.67156712804,91
465,0.8172097276778483,3.600282425408835,-1.0998032446745987,25.0,4.003815650939941,2.699873447418213,25.0,2674.9843425638974,91
466,0.8121424288169831,3.581260018878513,-1.0997129983372158,25.0,3.9918155670166016,2.6997110843658447,25.0,2658.616412804462,90
467,0.8015568252129752,3.5743968165322637,-1.0996958526332727,25.0,3.9892210960388184,2.699873447418213,25.0,2624.0080299004912,89
468,0.7971356559943577,3.574230817231265,-1.0997091193090787,25.0,3.9890589714050293,2.699873447418213,25.0,2609.4923907909542,88
469,0.8064764330040796,3.582342889573839,-1.0996929261419508,25.0,3.9942479133605957,2.6997110843658447,25.0,2640.120016084984,90
470,0.8081706730625613,3.5872960461510552,-1.0996828820970324,25.0,3.9957075119018555,2.6995489597320557,25.0,2645.6836977237836,90
471,0.8003778215386851,3.5832282612832747,-1.0996978872277763,25.0,3.996680498123169,2.6997110843658447,25.0,2620.135702881962,89
472,0.7890531061559839,3.568556994199753,-1.0997234975749797,25.0,3.9893832206726074,2.699873447418213,25.0,2583.008742444217,88
473,0.7893873849645724,3.5719273794781077,-1.0996947478164325,25.0,3.9893832206726074,2.699873447418213,25.0,2584.165026463568,88
474,0.787445404630203,3.5798018745992377,-1.0996873844629047,25.0,3.9895453453063965,2.699873447418213,25.0,2577.8216325109825,87
475,0.7872603746340995,3.5816956278921546,-1.099683228580431,25.0,3.991004705429077,2.699873447418213,25.0,2577.228485283442,87
476,0.7857524114596318,3.5791178242913606,-1.0996915389751565,25.0,3.990356206893921,2.6997110843658447,25.0,2572.275066608563,87
477,0.7929382824610232,3.5853609903292223,-1.0996803709051826,25.0,3.9921398162841797,2.699873447418213,25.0,2595.8246785299852,88
478,0.7948103611635428,3.590432245622982,-1.0996434146707708,25.0,3.994734525680542,2.699873447418213,25.0,2602.043933204375,88
479,0.7950230266294644,3.5916687087579207,-1.0996660034764896,25.0,3.9955453872680664,2.6997110843658447,25.0,2602.6851014383137,88
480,0.7819765221822289,3.5741765334688385,-1.0996998438889953,25.0,3.9898695945739746,2.6997110843658447,25.0,2559.9012462208048,87
481,0.7791759364694318,3.5698335938070014,-1.0996769940716096,25.0,3.9897074699401855,2.699873447418213,25.0,2550.7758115008473,87
482,0.7791939521302198,3.5709929521056427,-1.0996894630892524,25.0,3.9898695945739746,2.699873447418213,25.0,2550.8074766024947,87
483,0.7792936208966887,3.5721299483858306,-1.0996707691543404,25.0,3.991004705429077,2.699873447418213,25.0,2551.1831239731982,87
484,0.7783526387336356,3.5806187862573666,-1.0996882527373557,25.0,3.990842580795288,2.6997110843658447,25.0,2548.0609532054514,86
485,0.7764494769987812,3.577609375465748,-1.099681948506555,25.0,3.990356206893921,2.6997110843658447,25.0,2541.8398337615654,86
486,0.7861950556897199,3.588826996156539,-1.0996562297316803,25.0,3.9939236640930176,2.6995489597320557,25.0,2573.810420718044,87
487,0.7862290242125257,3.5896061316303824,-1.0996271536268036,25.0,3.994896650314331,2.699873447418213,25.0,2573.9826678037643,87
488,0.7857688870606888,3.589471918413009,-1.0996583028771412,25.0,3.99505877494812,2.6995489597320557,25.0,2572.4047254510224,87
489,0.7701821007776368,3.5655509538428727,-1.099681954051173,25.0,3.9895453453063965,2.699873447418213,25.0,2521.326108638197,86
490,0.768446926558501,3.572526513828951,-1.099706153308644,25.0,3.9893832206726074,2.699873447418213,25.0,2515.5886426167563,85
491,0.7691333823201771,3.5761665428386014,-1.0996891428442563,25.0,3.9893832206726074,2.6997110843658447,25.0,2517.8705515433103,85
492,0.7666694227074129,3.571645108391257,-1.0996955212424784,25.0,3.9895453453063965,2.6997110843658447,25.0,2509.792451082729,85
493,0.7646973585673652,3.568075642866247,-1.0996806425206802,25.0,3.9893832206726074,2.699873447418213,25.0,2503.3707280997187,85
494,0.7706681870333474,3.5688187105711116,-1.0996882499650467,25.0,3.9895453453063965,2.699873447418213,25.0,2522.9027443202212,86
495,0.7782626519864211,3.579341491063436,-1.0996624601298366,25.0,3.99505877494812,2.699873447418213,25.0,2547.825272344053,87
496,0.779830355773273,3.583138309676072,-1.0996624573893932,25.0,3.996356248855591,2.699873447418213,25.0,2552.9526837458834,87
497,0.7725140597298302,3.579804229181866,-1.0996588343797729,25.0,3.997004747390747,2.699873447418213,25.0,2529.01425693091,86
498,0.7676509720162463,3.5785856218899,-1.0996657652013442,25.0,3.992626428604126,2.6997110843658447,25.0,2513.075822947547,85
499,0.7657347054428699,3.5752775220309987,-1.0996402488035315,25.0,3.9916534423828125,2.699873447418213,25.0,2506.8571326090023,85
500,0.7693303610566159,3.5735081822373145,-1.0996672441793043,25.0,3.9935994148254395,2.699873447418213,25.0,2518.5748380459845,86
501,0.7686122679346623,3.5832730573766374,-1.0996551317327163,25.0,3.9942479133605957,2.699873447418213,25.0,2516.248740239069,85
502,0.766882584259032,3.580611686145558,-1.0996444968616261,25.0,3.9939236640930176,2.699873447418213,25.0,2510.607759148814,85
503,0.7754485905538717,3.588185704031656,-1.0996441300525222,25.0,3.995220899581909,2.6997110843658447,25.0,2538.6563693564385,86
504,0.7775503010297347,3.593816125115683,-1.0996588385382364,25.0,3.998788595199585,2.6995489597320557,25.0,2545.500989560969,86
505,0.7779459832635022,3.584957495503042,-1.0996354640215293,25.0,3.999274969100952,2.699873447418213,25.0,2546.845246802084,87
506,0.778473554093321,3.586176502293554,-1.099635465391751,25.0,3.9995994567871094,2.6995489597320557,25.0,2548.580066824332,87
507,0.7786504496336438,3.5871401710071784,-1.099606381065544,25.0,4.000247955322266,2.699873447418213,25.0,2549.2206505136564,87
508,0.6513157859170693,3.5499360953291803,-1.0996175645148918,25.0,3.893221378326416,2.6997110843658447,25.0,2132.3219932205975,73
509,0.7777164200573148,3.5867189018205665,-1.099635465391751,25.0,4.000572204589844,2.6995489597320557,25.0,2546.0961183570325,87
510,0.7784946345725,3.5884001720910783,-1.0996167741972824,25.0,4.001221179962158,2.6997110843658447,25.0,2548.688313830644,87
511,0.7787243002804727,3.5890581443392,-1.099614694200713,25.0,4.001545429229736,2.699873447418213,25.0,2549.440477493219,87
512,0.7788229418705003,3.589656457133677,-1.0996209273393127,25.0,4.0018696784973145,2.699873447418213,25.0,2549.75328879524,87
513,0.7782641670424053,3.589130826380061,-1.0996126183148087,25.0,4.002193927764893,2.6997110843658447,25.0,2547.941194321029,87
514,0.7782591897805383,3.5890655846431336,-1.099627152256582,25.0,4.0018696784973145,2.699873447418213,25.0,2547.8928508637473,87
515,0.7780742745082609,3.5883069805715277,-1.0997455394131013,25.0,4.0018696784973145,2.699873447418213,25.0,2547.0197029476985,87
516,0.7894839845409325,3.59026822718707,-1.0996885855089535,25.0,4.005599498748779,2.6997110843658447,25.0,2584.498651606962,88
517,0.7803756562389477,3.5840124864687866,-1.0996458434510505,25.0,4.000734329223633,2.699873447418213,25.0,2554.7799884686247,87
518,0.7733691914028807,3.5814560069594275,-1.09964622869048,25.0,3.9976534843444824,2.6997110843658447,25.0,2531.8423940865323,86
519,0.7819706627822635,3.5916657721859284,-1.099625079111121,25.0,4.0020318031311035,2.699873447418213,25.0,2560.048853961751,87
520,0.7811095495799503,3.591268764145073,-1.0996084665430004,25.0,4.002518177032471,2.699873447418213,25.0,2557.2684693848714,87
521,0.780065118325915,3.590001287131474,-1.0996167646057304,25.0,4.002518177032471,2.6997110843658447,25.0,2553.8318494623527,87
522,0.767982800779624,3.5862568238202264,-1.0996487505295698,25.0,3.9978156089782715,2.699873447418213,25.0,2514.203493870795,85
523,0.7608441340088387,3.571708059310913,-1.0996657595914954,25.0,3.9942479133605957,2.6997110843658447,25.0,2490.7965463101864,85
524,0.7587811211817173,3.5799577179409208,-1.0996491880643935,25.0,3.994734525680542,2.6997110843658447,25.0,2484.0782982911915,84
525,0.758503179398049,3.5809210340181985,-1.099681448368799,25.0,3.9957075119018555,2.6997110843658447,25.0,2483.094543603249,84
526,0.7554048770538125,3.5754229710215615,-1.0996599396069844,25.0,3.9942479133605957,2.6997110843658447,25.0,2473.0005466546863,84
527,0.7535135430999317,3.5720195117450895,-1.0996706925687336,25.0,3.9934372901916504,2.6995489597320557,25.0,2466.7819352941588,84
528,0.7683096767379248,3.594424068226534,-1.0996359993429745,25.0,4.000085830688477,2.6995489597320557,25.0,2515.3005867460743,85
529,0.7691530618687277,3.5857740280240082,-1.0996630385864612,25.0,4.000734329223633,2.6995489597320557,25.0,2518.004974070005,86
530,0.7696495324488255,3.5875653638396154,-1.0996147172395574,25.0,4.001221179962158,2.699873447418213,25.0,2519.7401144476607,86
531,0.7545669435202701,3.5770349417413985,-1.0996556324618203,25.0,3.9957075119018555,2.6997110843658447,25.0,2470.2673530839384,84
532,0.7498792348090717,3.577789438776223,-1.099745417215738,25.0,3.992950677871704,2.699873447418213,25.0,2454.7199325067922,83
533,0.7496136034079083,3.5780746706997055,-1.0997475902718234,25.0,3.9934372901916504,2.6997110843658447,25.0,2453.845505051315,83
534,0.7474672431682814,3.5741183240729644,-1.0997214676385902,25.0,3.9919776916503906,2.699873447418213,25.0,2446.87655242905,83
535,0.7455076305810169,3.5707246625279807,-1.0997323530266083,25.0,3.9914913177490234,2.6997110843658447,25.0,2440.4390100315213,83
536,0.7460879510288186,3.5729851607816765,-1.099712759615427,25.0,3.9918155670166016,2.699873447418213,25.0,2442.379722177051,83
537,0.7594471522601526,3.5912414533751353,-1.0996835983934856,25.0,3.9978156089782715,2.6995489597320557,25.0,2486.177096403204,84
538,0.6372056944124539,3.5511309093152974,-1.0996940505336708,25.0,3.8917617797851562,2.6997110843658447,25.0,2085.9810699317604,71
539,0.7601136258239597,3.583780527114868,-1.0996742599150713,25.0,3.998788595199585,2.6995489597320557,25.0,2488.3808029126376,85
540,0.748371508076345,3.579876055200416,-1.099732354462865,25.0,3.99505877494812,2.699873447418213,25.0,2449.8151540895924,83
541,0.7420123701813656,3.5770890392908234,-1.0997139811515808,25.0,3.9918155670166016,2.6997110843658447,25.0,2429.032924041152,82
542,0.738958080705595,3.571632888258957,-1.0996963483531301,25.0,3.990680456161499,2.699873447418213,25.0,2419.0797588648275,82
543,0.7918017333326616,3.6039248271421953,-1.0996721603653647,25.0,4.014194011688232,2.699873447418213,25.0,2592.1234736982733,88
544,0.7829251036331374,3.6009164240168428,-1.0996666091612015,25.0,4.011436939239502,2.6997110843658447,25.0,2563.0802273023874,87
545,0.7427964879761825,3.561846787671009,-1.0997519450015332,25.0,3.9934372901916504,2.699873447418213,25.0,2431.523353798315,83
546,0.7271137636231917,3.552996046749162,-1.0997464656829834,25.0,3.9892210960388184,2.699873447418213,25.0,2380.1958184493706,81
547,0.7456115979632845,3.577498338308679,-1.0996801020151161,25.0,3.997328996658325,2.699873447418213,25.0,2440.8885043347254,83
548,0.7473791633137044,3.5829121836696762,-1.0996779246502613,25.0,3.999274969100952,2.699873447418213,25.0,2446.6867606937885,83
549,0.7470828859904046,3.5836428992719536,-1.0996648647699012,25.0,3.9997615814208984,2.699873447418213,25.0,2445.7502640839666,83
550,0.7172901624121687,3.5523168832063674,-1.099759431183338,25.0,3.9893832206726074,2.699873447418213,25.0,2348.0083173168823,80
551,0.7061095644738206,3.540166531937032,-1.099742993523803,25.0,3.9890589714050293,2.699873447418213,25.0,2311.444347843528,79
552,0.6982269730120338,3.5378169126999683,-1.0997168574577723,25.0,3.9890589714050293,2.699873447418213,25.0,2285.6965647172183,78
553,0.6905268560059639,3.5333781706822385,-1.0997463758889732,25.0,3.988734483718872,2.699873447418213,25.0,2260.431123048067,77
554,0.6887911806237791,3.5319481948753455,-1.0997111781851037,25.0,3.988734483718872,2.6997110843658447,25.0,2254.821924052201,77
555,0.6819343401617707,3.528867410986047,-1.0997505156617415,25.0,3.988572359085083,2.699873447418213,25.0,2232.2908410485834,76
556,0.7009923803973783,3.551897938434894,-1.0996821125348408,25.0,3.9893832206726074,2.699873447418213,25.0,2294.8234026245773,78
557,0.7052026235979006,3.563544478171911,-1.0996658878448682,25.0,3.9897074699401855,2.6997110843658447,25.0,2308.6379694892094,78
558,0.7098124957376483,3.562395002268538,-1.099672080595282,25.0,3.9898695945739746,2.699873447418213,25.0,2323.716765641235,79
559,0.6840978491295575,3.539508226670717,-1.0997291160257239,25.0,3.9890589714050293,2.699873447418213,25.0,2239.416170387529,76
560,0.674945880190411,3.5305434131622313,-1.099749943415324,25.0,3.988572359085083,2.6995489597320557,25.0,2209.4161837566644,75
561,0.6734036741197325,3.5298363971710205,-1.099749943415324,25.0,3.988734483718872,2.699873447418213,25.0,2204.36923613213,75
562,0.6687397570656164,3.5320214677501367,-1.0997566838522215,25.0,3.988572359085083,2.6997110843658447,25.0,2189.08829252515,74
563,0.6669852356227495,3.5303625899392204,-1.0997444745656606,25.0,3.988572359085083,2.6997110843658447,25.0,2183.3696346767247,74
564,0.6590601474394012,3.5245366880338485,-1.0997339046164736,25.0,3.988410234451294,2.699873447418213,25.0,2157.4481331203133,73
565,0.6683701791546095,3.5334195542979883,-1.0997298230996002,25.0,3.988248109817505,2.699873447418213,25.0,2187.9326189532876,74
566,0.683648513265271,3.5487109077604195,-1.0997053400466317,25.0,3.9892210960388184,2.699873447418213,25.0,2237.9959224052727,76
567,0.5527350219541839,3.504538001552705,-1.0996563280782392,25.0,3.8693835735321045,2.699873447418213,25.0,1809.5185067141429,62
568,0.6873146169831448,3.547928491196075,-1.0996595450810023,25.0,3.9893832206726074,2.6997110843658447,25.0,2250.0919421380386,77
569,0.6570299043216699,3.5269313315822655,-1.0997314322484684,25.0,3.988410234451294,2.699873447418213,25.0,2150.807923465036,73
570,0.6484096156518521,3.519958840476142,-1.0997230427132711,25.0,3.988410234451294,2.699873447418213,25.0,2122.6047195903957,72
571,0.6483918559519946,3.521535429689619,-1.099725549419721,25.0,3.988410234451294,2.699873447418213,25.0,2122.5423588715494,72
572,0.6452909140337273,3.516618768374125,-1.099735587835312,25.0,3.988248109817505,2.699873447418213,25.0,2112.3705586120486,72
573,0.6443824399664521,3.5159070558018155,-1.099735591146681,25.0,3.988248109817505,2.699873447418213,25.0,2109.4019840499386,72
574,0.6368951467930765,3.5106795740799166,-1.0997576847882338,25.0,3.9879236221313477,2.699873447418213,25.0,2084.83974753879,71
575,0.6323379329579584,3.5125745023999895,-1.0997623358454023,25.0,3.988085985183716,2.699873447418213,25.0,2069.917699119076,70
576,0.6290936675784119,3.5074316671916415,-1.099739100251879,25.0,3.9879236221313477,2.699873447418213,25.0,2059.340030612424,70
577,0.6258580499075638,3.500924355643136,-1.0997003810746329,25.0,3.988085985183716,2.6997110843658447,25.0,2048.824540496804,70
578,0.6237028198628565,3.497349841254098,-1.0997184532029287,25.0,3.9877614974975586,2.699873447418213,25.0,2041.730979626067,70
579,0.6203101884379644,3.5028158339901245,-1.0997121230415676,25.0,3.9879236221313477,2.699873447418213,25.0,2030.6371646802872,69
580,0.6188610549181868,3.5011754105056543,-1.0997095073478809,25.0,3.9879236221313477,2.699873447418213,25.0,2025.903123844415,69
581,0.6242978571097358,3.503762183870588,-1.099728775024414,25.0,3.988085985183716,2.6997110843658447,25.0,2043.6686086235568,70
582,0.6319119892622134,3.5245906829833986,-1.0997339384896414,25.0,3.988572359085083,2.699873447418213,25.0,2068.575222518295,70
583,0.636148193165621,3.524700836396553,-1.0996864161021274,25.0,3.9890589714050293,2.699873447418213,25.0,2082.528444249183,71
584,0.6330928097361531,3.5179654208707136,-1.0996762413374135,25.0,3.9890589714050293,2.699873447418213,25.0,2072.544257875532,71
585,0.6325296277395402,3.5291427850723265,-1.0996797238077436,25.0,3.988896608352661,2.6997110843658447,25.0,2070.7005357174203,70
586,0.6319164216974557,3.5281790835516795,-1.0996771454811096,25.0,3.988896608352661,2.699873447418213,25.0,2068.7006970979273,70
587,0.6319205791885425,3.5294022594179424,-1.0996745671544756,25.0,3.988734483718872,2.699873447418213,25.0,2068.7163825547323,70
588,0.6327761681121022,3.5200369794603805,-1.0996889648303179,25.0,3.988734483718872,2.6997110843658447,25.0,2071.4976733447984,71
589,0.6331903728756186,3.521891563711032,-1.0996889614723098,25.0,3.9890589714050293,2.699873447418213,25.0,2072.841480492614,71
590,0.6332165686841268,3.5225356598974953,-1.0997704082811381,25.0,3.9890589714050293,2.699873447418213,25.0,2072.778835617006,71
591,0.6329699470849539,3.52220446626905,-1.09979840903215,25.0,3.9892210960388184,2.699873447418213,25.0,2071.9198377421126,71
592,0.6331453326078396,3.5232482157962424,-1.0997907695635942,25.0,3.9892210960388184,2.6997110843658447,25.0,2072.5134974000975,71
593,0.6618019795139849,3.546219377904325,-1.0997054077483512,25.0,3.9918155670166016,2.699873447418213,25.0,2166.4664699351415,74
594,0.5352003274691883,3.4987197120984397,-1.099675856033961,25.0,3.8732755184173584,2.699873447418213,25.0,1752.0822161920369,60
595,0.6505984965684234,3.546931743621826,-1.099667822321256,25.0,3.9895453453063965,2.6997110843658447,25.0,2129.8731549428776,72
596,0.6418139774044744,3.5270444220966763,-1.0996828807724848,25.0,3.9895453453063965,2.699873447418213,25.0,2101.0913896700367,72
597,0.6374332448091671,3.5304884238981864,-1.0996660531406672,25.0,3.9895453453063965,2.699873447418213,25.0,2086.776532538235,71
598,0.633173052613238,3.522448848670637,-1.0996889631513138,25.0,3.9893832206726074,2.699873447418213,25.0,2072.7943510478362,71
599,0.6300298164086905,3.528681795937674,-1.0996719820158822,25.0,3.9892210960388184,2.6997110843658447,25.0,2062.5287246452644,70
600,0.6282109672702492,3.5259574719837734,-1.0997029611042568,25.0,3.9895453453063965,2.699873447418213,25.0,2056.5135671561584,70
601,0.6259267209145086,3.5223366294588363,-1.0996797272137233,25.0,3.9893832206726074,2.699873447418213,25.0,2049.0918896719813,70
602,0.6362762998600292,3.53564105235355,-1.0996838740899528,25.0,3.9895453453063965,2.699873447418213,25.0,2082.951830962673,71
603,0.6301235020947318,3.534927330698286,-1.099669407095228,25.0,3.9893832206726074,2.6997110843658447,25.0,2062.842827216722,70
604,0.6307360194610316,3.5371257952281407,-1.099671983718872,25.0,3.9895453453063965,2.699873447418213,25.0,2064.84321186319,70
605,0.6279916604756369,3.5328053304127285,-1.099641009739467,25.0,3.9895453453063965,2.6997110843658447,25.0,2055.921402064152,70
606,0.6223650994887459,3.5324232716491255,-1.0996387989624687,25.0,3.9893832206726074,2.699873447418213,25.0,2037.499478219077,69
607,0.6188723126958662,3.525229405665743,-1.09961524044258,25.0,3.9893832206726074,2.699873447418213,25.0,2026.1088833604008,69
608,0.6154679641710958,3.5190554909084155,-1.0996388024178103,25.0,3.9893832206726074,2.699873447418213,25.0,2014.921543110162,69
609,0.6121058503248983,3.52560549623826,-1.0996365371872396,25.0,3.9893832206726074,2.699873447418213,25.0,2003.922354391776,68
610,0.6098275216024553,3.521377370638006,-1.099692330640905,25.0,3.9890589714050293,2.6997110843658447,25.0,1996.359236179851,68
611,0.6092970307753899,3.521415517610662,-1.0997029595515306,25.0,3.9890589714050293,2.6997110843658447,25.0,1994.609251394868,68
612,0.6094792104082223,3.522822520312141,-1.099718903794008,25.0,3.9892210960388184,2.699873447418213,25.0,1995.169718977064,68
613,0.6282124754839512,3.539219978877476,-1.099604879106794,25.0,3.9898695945739746,2.699873447418213,25.0,2056.707183679566,70
614,0.613889085764549,3.534014070735258,-1.099689674728057,25.0,3.9893832206726074,2.699873447418213,25.0,2009.6564187388867,68
615,0.6053267997626975,3.513908375712002,-1.0996870188152088,25.0,3.9890589714050293,2.6995489597320557,25.0,1981.6390957431868,68
616,0.598965994566246,3.512155824632787,-1.0997043082963174,25.0,3.988734483718872,2.699873447418213,25.0,1960.7793625183403,67
617,0.5938975604898146,3.513871023149201,-1.0996865286971584,25.0,3.988734483718872,2.699873447418213,25.0,1944.2174343829975,66
618,0.5918909026268432,3.510684284296903,-1.0996920050996724,25.0,3.988734483718872,2.699873447418213,25.0,1937.6393648311496,66
619,0.587003849373898,3.5002863082018765,-1.0996974851145889,25.0,3.988572359085083,2.699873447418213,25.0,1921.6395655637607,66
620,0.5850294525461255,3.5096240520477293,-1.0996960108096783,25.0,3.988572359085083,2.699873447418213,25.0,1915.1708594905213,65
621,0.5805433305009045,3.500011609150813,-1.099690451988807,25.0,3.988572359085083,2.699873447418213,25.0,1900.4995259223506,65
622,0.5799569148342953,3.4996797965123103,-1.0996793288450974,25.0,3.988572359085083,2.699873447418213,25.0,1898.5929483147338,65
623,0.5836588319201366,3.5120140625880314,-1.0996960108096783,25.0,3.988896608352661,2.699873447418213,25.0,1910.686923103407,65
624,0.5788002851050362,3.5013064054342418,-1.0996876661594097,25.0,3.988572359085083,2.699873447418213,25.0,1894.7967330133542,65
625,0.5794463024195788,3.5039059969095083,-1.0996793288450974,25.0,3.988896608352661,2.6997110843658447,25.0,1896.9214002154768,65
626,0.5774122740538818,3.5134538039565086,-1.0997029598802328,25.0,3.988734483718872,2.6997110843658447,25.0,1890.218334310688,64
627,0.5714868273546532,3.4990644827485085,-1.099705781787634,25.0,3.988572359085083,2.699873447418213,25.0,1870.827373733744,64
628,0.5664062028723047,3.501412898775131,-1.0996699730555217,25.0,3.988572359085083,2.699873447418213,25.0,1854.249899027869,63
629,0.5630663433551385,3.494887798551529,-1.0997158648475769,25.0,3.988410234451294,2.6995489597320557,25.0,1843.2342142341658,63
630,0.5547864689441857,3.4876025722872828,-1.0997204472941737,25.0,3.988410234451294,2.6997110843658447,25.0,1816.1256416449323,62
631,0.5514604561643931,3.4804805401832826,-1.0996971303416836,25.0,3.988085985183716,2.6997110843658447,25.0,1805.2816005134955,62
632,0.5485575712088132,3.4874076491496604,-1.0997192566512062,25.0,3.988085985183716,2.6997110843658447,25.0,1795.7350728753954,61
633,0.5490069036081463,3.4901963061973698,-1.0996748208999634,25.0,3.988085985183716,2.699873447418213,25.0,1797.2817368842661,61
634,0.5517986374034092,3.486901613973802,-1.0997117046386964,25.0,3.988410234451294,2.699873447418213,25.0,1806.3598860083148,62
635,0.5481296955110058,3.49102837531293,-1.0997429519403177,25.0,3.988248109817505,2.6997110843658447,25.0,1794.2975062290207,61
636,0.5472122493088465,3.489531689002866,-1.0997251780306707,25.0,3.988248109817505,2.6997110843658447,25.0,1791.3289103358984,61
637,0.54353129983208,3.4822184805010186,-1.0997192507884541,25.0,3.988248109817505,2.6997110843658447,25.0,1779.282374358736,61
638,0.5385617073256804,3.48266841173172,-1.099739102522532,25.0,3.988248109817505,2.6997110843658447,25.0,1762.9856007304043,60
639,0.5334405271432421,3.4707333286603292,-1.0997511486212412,25.0,3.9879236221313477,2.6995489597320557,25.0,1746.204527576454,60
640,0.5324942775543334,3.4701873580614726,-1.0998445192972819,25.0,3.988085985183716,2.699873447418213,25.0,1742.9546725302935,60
641,0.5281282414013846,3.4728459463281145,-1.099848448219946,25.0,3.9879236221313477,2.699873447418213,25.0,1728.658211974427,59
642,0.5270707100025616,3.470990702257318,-1.0998515112925384,25.0,3.9877614974975586,2.6995489597320557,25.0,1725.18915210478,59
643,0.5412994056604041,3.4839623912436064,-1.0997103687192573,25.0,3.988734483718872,2.6997110843658447,25.0,1771.9842803701758,61
644,0.5311411132638121,3.4870969319747664,-1.099701426796994,25.0,3.988734483718872,2.6997110843658447,25.0,1738.752001253888,59
645,0.5191609707755055,3.471047282218933,-1.0996936169163933,25.0,3.988572359085083,2.699873447418213,25.0,1699.5493892570958,58
646,0.5107935341801184,3.4653562495582984,-1.099691865736978,25.0,3.988410234451294,2.699873447418213,25.0,1672.1591957416385,57
647,0.5083429264798343,3.459376180381106,-1.099695044651366,25.0,3.988085985183716,2.699873447418213,25.0,1664.1280716992915,57
648,0.5056973988690889,3.4531571279492295,-1.0997045416581004,25.0,3.988085985183716,2.699873447418213,25.0,1655.4563275221735,57
649,0.5014406195960012,3.457417513642992,-1.099696506346975,25.0,3.988248109817505,2.6997110843658447,25.0,1641.534751424566,56
650,0.49847439579187725,3.4516260155609677,-1.0996803705181395,25.0,3.988085985183716,2.6997110843658447,25.0,1631.847482047975,56
651,0.3618722263679285,3.407448123141033,-1.099713979697809,25.0,3.860464572906494,2.699873447418213,25.0,1184.6204427061602,41
652,0.49429525467642643,3.458512952110984,-1.0996816049922595,25.0,3.9879236221313477,2.6997110843658447,25.0,1618.160106021911,55
653,0.4973808961460423,3.4550256431102753,-1.0996577824865068,25.0,3.988248109817505,2.6997110843658447,25.0,1628.3007558472455,56
654,0.5009045299641094,3.4682736737387523,-1.0996577867439814,25.0,3.988572359085083,2.6997110843658447,25.0,1639.8323866985738,56
655,0.49497939417945036,3.4657895998521284,-1.0996881766752764,25.0,3.988410234451294,2.699873447418213,25.0,1620.3947799131274,55
656,0.48977791620203637,3.452781274101951,-1.0996914625167846,25.0,3.988410234451294,2.6997110843658447,25.0,1603.36366489809,55
657,0.3593524578518019,3.406364429287794,-1.099665502222573,25.0,3.861924171447754,2.699873447418213,25.0,1176.4177169715986,41
658,0.47810309489009195,3.4364388209802135,-1.0996761895992138,25.0,3.9879236221313477,2.699873447418213,25.0,1565.1610300578177,54
659,0.469341737193273,3.4292246665594712,-1.0996842024461277,25.0,3.9879236221313477,2.6997110843658447,25.0,1536.4719987781718,53
660,0.4633551220046202,3.426862950508411,-1.0997481391980097,25.0,3.9875993728637695,2.6995489597320557,25.0,1516.7865073503926,52
661,0.4563714270640602,3.424612138785568,-1.0997224485172945,25.0,3.9875993728637695,2.6997110843658447,25.0,1493.9585416568443,51
662,0.45240187391100145,3.4143037375281837,-1.0996657539816463,25.0,3.9875993728637695,2.6997110843658447,25.0,1481.0371940918267,51
663,0.45054029286358716,3.4096265072916068,-1.099733076843561,25.0,3.9875993728637695,2.699873447418213,25.0,1474.8497288739309,51
664,0.44920474184933246,3.4188172578811646,-1.0997029614448548,25.0,3.9874372482299805,2.699873447418213,25.0,1470.5217022476718,50
665,0.44888922549218085,3.4219340085983276,-1.0996921157836914,25.0,3.9875993728637695,2.699873447418213,25.0,1469.5060910321772,50
666,0.45386135245618875,3.424402269662595,-1.0997224508547316,25.0,3.9875993728637695,2.699873447418213,25.0,1485.738506716676,51
667,0.4527407534337142,3.4210096106809726,-1.0997011871898876,25.0,3.9877614974975586,2.6997110843658447,25.0,1482.0996987363324,51
668,0.4498340474286701,3.415779099744909,-1.0996657586565204,25.0,3.9877614974975586,2.699873447418213,25.0,1472.6312785623595,51
669,0.45588139472974487,3.43266934039546,-1.0996444996665506,25.0,3.9879236221313477,2.6997110843658447,25.0,1492.4591639610007,51
670,0.4431818868032327,3.409979434013367,-1.0996884989738465,25.0,3.9875993728637695,2.699873447418213,25.0,1450.8192136017606,50
671,0.4358563380749654,3.405362776347569,-1.0996826789817031,25.0,3.9872751235961914,2.6997110843658447,25.0,1426.850202921778,49
672,0.4331936519243315,3.399432303954144,-1.0997048056855494,25.0,3.9874372482299805,2.699873447418213,25.0,1418.1008253917098,49
673,0.4289435591998499,3.403043657541275,-1.0996803690989811,25.0,3.9874372482299805,2.699873447418213,25.0,1404.22599832993,48
674,0.42715234848889566,3.3997058073679605,-1.0997293119629223,25.0,3.9872751235961914,2.699873447418213,25.0,1398.3042073324323,48
675,0.4267687431447948,3.3987294733524323,-1.0997481420636177,25.0,3.9874372482299805,2.6997110843658447,25.0,1397.0229489337653,48
676,0.42362797653321466,3.3913004448016486,-1.0997029567758243,25.0,3.9872751235961914,2.699873447418213,25.0,1386.78888937179,48
677,0.42297979411350567,3.390168681740761,-1.099714256823063,25.0,3.986950635910034,2.699873447418213,25.0,1384.66369247064,48
678,0.42752399994335444,3.4038713425397873,-1.0997744898001354,25.0,3.9874372482299805,2.699873447418213,25.0,1399.460452273488,48
679,0.4298733093379534,3.413790221015612,-1.099748137096564,25.0,3.9875993728637695,2.6997110843658447,25.0,1407.1789219398052,48
680,0.4290352861986912,3.409911851088206,-1.0997406045595806,25.0,3.9872751235961914,2.6997110843658447,25.0,1404.4449133006856,48
681,0.4263353644410787,3.4027902682622275,-1.0997330769896507,25.0,3.9874372482299805,2.699873447418213,25.0,1395.6167963575572,48
682,0.42632429865913024,3.4039017409086227,-1.0997293144464493,25.0,3.9872751235961914,2.699873447418213,25.0,1395.5855209650472,48
683,0.4184709958423634,3.395384905186105,-1.099754866133345,25.0,3.9872751235961914,2.6997110843658447,25.0,1369.8514958824962,47
684,0.4158349205688546,3.387121545507553,-1.0997471733296171,25.0,3.9874372482299805,2.6997110843658447,25.0,1361.2267633154988,47
685,0.4129901990061149,3.3803487179127147,-1.099770244131697,25.0,3.9871129989624023,2.699873447418213,25.0,1351.8830542406067,47
686,0.409588403067398,3.386663416157598,-1.0997776026311128,25.0,3.9871129989624023,2.699873447418213,25.0,1340.7403123062104,46
687,0.40815854109347655,3.382175756537396,-1.0998208108155623,25.0,3.986950635910034,2.6997110843658447,25.0,1336.0081070028245,46
688,0.4060053724972263,3.3771875267443447,-1.0997540328813635,25.0,3.9871129989624023,2.699873447418213,25.0,1329.0396387148649,46
689,0.4039365246542871,3.371899635895439,-1.099903308826944,25.0,3.9871129989624023,2.699873447418213,25.0,1322.086782229133,46
690,0.4017693657602269,3.382217359542847,-1.0998977210786607,25.0,3.9871129989624023,2.6997110843658447,25.0,1315.0063058231026,45
691,0.4003453473535441,3.3776660124460856,-1.0998816622628107,25.0,3.986788511276245,2.699873447418213,25.0,1310.3679549042135,45
692,0.39830417192410605,3.373352517022027,-1.0998937103483413,25.0,3.9871129989624023,2.699873447418213,25.0,1303.665070163086,45
693,0.4424302091143262,3.406739444732666,-1.0997499442100525,25.0,3.9879236221313477,2.699873447418213,25.0,1448.274241346866,50
694,0.4291870310096599,3.4055064668258033,-1.099702961742878,25.0,3.9879236221313477,2.699873447418213,25.0,1404.9915004083887,48
695,0.42089790410339345,3.4010122380358108,-1.099708727065553,25.0,3.9877614974975586,2.699873447418213,25.0,1377.8511891197413,47
696,0.4097161848522415,3.3841816083244654,-1.09969903593478,25.0,3.9875993728637695,2.6997110843658447,25.0,1341.2581373089924,46
697,0.40263814050022784,3.3807110415564643,-1.0996728499730428,25.0,3.9874372482299805,2.699873447418213,25.0,1318.1177377607673,45
698,0.39649523063310715,3.36546065542433,-1.0997451225916544,25.0,3.9874372482299805,2.699873447418213,25.0,1297.9151333700866,45
699,0.3915263640031605,3.3691368211399424,-1.099727603522214,25.0,3.9871129989624023,2.699873447418213,25.0,1281.6811906611547,44
700,0.3878386165673666,3.3605422431772407,-1.099727603522214,25.0,3.9872751235961914,2.699873447418213,25.0,1269.603269324638,44
701,0.3854704613075232,3.356267040426081,-1.099727603522214,25.0,3.9872751235961914,2.699873447418213,25.0,1261.8532156767324,44
702,0.38199929924780296,3.3625075318092525,-1.099721869757009,25.0,3.9872751235961914,2.699873447418213,25.0,1250.4941831286997,43
703,0.37961507702938124,3.35855154104011,-1.0997176724810933,25.0,3.9871129989624023,2.699873447418213,25.0,1242.6973931761459,43
704,0.3784460058392856,3.353909187538679,-1.099726069805234,25.0,3.9872751235961914,2.699873447418213,25.0,1238.8537296550348,43
705,0.38321762345315535,3.3716451511826624,-1.0996882527373557,25.0,3.9872751235961914,2.699873447418213,25.0,1254.525256877765,43
706,0.38331198040152736,3.373168717983157,-1.0997386810391447,25.0,3.9875993728637695,2.699873447418213,25.0,1254.7754416801035,43
707,0.3767962153307901,3.3571071901986764,-1.099730278170386,25.0,3.9874372482299805,2.699873447418213,25.0,1233.4475736962631,43
708,0.37350261086455333,3.3668598731358848,-1.0997158686319988,25.0,3.9872751235961914,2.699873447418213,25.0,1222.6844388796017,42
709,0.3799488049204376,3.3691712479258693,-1.0997554895489714,25.0,3.9872751235961914,2.699873447418213,25.0,1243.7444256832823,43
710,0.3788831423141962,3.366267431614011,-1.0997008556543395,25.0,3.9874372482299805,2.699873447418213,25.0,1240.3227280238643,43
711,0.36432511580413374,3.3583091817251067,-1.0996875326807907,25.0,3.9872751235961914,2.699873447418213,25.0,1192.682302002795,41
712,0.359685922563943,3.3443593106618743,-1.0997316139500315,25.0,3.9871129989624023,2.699873447418213,25.0,1177.448560505174,41
713,0.35680936434908944,3.35023096203804,-1.0997436195611954,25.0,3.9871129989624023,2.699873447418213,25.0,1168.0111883850768,40
714,0.3530222040677322,3.3430715262889863,-1.0997255474328995,25.0,3.9871129989624023,2.699873447418213,25.0,1155.6364996433258,40
715,0.3599887446743547,3.348164192060145,-1.0996919405169603,25.0,3.9871129989624023,2.699873447418213,25.0,1178.4798258105293,41
716,0.3608575237813238,3.3506519678162365,-1.0997316081349442,25.0,3.9874372482299805,2.699873447418213,25.0,1181.2767848670483,41
717,0.36284181044123165,3.3564186154342277,-1.0997007590968435,25.0,3.9871129989624023,2.699873447418213,25.0,1187.8079678770155,41
718,0.36106150868996356,3.352479271772431,-1.0997139767902653,25.0,3.9874372482299805,2.699873447418213,25.0,1181.9642259730026,41
719,0.3617543157173143,3.3558292795972124,-1.0997007590968435,25.0,3.9872751235961914,2.699873447418213,25.0,1184.2454668777063,41
720,0.3645687576219361,3.3646137307329878,-1.099709566046552,25.0,3.9874372482299805,2.699873447418213,25.0,1193.4484118036926,41
721,0.3680210823883603,3.359319351968311,-1.0997029628072466,25.0,3.9875993728637695,2.699873447418213,25.0,1204.7604242358357,42
722,0.36754574782888266,3.35916877360571,-1.099694359870184,25.0,3.9875993728637695,2.699873447418213,25.0,1203.2142221666873,42
723,0.3637298407941505,3.3649775923752205,-1.0996522758065201,25.0,3.9875993728637695,2.699873447418213,25.0,1190.761083446443,41
724,0.35609984071849776,3.3587241888046266,-1.0997074782848357,25.0,3.9872751235961914,2.6997110843658447,25.0,1165.7303830292076,40
725,0.3532324288295564,3.35177960395813,-1.099698442220688,25.0,3.9874372482299805,2.699873447418213,25.0,1156.3553965128958,40
726,0.35057752052368385,3.34328231215477,-1.099698442220688,25.0,3.9872751235961914,2.699873447418213,25.0,1147.6681523630396,40
727,0.34739626684482733,3.351796651497865,-1.0996682063127174,25.0,3.9872751235961914,2.6997110843658447,25.0,1137.2775979340076,39
728,0.3446682288791577,3.3446033123211985,-1.0996867418289185,25.0,3.9872751235961914,2.699873447418213,25.0,1128.3245944920927,39
729,0.3340176197481951,3.3349455030340898,-1.0997695389546847,25.0,3.9871129989624023,2.699873447418213,25.0,1093.3719661347568,38
730,0.32862961969890847,3.336077541918368,-1.099685862257674,25.0,3.9871129989624023,2.699873447418213,25.0,1075.8257461478934,37
731,0.3254826253491293,3.3277283810280465,-1.0997102840526685,25.0,3.986950635910034,2.699873447418213,25.0,1065.4974294640124,37
732,0.32731125096863894,3.3320629274522937,-1.099729821488664,25.0,3.9871129989624023,2.699873447418213,25.0,1071.4658843716606,37
733,0.32710454510094433,3.333035900786116,-1.0996907498385455,25.0,3.986950635910034,2.699873447418213,25.0,1070.8254549298435,37
734,0.32670436754522186,3.3316991522505477,-1.0997249371296651,25.0,3.986950635910034,2.699873447418213,25.0,1069.4818143267184,37
735,0.32210342855782903,3.3206853222202612,-1.0996956341975443,25.0,3.9871129989624023,2.699873447418213,25.0,1054.4509546179324,37
736,0.31925675471080756,3.329988671673669,-1.0997079776393042,25.0,3.986950635910034,2.699873447418213,25.0,1045.1229555420578,36
737,0.21222711861169932,3.312241344451904,-1.0997643947601319,25.0,3.8615996837615967,2.699873447418213,25.0,694.7071665860713,25
738,0.315343509986984,3.31999769475725,-1.0997180143992107,25.0,3.986950635910034,2.699873447418213,25.0,1032.2948085665703,36
739,0.31473581267860135,3.3160562846395703,-1.0998234351476033,25.0,3.986788511276245,2.699873447418213,25.0,1030.2167279133573,36
740,0.31113635215863705,3.326994357790266,-1.0998036418642316,25.0,3.986788511276245,2.699873447418213,25.0,1018.4510258324444,35
741,0.2726006765483579,3.3613570890119,-1.0998166261180755,25.0,3.9872751235961914,2.699873447418213,25.0,892.297404804267,31
742,0.2425567051416201,3.3509178161621094,-1.099728775875909,25.0,3.9872751235961914,2.699873447418213,25.0,794.0177537454292,28
743,0.23905364623886433,3.3383213451930454,-1.0997933149337769,25.0,3.9872751235961914,2.6997110843658447,25.0,782.504590104334,28
744,0.23328200469752605,3.3451087651429354,-1.099773234791226,25.0,3.986950635910034,2.699873447418213,25.0,763.627743376419,27
745,0.23122554151825556,3.3418595084437617,-1.099800008314627,25.0,3.9872751235961914,2.699873447418213,25.0,756.8778840266168,27
746,0.22686426503213766,3.350559665606572,-1.099737708385174,25.0,3.9871129989624023,2.699873447418213,25.0,742.643855647184,26
747,0.22088281255265885,3.33150563790248,-1.099744663788722,25.0,3.986950635910034,2.699873447418213,25.0,723.050155502744,26
748,0.21514919842799607,3.3375256061553955,-1.0997788524627685,25.0,3.986950635910034,2.699873447418213,25.0,704.2693100078031,25
749,0.21248241337624374,3.3276337337493898,-1.0997788572311402,25.0,3.986950635910034,2.699873447418213,25.0,695.5350743541494,25
750,0.2092194155401732,3.341297189394633,-1.0998159050941467,25.0,3.986788511276245,2.699873447418213,25.0,684.8319698758423,24
751,0.2076719218232964,3.3361080288887024,-1.099748134613037,25.0,3.986626386642456,2.699873447418213,25.0,679.8166804965585,24
752,0.20525952980484624,3.3284931778907776,-1.0997556646664937,25.0,3.986626386642456,2.699873447418213,25.0,671.9103174069896,24
753,0.20355142577544857,3.3227972288926444,-1.0996803690989811,25.0,3.986788511276245,2.6997110843658447,25.0,666.3610676303506,24
754,0.20181030794304264,3.316351314385732,-1.0997631947199504,25.0,3.986788511276245,2.699873447418213,25.0,660.6139497319236,24
755,0.20017696043647945,3.337739913359932,-1.0997618851454363,25.0,3.986788511276245,2.699873447418213,25.0,655.269910838455,23
756,0.19918102047239633,3.3335307577381963,-1.0997697374095088,25.0,3.986950635910034,2.699873447418213,25.0,652.0045156888664,23
757,0.19403837422807269,3.3156295651974887,-1.0997540328813635,25.0,3.986950635910034,2.699873447418213,25.0,635.1766124917194,23
758,0.194902737627921,3.3185907550480054,-1.0997304605401081,25.0,3.986788511276245,2.699873447418213,25.0,638.0203670514748,23
759,0.19530170987187487,3.318957401358563,-1.0997776000396065,25.0,3.986626386642456,2.699873447418213,25.0,639.3016819404438,23
760,0.19435044379158267,3.315305181171583,-1.0997697425925212,25.0,3.986788511276245,2.699873447418213,25.0,636.1923098638654,23
761,0.19922509951808115,3.3312464071356733,-1.099722603093023,25.0,3.986950635910034,2.6997110843658447,25.0,652.1763354111463,23
762,0.20453753191969037,3.3250607450803122,-1.0997782548268635,25.0,3.9871129989624023,2.6997110843658447,25.0,669.5353981861845,24
763,0.20526490490279883,3.3273445268472037,-1.0997330745061238,25.0,3.9871129989624023,2.6997110843658447,25.0,671.941757070832,24
764,0.20298044905430243,3.31927024324735,-1.099763199687004,25.0,3.9871129989624023,2.699873447418213,25.0,664.4417533064261,24
765,0.2021833619814253,3.3220472733179727,-1.0997631947199504,25.0,3.986950635910034,2.699873447418213,25.0,661.8326176097617,24
766,0.20034201595928033,3.3401159825532334,-1.0997461754342783,25.0,3.9871129989624023,2.699873447418213,25.0,655.8172177663073,23
767,0.19854758892063964,3.337105367494666,-1.099722603093023,25.0,3.9871129989624023,2.699873447418213,25.0,649.9577594008297,23
768,0.19641264671927108,3.327396838561348,-1.0997697425925212,25.0,3.9871129989624023,2.699873447418213,25.0,642.9420538591221,23
769,0.19229454569382903,3.3394759459929033,-1.0996947451071306,25.0,3.9871129989624023,2.6997110843658447,25.0,629.5050575239584,22
770,0.19028067658268885,3.330041083422574,-1.0997193889184431,25.0,3.986950635910034,2.6997110843658447,25.0,622.8957117078826,22
771,0.1883880589734645,3.323834711855108,-1.0997029542922974,25.0,3.986950635910034,2.6997110843658447,25.0,616.7081573288888,22
772,0.18785278262937902,3.3211516683751885,-1.099785100330006,25.0,3.986788511276245,2.699873447418213,25.0,614.9113949136809,22
773,0.18654616984420608,3.3178568428212944,-1.0997850949114019,25.0,3.986788511276245,2.699873447418213,25.0,610.6303241597489,22
774,0.1853593040638864,3.3135743141174316,-1.0996865359219639,25.0,3.986788511276245,2.699873447418213,25.0,606.8022374799475,22
775,0.1859276803203604,3.313611160625111,-1.0997440218925476,25.0,3.986950635910034,2.699873447418213,25.0,608.6302926661447,22
776,0.18519554513223846,3.3116062554446133,-1.0997111688960681,25.0,3.986788511276245,2.699873447418213,25.0,606.253293867223,22
777,0.1865935113517842,3.312770876017484,-1.0997275981036099,25.0,3.986788511276245,2.699873447418213,25.0,610.8182242577896,22
778,0.1851324631981168,3.3077954162250864,-1.0997358127073809,25.0,3.986788511276245,2.699873447418213,25.0,606.0364514132962,22
779,0.18264195707464811,3.3297016620635986,-1.0996986627578735,25.0,3.986950635910034,2.699873447418213,25.0,597.8961022812873,21
780,0.18324535277377138,3.3306205726805187,-1.099750286056882,25.0,3.986950635910034,2.699873447418213,25.0,599.8493916429579,21
781,0.18251666323326443,3.327632177443731,-1.0997330745061238,25.0,3.986788511276245,2.6997110843658447,25.0,597.4742754427716,21
782,0.18031219814567612,3.3201341174897694,-1.099758891832261,25.0,3.986788511276245,2.699873447418213,25.0,590.2399848559871,21
783,0.1801951575876344,3.323014418284098,-1.0997502917335147,25.0,3.986788511276245,2.699873447418213,25.0,589.8650928577408,21
784,0.18445409383919292,3.306350751356645,-1.099776885726235,25.0,3.986950635910034,2.6997110843658447,25.0,603.7890759678558,22
785,0.1856970995861137,3.314016580581665,-1.0997358127073809,25.0,3.9871129989624023,2.699873447418213,25.0,607.8803904699162,22
786,0.18177234344656915,3.332404375076294,-1.0997072685332525,25.0,3.986950635910034,2.699873447418213,25.0,595.0524194631726,21
787,0.18662762480954626,3.3192204887216743,-1.0997686819596724,25.0,3.9871129989624023,2.699873447418213,25.0,610.9116170378402,22
788,0.18714863671628515,3.32609760761261,-1.0998508225787769,25.0,3.9871129989624023,2.699873447418213,25.0,612.5680324146524,22
789,0.19077482581518404,3.334751161662015,-1.0998672355305066,25.0,3.9871129989624023,2.6997110843658447,25.0,624.4269279167056,22
790,0.18892151790343276,3.328684839335355,-1.0998097441413186,25.0,3.9871129989624023,2.699873447418213,25.0,618.3959146440029,22
791,1.1349368421168422,3.6496913739887065,-1.0998291678467,25.0,4.0806803703308105,2.699873447418213,25.0,3714.9142933897674,373
792,1.1248011288010058,3.640889911651611,-1.0997947607040406,25.0,4.025058746337891,2.699873447418213,25.0,3681.851887558587,125
793,1.1244755587221467,3.64311607170105,-1.0997383785247803,25.0,4.0266804695129395,2.699873447418213,25.0,3680.976594423875,125
794,1.1237588819401474,3.6420354194641114,-1.0997499446868897,25.0,4.0266804695129395,2.6997110843658447,25.0,3678.6014798833057,125
795,1.1198540448330994,3.6574264072602793,-1.0997175305120406,25.0,4.029274940490723,2.6992247104644775,25.0,3665.919234316796,124
796,1.11867294915955,3.6624181155235536,-1.0997058739585261,25.0,4.036247730255127,2.6993868350982666,25.0,3662.094766257331,124
797,1.1125380912877791,3.6635950580845034,-1.0997213231838816,25.0,4.038031578063965,2.6993868350982666,25.0,3641.9539474733174,123
798,1.1004260018301877,3.6494470795647045,-1.0997696147590388,25.0,4.027977466583252,2.699873447418213,25.0,3602.149912720546,122
799,1.0961592712369532,3.645645571536705,-1.0997385089514686,25.0,4.028464317321777,2.6993868350982666,25.0,3588.274924173951,122
800,1.092889446232715,3.6515614986419678,-1.099750003538841,25.0,4.028464317321777,2.699873447418213,25.0,3577.5406242869794,121
801,1.088654762607018,3.646541183645075,-1.0997350669104207,25.0,4.027977466583252,2.6995489597320557,25.0,3563.7279543029144,121
802,1.094917605463021,3.654855567900861,-1.0997088834887645,25.0,4.033166885375977,2.6992247104644775,25.0,3584.3114857207984,122
803,1.0969840862810072,3.660925982428379,-1.099726655444161,25.0,4.036896705627441,2.6995489597320557,25.0,3591.0171897523105,122
804,1.0971370017841964,3.66310320916723,-1.0996985132576989,25.0,4.038517951965332,2.6995489597320557,25.0,3591.612760514021,122
805,1.0967347213976542,3.6639432633509403,-1.0996777786583196,25.0,4.039653301239014,2.699873447418213,25.0,3590.3636578312144,122
806,1.0962898468871762,3.664489552622936,-1.099665931013764,25.0,4.040626049041748,2.6995489597320557,25.0,3588.94297371991,122
807,0.9899680564741248,3.6408873666416515,-1.0996421792290427,25.0,3.959383249282837,2.6995489597320557,25.0,3240.94807962887,110
808,1.0954075959435796,3.665128903310807,-1.0996466777363763,25.0,4.042085647583008,2.6990625858306885,25.0,3586.1173191005364,122
809,1.0949310189521217,3.665499739959592,-1.0996496384261085,25.0,4.042734146118164,2.6997110843658447,25.0,3584.5551904523745,122
810,1.094111606037214,3.6651701047772267,-1.0996540833692081,25.0,4.0430588722229,2.699873447418213,25.0,3581.852258763276,122
811,1.0933786543602266,3.6649640915823762,-1.0996466757821255,25.0,4.043545246124268,2.6995489597320557,25.0,3579.477330529131,122
812,1.092725917802883,3.664807235608335,-1.0996570469903164,25.0,4.044031620025635,2.6995489597320557,25.0,3577.306220466271,122
813,1.0920706408688277,3.6725929354833178,-1.0996604015019313,25.0,4.044031620025635,2.6993868350982666,25.0,3575.1506505832076,121
814,1.0915879831984916,3.672717571258545,-1.0996514361751966,25.0,4.044517993927002,2.6993868350982666,25.0,3573.6048814430833,121
815,1.091101238140343,3.6728569495776466,-1.0996230653494843,25.0,4.04484224319458,2.6993868350982666,25.0,3572.105164187029,121
816,1.090286587689433,3.6722712910864965,-1.0996529277691172,25.0,4.045166969299316,2.6993868350982666,25.0,3569.339692180045,121
817,1.0895651983934926,3.671855831934401,-1.099621572770363,25.0,4.0453290939331055,2.6995489597320557,25.0,3567.0739087266847,121
818,1.083306874918183,3.671088139216105,-1.0996848901112874,25.0,4.0454912185668945,2.6993868350982666,25.0,3546.3821353362873,120
819,1.0717981504874226,3.657510412841284,-1.0997067569684582,25.0,4.034626483917236,2.6992247104644775,25.0,3508.6372798206285,119
820,1.0684908864946652,3.6528772145760158,-1.0997113119654294,25.0,4.034139633178711,2.6997110843658447,25.0,3497.792907952331,119
821,1.06575339056073,3.657586596779904,-1.099710618035268,25.0,4.032193660736084,2.6997110843658447,25.0,3488.8390861619264,118
822,1.0628537485079783,3.653870627031488,-1.0997121475510678,25.0,4.031545162200928,2.699873447418213,25.0,3479.3385987235233,118
823,1.071764011310142,3.663316882958933,-1.0996748659791065,25.0,4.035437107086182,2.6992247104644775,25.0,3508.625727479346,119
824,1.075185341242446,3.6621327539285025,-1.0996442327896754,25.0,4.040139675140381,2.6995489597320557,25.0,3519.925826627761,120
825,1.0720675544178506,3.66758078887683,-1.0996687903123743,25.0,4.041599273681641,2.6997110843658447,25.0,3509.6450047967955,119
826,1.060908518219387,3.653562798338421,-1.0996953036825536,25.0,4.031707286834717,2.6995489597320557,25.0,3473.0267365593463,118
827,1.0576187043842722,3.648812001034365,-1.0997244028721826,25.0,4.030734539031982,2.6997110843658447,25.0,3462.1664162212983,118
828,1.0564977741731163,3.6561117803948555,-1.0996990957830706,25.0,4.030734539031982,2.6997110843658447,25.0,3458.572888959199,117
829,1.053991646131896,3.652853301447681,-1.0997238108235547,25.0,4.029923439025879,2.699873447418213,25.0,3450.291501951404,117
830,1.063585975310807,3.6632773775165366,-1.0996953036825536,25.0,4.033815383911133,2.699873447418213,25.0,3481.796618953347,118
831,1.0668234111263593,3.6613246192451285,-1.099667271646131,25.0,4.038517951965332,2.6995489597320557,25.0,3492.487298895605,119
832,1.067543461530046,3.6635158302403297,-1.0996657569869226,25.0,4.039977550506592,2.6995489597320557,25.0,3494.848070623353,119
833,1.0527027876183652,3.652729939191769,-1.099714549178751,25.0,4.029923439025879,2.6993868350982666,25.0,3446.104164617136,117
834,1.0517407520713569,3.651817957560221,-1.0997315329364223,25.0,4.030085563659668,2.6992247104644775,25.0,3442.901598468423,117
835,1.0503464049822662,3.6504305835463042,-1.0997222651783218,25.0,4.030410289764404,2.6993868350982666,25.0,3438.370108832605,117
836,1.048782975335816,3.649021030491234,-1.0997160907484527,25.0,4.030085563659668,2.699873447418213,25.0,3433.272282656282,117
837,1.0531405156183644,3.656488773150322,-1.0997129974202213,25.0,4.028302192687988,2.699873447418213,25.0,3447.5440484024584,117
838,1.0591449072131305,3.660832580873522,-1.0996830544229281,25.0,4.037383079528809,2.6993868350982666,25.0,3467.2989353695884,118
839,1.0610655670478497,3.6649470915228632,-1.0996662085339175,25.0,4.0393290519714355,2.6992247104644775,25.0,3473.6289589414373,118
840,1.0481605737800044,3.649696003677499,-1.0997238098046718,25.0,4.0310587882995605,2.6995489597320557,25.0,3431.198843099177,117
841,1.0466072370131594,3.656142304683554,-1.099709192226673,25.0,4.030734539031982,2.6995489597320557,25.0,3426.1674053287134,116
842,1.0451997060875788,3.654179583335745,-1.0997528094669868,25.0,4.030410289764404,2.6997110843658447,25.0,3421.4172393092886,116
843,1.0436576122794476,3.65252161848134,-1.0997169788541465,25.0,4.030247688293457,2.699873447418213,25.0,3416.4795689610764,116
844,1.0269863509840311,3.644401244949876,-1.099701374246363,25.0,4.017761707305908,2.699873447418213,25.0,3361.9590236153454,114
845,1.0260194299920498,3.646213462478236,-1.0996918625998915,25.0,4.0226263999938965,2.6995489597320557,25.0,3358.818991612643,114
846,1.0246676409894175,3.644603225222805,-1.0997013732006675,25.0,4.023112773895264,2.6997110843658447,25.0,3354.36600519903,114
847,1.0307858576943612,3.650200124408888,-1.0996786065723585,25.0,4.027653217315674,2.6997110843658447,25.0,3374.463531764224,115
848,1.0320797557830368,3.6536097526550293,-1.0996691807456638,25.0,4.030247688293457,2.6997110843658447,25.0,3378.730335565284,115
849,1.0271227406804064,3.653954554022404,-1.0996680897578859,25.0,4.03122091293335,2.6997110843658447,25.0,3362.5097878808156,114
850,1.0207424181972597,3.6482121817833555,-1.0996733798389942,25.0,4.023112773895264,2.6995489597320557,25.0,3341.6009925277904,113
851,1.0207313348958253,3.6496515527235722,-1.0996781735293633,25.0,4.02376127243042,2.6995489597320557,25.0,3341.5540441134945,113
852,1.0201981256801709,3.6504523226645142,-1.0996781745843127,25.0,4.02522087097168,2.6995489597320557,25.0,3339.8046337086707,113
853,1.01786592003523,3.6459132274695203,-1.099690966901526,25.0,4.023274898529053,2.6995489597320557,25.0,3332.1318669766188,113
854,1.0231955742284244,3.6488179993211176,-1.0996569938826979,25.0,4.023437023162842,2.6995489597320557,25.0,3349.681662795134,114
855,1.026155185270129,3.656143732238234,-1.099653825425265,25.0,4.030085563659668,2.6995489597320557,25.0,3359.386943610385,114
856,1.0265952104853024,3.6575092997467307,-1.0996617507516293,25.0,4.031383037567139,2.699873447418213,25.0,3360.794396412559,114
857,1.0136476699586576,3.638930230014092,-1.0997069567705677,25.0,4.022140026092529,2.699873447418213,25.0,3318.2725359387696,113
858,0.8966537808310665,3.6098729085922243,-1.0996848905086518,25.0,3.9314913749694824,2.699873447418213,25.0,2935.339799899608,100
859,1.0120633940500192,3.6363629092157415,-1.0996765678962774,25.0,4.021166801452637,2.699873447418213,25.0,3313.1825958322734,113
860,1.0106127020483424,3.644185804894992,-1.0996690818241663,25.0,4.021328926086426,2.699873447418213,25.0,3308.4479403682053,112
861,1.0069697075130584,3.636965270553316,-1.0997061867799078,25.0,4.018085956573486,2.699873447418213,25.0,3296.4282437749207,112
862,1.0190180842425143,3.654384385168025,-1.099655785391816,25.0,4.0268425941467285,2.6993868350982666,25.0,3336.0105673000216,113
863,1.0202580549583562,3.649027102871945,-1.099647485373313,25.0,4.029112815856934,2.6995489597320557,25.0,3340.1023109070957,114
864,1.0113774725255529,3.6476548995290483,-1.099683596619538,25.0,4.025382995605469,2.6997110843658447,25.0,3310.9138469956815,112
865,1.0067125093318288,3.63887211893286,-1.099693282374314,25.0,4.019545078277588,2.699873447418213,25.0,3295.6159712150693,112
866,1.006134627296951,3.6386144012212753,-1.099704577454499,25.0,4.019545078277588,2.6993868350982666,25.0,3293.6942928936332,112
867,1.0069785303815046,3.6410193123987744,-1.0996739236371857,25.0,4.020031929016113,2.6995489597320557,25.0,3296.538160249591,112
868,1.000094495014644,3.6353374343734606,-1.0997054029155422,25.0,4.017599105834961,2.6997110843658447,25.0,3273.9132048264146,111
869,1.0122956430674523,3.644661844304178,-1.099660583301983,25.0,4.023112773895264,2.6992247104644775,25.0,3313.9940228946507,113
870,1.014687059698963,3.6501868235326445,-1.0996605885767303,25.0,4.027328968048096,2.699873447418213,25.0,3321.823751585558,113
871,1.0154612787540858,3.651898850381902,-1.0996589808337456,25.0,4.028302192687988,2.6993868350982666,25.0,3324.355588708073,113
872,0.9062289379973759,3.6248757862808683,-1.0996466107887797,25.0,3.943004846572876,2.6997110843658447,25.0,2966.797590667382,101
873,1.018184530841919,3.6584671155541346,-1.099638202549082,25.0,4.031545162200928,2.6995489597320557,25.0,3333.3417054899037,113
874,1.0192724896329615,3.660710119568141,-1.099657388915003,25.0,4.032842636108398,2.699873447418213,25.0,3336.8424559962004,113
875,1.0197772705895074,3.6534268019492164,-1.0996506527850503,25.0,4.033329010009766,2.6993868350982666,25.0,3338.515191346407,114
876,1.0203801394506324,3.6548194069611397,-1.0996443148244892,25.0,4.033977508544922,2.6995489597320557,25.0,3340.5159054622054,114
877,1.0212602882927617,3.6568763109675624,-1.0996522380594622,25.0,4.0351128578186035,2.6993868350982666,25.0,3343.360777914524,114
878,1.0211647404826072,3.6567155603776897,-1.0996506559221368,25.0,4.035274982452393,2.699873447418213,25.0,3343.0483207292855,114
879,1.0215540072749734,3.657381294066446,-1.0996538212424831,25.0,4.035437107086182,2.6997110843658447,25.0,3344.3299631569535,114
880,1.0218069609398712,3.6579602266612805,-1.099642734778555,25.0,4.035923480987549,2.699873447418213,25.0,3345.189997076988,114
881,1.0221604246666165,3.658751138469629,-1.099645895916119,25.0,4.036409854888916,2.6997110843658447,25.0,3346.3309712987393,114
882,1.022429288439763,3.6592105878026864,-1.0996633318432592,25.0,4.036409854888916,2.6995489597320557,25.0,3347.1593417618424,114
883,1.0225438966937705,3.6596188252432302,-1.0996427305957728,25.0,4.036734580993652,2.699873447418213,25.0,3347.597232433036,114
884,1.0225876231933908,3.6598364721264756,-1.09962846208037,25.0,4.0370588302612305,2.6993868350982666,25.0,3347.7847788687795,114
885,1.0228029418258873,3.660298782482482,-1.0996490696020293,25.0,4.0370588302612305,2.6995489597320557,25.0,3348.4291031695902,114
886,1.0158394106463886,3.6585934098842925,-1.0996749791423832,25.0,4.0372209548950195,2.6997110843658447,25.0,3325.5481954906136,113
887,1.0036655114581101,3.6366612208741054,-1.0997207068971224,25.0,4.022302150726318,2.6995489597320557,25.0,3285.5553647931665,112
888,1.0044460774716535,3.6385087094136646,-1.099694891699723,25.0,4.0226263999938965,2.6997110843658447,25.0,3288.1955913025886,112
889,1.0027042587879997,3.644259246619972,-1.0996874968210857,25.0,4.022464275360107,2.6993868350982666,25.0,3282.5080999489874,111
890,1.0017016403864012,3.6430671558723793,-1.099677724881215,25.0,4.022464275360107,2.699873447418213,25.0,3279.25822644867,111
891,1.008271681120925,3.6469237399952754,-1.0996642378824097,25.0,4.019545078277588,2.699873447418213,25.0,3300.8062458280474,112
892,1.0148642970420914,3.6547689796549028,-1.0996445913230424,25.0,4.030410289764404,2.6992247104644775,25.0,3322.4512188471854,113
893,1.0160298920887825,3.657575957543027,-1.0996381993842337,25.0,4.032031536102295,2.699873447418213,25.0,3326.2808572445065,113
894,1.0135392045754454,3.637401880416195,-1.0996941686731525,25.0,4.022464275360107,2.699873447418213,25.0,3317.960474077612,113
895,1.0162529332468844,3.6415362801172035,-1.0997069546606688,25.0,4.019707202911377,2.699873447418213,25.0,3326.804731693119,113
896,1.023139093900965,3.6519616758614255,-1.0996490685563338,25.0,4.030085563659668,2.6995489597320557,25.0,3349.5282393414527,114
897,1.0240052266404154,3.655258952525624,-1.0996237104399162,25.0,4.032356262207031,2.6997110843658447,25.0,3352.4359393939376,114
898,1.0096362622955275,3.641605685864176,-1.0996803737112455,25.0,4.021815299987793,2.6997110843658447,25.0,3305.226247580722,112
899,1.0082067866742315,3.6390429713896344,-1.099683596619538,25.0,4.020031929016113,2.699873447418213,25.0,3300.5380823127925,112
900,1.011814154756745,3.645179046051843,-1.0996884373681886,25.0,4.021653175354004,2.699873447418213,25.0,3312.3352929037064,112
901,1.0095075176740853,3.6441061794757843,-1.0997029574854034,25.0,4.021004676818848,2.6997110843658447,25.0,3304.741754051298,112
902,1.006511668485581,3.6360748410224915,-1.0997077992984228,25.0,4.017599105834961,2.699873447418213,25.0,3294.9131445344537,112
903,1.0175444503374433,3.653131569381309,-1.099657382585306,25.0,4.027166843414307,2.6995489597320557,25.0,3331.183080084622,113
904,1.0195809159524842,3.657858648131379,-1.0996701759574687,25.0,4.030247688293457,2.6995489597320557,25.0,3337.8102192450315,113
905,1.0102840164919837,3.6462041458913257,-1.099704571068287,25.0,4.0268425941467285,2.6995489597320557,25.0,3307.2742179892957,112
906,1.0058934668601165,3.6371317761284963,-1.099704571068287,25.0,4.018896579742432,2.6997110843658447,25.0,3292.897859292105,112
907,1.0068468455558075,3.640382245182991,-1.099690048822335,25.0,4.0205183029174805,2.6995489597320557,25.0,3296.070039866492,112
908,1.0069213025054529,3.6409338882991245,-1.099691666662693,25.0,4.020356178283691,2.6997110843658447,25.0,3296.304841225967,112
909,1.0027740613363765,3.6408042048548794,-1.0996809843424205,25.0,4.020194053649902,2.6997110843658447,25.0,3282.757273655385,111
910,1.0103572587124947,3.649389447910445,-1.0997416845389776,25.0,4.0206804275512695,2.6995489597320557,25.0,3307.4010089281946,112
911,1.0146665349595083,3.650934499976909,-1.099726148411236,25.0,4.028302192687988,2.6993868350982666,25.0,3321.560133047402,113
912,1.0161563223468946,3.6545163994341827,-1.0997245501627964,25.0,4.029923439025879,2.699873447418213,25.0,3326.436085112393,113
913,1.0009910129669657,3.63801384401751,-1.099772149378115,25.0,4.019382953643799,2.699873447418213,25.0,3276.648305747658,111
914,1.0016969205510797,3.6403089471765466,-1.0997640098537411,25.0,4.018248081207275,2.699873447418213,25.0,3278.992090869695,111
915,1.002215462920538,3.6415434098458506,-1.0996858644055891,25.0,4.019545078277588,2.6997110843658447,25.0,3280.913922894746,111
916,1.001921539315407,3.640840725855784,-1.0997054039894998,25.0,4.01922082901001,2.699873447418213,25.0,3279.898134978488,111
917,1.0005654546801377,3.636802744221043,-1.0997005153346706,25.0,4.017112731933594,2.6993868350982666,25.0,3275.475972039625,111
918,1.011028261465852,3.645098108105955,-1.0996445934329413,25.0,4.026194095611572,2.6997110843658447,25.0,3309.886130463332,113
919,1.0128238614314418,3.6489885591827664,-1.0996302007573895,25.0,4.028464317321777,2.6993868350982666,25.0,3315.8097712304443,113
920,1.014424462636129,3.652203085148229,-1.0996637829637106,25.0,4.02976131439209,2.699873447418213,25.0,3320.950943255797,113
921,1.0147184654527013,3.6529421426553643,-1.0996445923779918,25.0,4.030085563659668,2.699873447418213,25.0,3321.9672207534313,113
922,1.0150683028914003,3.654067225160852,-1.0996397944678247,25.0,4.030572414398193,2.6997110843658447,25.0,3323.139485437423,113
923,1.0163735087486507,3.6569660532791004,-1.0996206112667524,25.0,4.032031536102295,2.6997110843658447,25.0,3327.46856302768,113
924,1.0170338843839155,3.6582418057770854,-1.099614216163095,25.0,4.03251838684082,2.6993868350982666,25.0,3329.641320001334,113
925,1.0173322595601593,3.658883299447794,-1.0996110228310645,25.0,4.0330047607421875,2.6997110843658447,25.0,3330.62641614303,113
926,1.0176451117725003,3.659244917135323,-1.0996158133565852,25.0,4.0330047607421875,2.6993868350982666,25.0,3331.641734506935,113
927,1.0180149530574272,3.6601892002915912,-1.0996174147698732,25.0,4.033653259277344,2.6995489597320557,25.0,3332.8449383974075,113
928,1.018128555668108,3.6601475740955993,-1.0996445955428402,25.0,4.033329010009766,2.6995489597320557,25.0,3333.1419345662,113
929,1.0184411789196635,3.6607158690427255,-1.099630201812339,25.0,4.033653259277344,2.6997110843658447,25.0,3334.2049203980714,113
930,1.0189292094433493,3.6615625461645886,-1.0996206070469543,25.0,4.0343017578125,2.6995489597320557,25.0,3335.8300062678754,113
931,1.0194252248444753,3.662234160752423,-1.0996589903282907,25.0,4.034464359283447,2.699873447418213,25.0,3337.3305788859725,113
932,1.0196166323186657,3.6626618098368686,-1.099641399045961,25.0,4.034626483917236,2.6993868350982666,25.0,3338.018361946568,113
933,1.0212146579640744,3.657604596071076,-1.0996395569098623,25.0,4.036247730255127,2.6992247104644775,25.0,3343.2538044508547,114
934,1.0214557027749775,3.658032781199405,-1.0996363884524296,25.0,4.036734580993652,2.6997110843658447,25.0,3344.0514086205512,114
935,0.8950286514430943,3.6118983125686643,-1.0997011506557464,25.0,3.9379780292510986,2.6997110843658447,25.0,2929.9830407314003,100
936,1.0061366136230672,3.6410135137183324,-1.09970780142716,25.0,4.0227885246276855,2.6997110843658447,25.0,3293.680167971179,112
937,1.005560539455012,3.6406761578151157,-1.099680371582508,25.0,4.0227885246276855,2.6995489597320557,25.0,3291.883355244994,112
938,1.005002879457048,3.639019802212715,-1.0997013481599944,25.0,4.021653175354004,2.699873447418213,25.0,3289.992390163243,112
939,1.0019104683744073,3.6407632870717093,-1.0997265641753737,25.0,4.019058704376221,2.6995489597320557,25.0,3279.8042103555053,111
940,1.0110893623134536,3.6533667658056532,-1.099680371582508,25.0,4.025707244873047,2.6997110843658447,25.0,3309.9804751612246,112
941,1.0140418835187412,3.6520854160848972,-1.0996381983292842,25.0,4.030085563659668,2.6993868350982666,25.0,3319.779567051679,113
942,1.0112052906827202,3.6570631861686707,-1.0996561742254667,25.0,4.0310587882995605,2.6995489597320557,25.0,3310.435717254877,112
943,1.0008874488480788,3.6382125347584218,-1.0997119143202498,25.0,4.017761707305908,2.699873447418213,25.0,3276.4913680609316,111
944,1.0087231212899357,3.637338821377073,-1.0997449095760072,25.0,4.018248081207275,2.6997110843658447,25.0,3302.038046842441,112
945,1.0165233581944206,3.6492109889477753,-1.099658983998594,25.0,4.026031494140625,2.6993868350982666,25.0,3327.8394940905273,113
946,1.0184957548138929,3.654746007075352,-1.0996621836603215,25.0,4.029437065124512,2.6995489597320557,25.0,3334.279033044353,113
947,1.0121807540813679,3.6509893579142436,-1.0996739193797112,25.0,4.030734539031982,2.699873447418213,25.0,3313.573607094586,112
948,1.0061834135374474,3.6361182651349475,-1.0996836008770126,25.0,4.018896579742432,2.6995489597320557,25.0,3293.9135395679623,112
949,1.0078776876942843,3.64074276813439,-1.0997013470956258,25.0,4.021166801452637,2.6997110843658447,25.0,3299.4141132496297,112
950,1.0082846621048078,3.643075276698385,-1.0996755340269633,25.0,4.021328926086426,2.6993868350982666,25.0,3300.820871869102,112
951,0.8863663476653022,3.6045865675415656,-1.0996984002566097,25.0,3.9298698902130127,2.699873447418213,25.0,2901.638028692454,99
952,1.0077446238845755,3.6409367812531337,-1.0996868248496736,25.0,4.021166801452637,2.699873447418213,25.0,3299.0083312876523,112
953,1.0136545854757353,3.648978511844061,-1.0996605864668314,25.0,4.0287885665893555,2.6997110843658447,25.0,3318.4357382487506,113
954,1.0154125006745838,3.65379027349759,-1.0996461990660271,25.0,4.030734539031982,2.699873447418213,25.0,3324.2339473124593,113
955,1.0058732657537015,3.639329648443631,-1.0996981178011214,25.0,4.023274898529053,2.699873447418213,25.0,3292.852485496551,112
956,1.0048490385565287,3.637427140559469,-1.0996723068611962,25.0,4.021004676818848,2.699873447418213,25.0,3289.570452608168,112
957,1.0054348824536352,3.6399232766457965,-1.0996577878083502,25.0,4.022464275360107,2.6997110843658447,25.0,3291.5399390030652,112
958,1.0041720866034418,3.636487454175949,-1.0996739193797112,25.0,4.021328926086426,2.699873447418213,25.0,3287.352962628007,112
959,1.0036622803464423,3.6359488559620723,-1.099681987294129,25.0,4.021491050720215,2.6993868350982666,25.0,3285.664355684072,112
960,1.0123352097842317,3.6487388589740855,-1.0996286035638996,25.0,4.028626441955566,2.699873447418213,25.0,3314.2164436560124,113
961,1.0149045965640962,3.6547158882681248,-1.0996142172180445,25.0,4.032356262207031,2.6995489597320557,25.0,3322.6723040733486,113
962,1.0096779697675615,3.6525718846491406,-1.0996206817882401,25.0,4.03251838684082,2.6997110843658447,25.0,3305.544696168974,112
963,1.003076932063259,3.6432804545840702,-1.0996744718637552,25.0,4.020842552185059,2.6995489597320557,25.0,3283.7743720151484,111
964,1.00619070706806,3.643450283578464,-1.0996416583657265,25.0,4.023274898529053,2.6995489597320557,25.0,3294.0566055215895,112
965,1.0116325364774803,3.6479065165055538,-1.099638202549082,25.0,4.027491092681885,2.699873447418213,25.0,3311.889720099047,113
966,1.0150739965220146,3.6566847699933347,-1.0996094182529281,25.0,4.033977508544922,2.6995489597320557,25.0,3323.237201852724,113
967,1.0155743251868143,3.6576505698988924,-1.099609422472726,25.0,4.034139633178711,2.6997110843658447,25.0,3324.8782349918038,113
968,1.0156717151897325,3.6579504920318064,-1.0996110175563172,25.0,4.034139633178711,2.699873447418213,25.0,3325.191413793713,113
969,1.0160946112338298,3.658870374206948,-1.0996078178945896,25.0,4.034626483917236,2.699873447418213,25.0,3326.582504203543,113
970,1.016381017509201,3.6595563213382145,-1.0996142140531961,25.0,4.0351128578186035,2.6997110843658447,25.0,3327.5047851353884,113
971,1.0164966880548483,3.6600098103548575,-1.0996094182529281,25.0,4.035437107086182,2.6995489597320557,25.0,3327.895806156099,113
972,1.016969118278983,3.6610990140290385,-1.0996110175563172,25.0,4.03576135635376,2.6995489597320557,25.0,3329.4432079102844,113
973,1.0180017445986271,3.6636907484679098,-1.0996126136948576,25.0,4.037545204162598,2.6995489597320557,25.0,3332.819914508611,113
974,1.0177349369983897,3.6630019086652097,-1.0995902371617545,25.0,4.036734580993652,2.6995489597320557,25.0,3332.0071584340185,113
975,1.0176384463378882,3.6627565084305487,-1.0996094140331303,25.0,4.0370588302612305,2.6995489597320557,25.0,3331.6320932507515,113
976,1.017781247534208,3.663131070348014,-1.0995950276872752,25.0,4.0372209548950195,2.6993868350982666,25.0,3332.1481493897736,113
977,1.0178398022508326,3.6633161907702423,-1.0995870417198248,25.0,4.0372209548950195,2.6993868350982666,25.0,3332.3668968193233,113
978,1.0180114024722398,3.6636175539641256,-1.0995918333002952,25.0,4.037383079528809,2.6993868350982666,25.0,3332.913871055469,113
979,1.0181804744007592,3.664116952271588,-1.0995982252391039,25.0,4.037707328796387,2.6997110843658447,25.0,3333.445308830589,113
980,1.0186710434260755,3.6651272267366934,-1.0995982262940533,25.0,4.038031578063965,2.6997110843658447,25.0,3335.05541937612,113
981,1.0181922397617487,3.664221698203973,-1.0996014270107304,25.0,4.037869453430176,2.699873447418213,25.0,3333.477373611182,113
982,1.0181014578367207,3.664152824773198,-1.0996589850535434,25.0,4.037869453430176,2.6997110843658447,25.0,3333.0087424889207,113
983,1.0180820670113562,3.664244664453827,-1.0996781714194643,25.0,4.038193702697754,2.699873447418213,25.0,3332.8838461022824,113
984,1.0181031503720668,3.6642862822102233,-1.0996829724944799,25.0,4.038193702697754,2.699873447418213,25.0,3332.9306573607028,113
985,1.0056672201807666,3.6426177599600384,-1.0997336134314537,25.0,4.02651834487915,2.699873447418213,25.0,3292.073376573622,112
986,1.0077865697640858,3.6492215118237903,-1.0997303862656866,25.0,4.027328968048096,2.6997110843658447,25.0,3299.0270820055157,112
987,1.006283750720163,3.6455352242503847,-1.0997594307575906,25.0,4.026356220245361,2.6995489597320557,25.0,3294.0112570580095,112
988,1.0029877064581956,3.6462256543271176,-1.0996630761000488,25.0,4.023923397064209,2.699873447418213,25.0,3283.512489290908,111
989,1.001387639339852,3.641191330041971,-1.0996679615330052,25.0,4.021166801452637,2.6995489597320557,25.0,3278.2589220050722,111
990,1.0109947078992014,3.657892812575613,-1.0996432666267668,25.0,4.030734539031982,2.6995489597320557,25.0,3309.7825462464243,112
991,1.0125748831899637,3.65330376667259,-1.099639799742572,25.0,4.033166885375977,2.6997110843658447,25.0,3314.9723208192736,113
992,1.0036493491027705,3.6401433604104176,-1.0996868248496736,25.0,4.026356220245361,2.6995489597320557,25.0,3285.604671837762,112
993,1.0005023079031607,3.641756719297117,-1.099733076654039,25.0,4.02197790145874,2.6995489597320557,25.0,3275.165236124769,111
994,1.0890706351886195,3.6559344934037896,-1.099747016410197,25.0,4.035437107086182,2.6997110843658447,25.0,3565.055367289111,121
995,1.0853811945146363,3.6519434452056885,-1.0997574703752502,25.0,4.0330047607421875,2.6995489597320557,25.0,3552.9463745206594,121
996,1.0895811439552299,3.6663812093498294,-1.0997096773021477,25.0,4.041437149047852,2.6997110843658447,25.0,3566.843893332407,121
997,1.0890211969175756,3.6674828273205717,-1.0997186386880795,25.0,4.042734146118164,2.6993868350982666,25.0,3564.9866901636124,121
998,1.0785669582325443,3.654747653007507,-1.0997421125570932,25.0,4.03576135635376,2.6995489597320557,25.0,3530.697990288958,120
999,1.0740094669072027,3.6560632280942773,-1.099744719617507,25.0,4.0330047607421875,2.6992247104644775,25.0,3515.7593043465167,119
1000,1.0722730183891183,3.6556217089420606,-1.0997356096235644,25.0,4.033653259277344,2.6997110843658447,25.0,3510.103424862027,119
1001,0.9573884685574114,3.619521141052246,-1.0997443355132486,25.0,3.9460859298706055,2.699873447418213,25.0,3133.9997923374176,107
1002,1.0612483780688833,3.6443305621712896,-1.0997688103530368,25.0,4.025869369506836,2.699873447418213,25.0,3473.91371653229,118
1003,1.065475991653202,3.6562961723844882,-1.0997397121736558,25.0,4.030085563659668,2.6993868350982666,25.0,3487.8398303464055,118
1004,1.0628747707802189,3.6530708094774664,-1.09973512160576,25.0,4.029599189758301,2.6997110843658447,25.0,3479.339545812458,118
1005,1.0542698695726918,3.6449891624287662,-1.0997855907831438,25.0,4.0247344970703125,2.6997110843658447,25.0,3451.00766232796,117
1006,1.05281066619836,3.6446468218778953,-1.0997624224067752,25.0,4.024248123168945,2.6997110843658447,25.0,3446.3045225609094,117
1007,1.0508006651108455,3.642810367111467,-1.0997624254634237,25.0,4.024572372436523,2.699873447418213,25.0,3439.7264516204596,117
1008,1.0488917940252749,3.649130202572921,-1.0996842682361603,25.0,4.025058746337891,2.6997110843658447,25.0,3433.7269177883863,116
1009,1.0444832292848039,3.641867867831526,-1.0996998425187736,25.0,4.021815299987793,2.699873447418213,25.0,3419.2427231874317,116
1010,1.047643051572329,3.6502835010660104,-1.0996780395507812,25.0,4.024085998535156,2.6995489597320557,25.0,3429.651103850454,116
1011,1.0470351146056702,3.650501582129248,-1.099665578069358,25.0,4.0247344970703125,2.699873447418213,25.0,3427.698345243931,116
1012,1.040717475731972,3.6388664779991937,-1.0996936169163933,25.0,4.0227885246276855,2.6997110843658447,25.0,3406.9304879345,116
1013,1.0389582729378117,3.6455792261206583,-1.0996911795242974,25.0,4.021166801452637,2.699873447418213,25.0,3401.1803324799985,115
1014,1.0386263585381443,3.646580407930457,-1.0997053146362306,25.0,4.022464275360107,2.6995489597320557,25.0,3400.0554395411164,115
1015,1.0375392415995672,3.645866910271023,-1.099689601815265,25.0,4.0226263999938965,2.6995489597320557,25.0,3396.5400136429816,115
1016,1.0331842580861108,3.6382015746572742,-1.0997131751931233,25.0,4.020194053649902,2.6997110843658447,25.0,3382.211563088,115
1017,1.038840681527228,3.6511434866034467,-1.0996644631676051,25.0,4.02376127243042,2.699873447418213,25.0,3400.885568799451,115
1018,1.0385247412208065,3.6515411397685176,-1.0996613232985786,25.0,4.024410247802734,2.699873447418213,25.0,3399.8549036290497,115
1019,1.0375984723024836,3.6505272678706957,-1.0996738889942999,25.0,4.024085998535156,2.6995489597320557,25.0,3396.776684274897,115
1020,1.03644324533153,3.6493456031965175,-1.0996707501618759,25.0,4.02376127243042,2.699873447418213,25.0,3393.011028593406,115
1021,1.0354598087631304,3.6484389097794243,-1.0996911774510922,25.0,4.024085998535156,2.6997110843658447,25.0,3389.7298830579966,115
1022,0.9210436171625362,3.6137757671689523,-1.0996740095823714,25.0,3.9361941814422607,2.6992247104644775,25.0,3015.2200485449284,103
1023,1.0349310239366114,3.6490452662758206,-1.099647185076838,25.0,4.024896621704102,2.6993868350982666,25.0,3388.1369258705527,115
1024,1.0332529278603275,3.646347730056099,-1.0996786024259484,25.0,4.024085998535156,2.6997110843658447,25.0,3382.542788060382,115
1025,1.0320780997800407,3.6447712421417235,-1.0996628978978034,25.0,4.02376127243042,2.6997110843658447,25.0,3378.745776861906,115
1026,1.0312534500929518,3.6440337492072064,-1.0996801759885706,25.0,4.02376127243042,2.699873447418213,25.0,3375.9957269672304,115
1027,1.0302663883259366,3.6429254075755244,-1.0996864629828411,25.0,4.023599147796631,2.6993868350982666,25.0,3372.7456117812544,115
1028,1.0293820125865034,3.650392693385743,-1.0996839393649185,25.0,4.023599147796631,2.6995489597320557,25.0,3369.8553495705128,114
1029,1.0286123307944626,3.6496857216483667,-1.0996712582153187,25.0,4.023274898529053,2.699873447418213,25.0,3367.3706238418818,114
1030,1.0285015297060494,3.65029309716141,-1.099664919209062,25.0,4.023923397064209,2.6995489597320557,25.0,3367.0276274457574,114
1031,0.9130313979225438,3.613581381592096,-1.0996639868792366,25.0,3.9352211952209473,2.6993868350982666,25.0,2989.017143810168,102
1032,1.026451814845516,3.6476032106499923,-1.0996776014043574,25.0,4.022950649261475,2.699873447418213,25.0,3360.2772696092725,114
1033,1.0258568999313515,3.647091137735467,-1.099664921300453,25.0,4.023274898529053,2.6995489597320557,25.0,3358.370753414929,114
1034,0.9057759403921298,3.611042289450617,-1.099696701115901,25.0,3.934248208999634,2.6997110843658447,25.0,2965.1725904699415,101
1035,1.0129737793587819,3.639255798288754,-1.0997207047683852,25.0,4.016788482666016,2.6997110843658447,25.0,3316.024381181225,112
1036,1.011455196120956,3.6375748195818494,-1.099719096507345,25.0,4.015004634857178,2.699873447418213,25.0,3311.0554800946265,112
1037,1.01007413060786,3.63580407840865,-1.0997287748115403,25.0,4.014842510223389,2.6997110843658447,25.0,3306.5090717878193,112
