cycle,capacity,voltage,current,temperature,max_voltage,min_voltage,max_temperature,discharge_duration_s,num_points
1,1.0008252225031495,3.6370404002902745,-1.0994755094115798,25.0,4.019099235534668,2.6999855041503906,25.0,3276.995054438965,111
2,1.0007297695887845,3.6378602981567383,-1.0994868794003048,25.0,4.018937587738037,2.6999855041503906,25.0,3276.6501423252666,111
3,0.9944229125884478,3.6314546368338845,-1.099483152953061,25.0,4.0147271156311035,2.6999855041503906,25.0,3256.008263745658,110
4,1.0064787547868823,3.6451925422464098,-1.099474434341703,25.0,4.023309707641602,2.6999855041503906,25.0,3295.5141304718345,112
5,1.0082171599315812,3.6496399470738004,-1.0994744332773345,25.0,4.025738716125488,2.6998236179351807,25.0,3301.203842628718,112
6,1.0007828531372907,3.640051489477759,-1.0994755083376222,25.0,4.025738716125488,2.6999855041503906,25.0,3276.854806779229,111
7,0.9938043153752757,3.631874177672646,-1.099484796957536,25.0,4.014079570770264,2.6998236179351807,25.0,3253.976742541199,110
8,0.9958361272507302,3.629012264646925,-1.0994998699909933,25.0,4.014889240264893,2.6996617317199707,25.0,3260.5867879414436,111
9,0.9925493807921572,3.6301768324591897,-1.0994962659749117,25.0,4.014079570770264,2.6998236179351807,25.0,3249.835973198875,110
10,0.9936633689010738,3.633864500305869,-1.099481515450911,25.0,4.014565467834473,2.6999855041503906,25.0,3253.5239718909725,110
11,0.9978607777584636,3.6367778026305877,-1.0994738834398288,25.0,4.015536785125732,2.6998236179351807,25.0,3267.292500626965,111
12,1.0023595731263144,3.6476302855723612,-1.0994917530197281,25.0,4.022823810577393,2.6998236179351807,25.0,3281.967060375726,111
13,1.00398309589355,3.6429471586431776,-1.0994792633822985,25.0,4.0247673988342285,2.6994998455047607,25.0,3287.3277249291423,112
14,0.9913251306412894,3.629598277265375,-1.0994929920543324,25.0,4.015050888061523,2.6999855041503906,25.0,3245.8366601231683,110
15,0.9908512083895415,3.628888730569319,-1.0994700453498147,25.0,4.014079570770264,2.6998236179351807,25.0,3244.35224110994,110
16,0.9930724421853212,3.634894988753579,-1.0994995485652577,25.0,4.0152130126953125,2.6998236179351807,25.0,3251.540061044303,110
17,0.9902591813089834,3.6294908025047996,-1.0993848226287148,25.0,4.015860557556152,2.6998236179351807,25.0,3242.6649503977387,110
18,0.9905030803232756,3.630421194163236,-1.0993913737210361,25.0,4.0156989097595215,2.6996617317199707,25.0,3243.44620750568,110
19,1.0011585993749532,3.648034402916023,-1.0993845527236525,25.0,4.0239577293396,2.6999855041503906,25.0,3278.3581481656,111
20,1.0032955475834622,3.6445520413773402,-1.0993778567228998,25.0,4.026872158050537,2.6998236179351807,25.0,3285.3754836696025,112
21,0.9924896651114056,3.634709509936246,-1.0993880954655735,25.0,4.018451690673828,2.6998236179351807,25.0,3249.962802283815,110
22,0.9892713274847698,3.6269749533046376,-1.0994110443375327,25.0,4.013755798339844,2.6999855041503906,25.0,3239.3517853680823,110
23,0.9887057314633271,3.6262491876428777,-1.0994274345311252,25.0,4.015050888061523,2.6999855041503906,25.0,3237.4462363796774,110
24,0.9894251582556646,3.6286958737806843,-1.0994126850908452,25.0,4.013431549072266,2.6999855041503906,25.0,3239.852979410498,110
25,0.9978083607826934,3.6299386518495576,-1.0994202918834515,25.0,4.008735656738281,2.6999855041503906,25.0,3267.2786927472916,111
26,0.9918385623776813,3.6266010262749413,-1.0994421796365217,25.0,4.01019287109375,2.6999855041503906,25.0,3247.668620657176,110
27,0.8778115908764944,3.603833098800815,-1.0994105120094455,25.0,3.923234462738037,2.6996617317199707,25.0,2874.382900906028,98
28,1.0023872077335487,3.6468979539097965,-1.099389428490991,25.0,4.022176265716553,2.6999855041503906,25.0,3282.3619275419624,111
29,1.0028457131543675,3.6478082918905996,-1.0993943031843718,25.0,4.023148059844971,2.6998236179351807,25.0,3283.8470175165567,111
30,0.98969993566223,3.623120921308344,-1.0994028535756197,25.0,4.011488437652588,2.6999855041503906,25.0,3240.779006697936,110
31,0.9896849504910021,3.6239732894030485,-1.099402852491899,25.0,4.009059429168701,2.6999855041503906,25.0,3240.7324404044193,110
32,0.9867060092683256,3.6175813133066352,-1.099386459047144,25.0,4.010031223297119,2.6999855041503906,25.0,3231.0289353750995,110
33,0.8249729294968597,3.6901422228131975,-1.0994127766116635,25.0,4.00954532623291,3.499615430831909,25.0,2701.351926771691,91
34,0.9888536676162513,3.6244664365595036,-1.099527405608784,25.0,4.011164665222168,2.6999855041503906,25.0,3237.63571303786,110
35,0.987791534931356,3.6222862243652343,-1.0995142969218168,25.0,4.00922155380249,2.6999855041503906,25.0,3234.1978419347433,110
36,0.9874324947829439,3.6213028344241054,-1.0995126594196667,25.0,4.00986909866333,2.6996617317199707,25.0,3233.026299746183,110
37,0.9977767126269897,3.6407327931206503,-1.0995014938148293,25.0,4.019423484802246,2.6999855041503906,25.0,3266.9351557091577,111
38,1.0002364241519157,3.646543449109739,-1.0994868761784322,25.0,4.022823810577393,2.6999855041503906,25.0,3275.031255997077,111
39,0.9946336317658278,3.6414827498522673,-1.099515934423967,25.0,4.0242815017700195,2.6994998455047607,25.0,3256.5948211633367,110
40,0.9852134509366772,3.624454552974176,-1.0995091385797624,25.0,4.009707450866699,2.6999855041503906,25.0,3225.775441937498,109
41,0.9879006823851259,3.6241381558504973,-1.099504461071708,25.0,4.011002540588379,2.6994998455047607,25.0,3234.5885530521045,110
42,0.9848726032268628,3.6257752803487517,-1.0994959052549589,25.0,4.009707450866699,2.6999855041503906,25.0,3224.69761986332,109
43,0.9850450400906358,3.6272148604786723,-1.099507488241983,25.0,4.00986909866333,2.6998236179351807,25.0,3225.229008467053,109
44,0.9881569540562452,3.626924904910001,-1.0995077382434497,25.0,4.0058207511901855,2.6998236179351807,25.0,3235.417772001121,110
45,0.9928319736324575,3.6396926554766567,-1.0994995474815368,25.0,4.016994476318359,2.6996617317199707,25.0,3250.748896189849,110
46,0.9940573306635533,3.6428959933194247,-1.0994864333759655,25.0,4.018775463104248,2.6996617317199707,25.0,3254.796705881832,110
47,0.9821745330552227,3.621952752454565,-1.0994727502175428,25.0,4.008573532104492,2.6998236179351807,25.0,3215.9319110938814,109
48,0.980764572478931,3.6195148349901953,-1.0994876360674517,25.0,4.006954193115234,2.6996617317199707,25.0,3211.27522300533,109
49,0.9807190927392456,3.6205057441641433,-1.099484328829914,25.0,4.007602214813232,2.6998236179351807,25.0,3211.134908488486,109
50,0.9793409818237333,3.6184971748142067,-1.0994744005553219,25.0,4.008411884307861,2.6994998455047607,25.0,3206.651005802909,109
51,0.9772670298455122,3.622208372310356,-1.0994604881162997,25.0,4.005982875823975,2.6996617317199707,25.0,3199.9007510510273,108
52,0.9872535125659774,3.631434009291909,-1.0994897116314282,25.0,4.015050888061523,2.6999855041503906,25.0,3232.5139391813427,110
53,0.9891000856784462,3.636302354119041,-1.099455294825814,25.0,4.01747989654541,2.6998236179351807,25.0,3238.6555432928726,110
54,0.9897995662149804,3.6382573366165163,-1.0994536551562222,25.0,4.018613815307617,2.6999855041503906,25.0,3240.9532895542216,110
55,0.9903074761219461,3.6395807851444593,-1.0994782393628901,25.0,4.019261360168457,2.6999855041503906,25.0,3242.5473977618385,110
56,0.9910531143982305,3.6417506803165782,-1.0994667649269103,25.0,4.020233154296875,2.6998236179351807,25.0,3245.0166348512284,110
57,0.9920398625177186,3.644156137379733,-1.0994831507856195,25.0,4.021042823791504,2.6996617317199707,25.0,3248.2046705664834,110
58,0.9930107173333063,3.6464953552592885,-1.0994618513367393,25.0,4.022014141082764,2.6998236179351807,25.0,3251.4397170480806,110
59,0.9929686980056919,3.646672003919428,-1.099484791538932,25.0,4.022500038146973,2.6998236179351807,25.0,3251.2367225583876,110
60,0.9933568868912063,3.647709863836115,-1.099465129592202,25.0,4.022662162780762,2.6999855041503906,25.0,3252.5652801325778,110
61,0.9931665564655462,3.6475008205934003,-1.0994454611431468,25.0,4.023148059844971,2.6998236179351807,25.0,3252.0010896667372,110
62,0.992694351872604,3.6466911445964465,-1.099455294825814,25.0,4.023471832275391,2.6999855041503906,25.0,3250.4248888989678,110
63,0.9934459625077836,3.6484679959037085,-1.099458570913835,25.0,4.023471832275391,2.6998236179351807,25.0,3252.878206706606,110
64,0.9934742733538305,3.6488036437468097,-1.0994585698301143,25.0,4.0242815017700195,2.6999855041503906,25.0,3252.9724399650004,110
65,0.993628933948202,3.6492423404346814,-1.0994503779844804,25.0,4.02444314956665,2.6998236179351807,25.0,3253.502160862321,110
66,0.9943479507431133,3.6424192372743076,-1.099475504041792,25.0,4.025091171264648,2.6996617317199707,25.0,3255.7860318213934,111
67,0.9947384336967953,3.64361259314391,-1.0994771343093734,25.0,4.025738716125488,2.6999855041503906,25.0,3257.0523754648166,111
68,0.9948395175701952,3.644134856559135,-1.099447896888664,25.0,4.026224613189697,2.6996617317199707,25.0,3257.474489267217,111
69,0.9820499340980602,3.630512976865156,-1.0994926002047478,25.0,4.017804145812988,2.6999855041503906,25.0,3215.466835528845,109
70,0.9750898655778252,3.622988051838345,-1.0994838564484208,25.0,4.00986909866333,2.6999855041503906,25.0,3192.6997533296235,108
71,0.9792470833820798,3.6257292458770474,-1.0994710976924371,25.0,4.012298107147217,2.6998236179351807,25.0,3206.3541456660023,109
72,0.9755831066021988,3.6248952591860735,-1.09949219889111,25.0,4.010678768157959,2.6998236179351807,25.0,3194.293757447973,108
73,0.9727278837193991,3.6199413030235856,-1.0994855220671054,25.0,4.010031223297119,2.6994998455047607,25.0,3184.9652847888647,108
74,0.9823413867464353,3.6353382976776962,-1.0994909433049893,25.0,4.013917446136475,2.6999855041503906,25.0,3216.4216553542065,109
75,0.986299863841659,3.63631855357777,-1.0994979078119451,25.0,4.020071029663086,2.6998236179351807,25.0,3229.361050532083,110
76,0.9871643357426518,3.6386606910011987,-1.099473320354115,25.0,4.021204471588135,2.6996617317199707,25.0,3232.2701371063013,110
77,0.971312049900982,3.6171599207101046,-1.099475505175414,25.0,4.00986909866333,2.6994998455047607,25.0,3180.3561679921113,108
78,0.9723277312169597,3.6212532608597368,-1.099485519859526,25.0,4.008735656738281,2.6996617317199707,25.0,3183.652858829708,108
79,0.9711515464778047,3.6206085240399397,-1.099490531064846,25.0,4.009383201599121,2.6996617317199707,25.0,3179.7938514107373,108
80,0.9709915446532533,3.620960869171001,-1.0994838531370517,25.0,4.009059429168701,2.6998236179351807,25.0,3179.2783329401864,108
81,0.9668236417841313,3.618493062313472,-1.0994934835166574,25.0,4.005659103393555,2.6999855041503906,25.0,3165.6058280711295,107
82,0.8560447914642255,3.6016337520197816,-1.0994672850558633,25.0,3.9190242290496826,2.6996617317199707,25.0,2802.959121865686,95
83,0.9797441535528915,3.633820002232123,-1.0995935037595417,25.0,4.01715612411499,2.6996617317199707,25.0,3207.626213526004,109
84,0.9834272909366087,3.6216779039540423,-1.0995124436299735,25.0,4.010354995727539,2.6999855041503906,25.0,3219.917578093824,109
85,0.9810656644783599,3.617837547162257,-1.0994744027426484,25.0,4.009383201599121,2.6999855041503906,25.0,3212.292344970978,109
86,0.9876683759546449,3.626312496445396,-1.0994897105477073,25.0,4.010031223297119,2.6999855041503906,25.0,3233.8722468162887,110
87,0.9907579481239768,3.6342840519818393,-1.0995044621554289,25.0,4.01683235168457,2.6996617317199707,25.0,3243.9365460268455,110
88,0.9914018081618079,3.636289102380926,-1.0994798757813193,25.0,4.017965793609619,2.6998236179351807,25.0,3246.124921837705,110
89,0.9776180238030638,3.6199802734233715,-1.099520578428551,25.0,4.007602214813232,2.6998236179351807,25.0,3200.8703272786224,108
90,0.9773214503343148,3.620770463237056,-1.0994888621347922,25.0,4.005659103393555,2.6998236179351807,25.0,3199.995274954126,108
91,0.9761623347285117,3.619875314059081,-1.0995038858166448,25.0,4.0066304206848145,2.6998236179351807,25.0,3196.152128941845,108
92,0.9748772245548704,3.6182169914245605,-1.0995088948143854,25.0,4.005982875823975,2.6999855041503906,25.0,3191.933342803037,108
93,0.9711849848085169,3.6101487852908947,-1.099482184206998,25.0,4.003230094909668,2.6999855041503906,25.0,3179.917734079063,108
94,0.9822032917737867,3.6301237421298245,-1.0994942494488638,25.0,4.012621879577637,2.6998236179351807,25.0,3215.9515348933637,109
95,0.9832401926010416,3.6333534936292455,-1.0994578632739707,25.0,4.014565467834473,2.6998236179351807,25.0,3219.4677773264702,109
96,0.9837837589083509,3.635194207550189,-1.099456210748865,25.0,4.0156989097595215,2.6998236179351807,25.0,3221.2495517465286,109
97,0.9839817571959558,3.6359147281821715,-1.099471096598774,25.0,4.016670227050781,2.6998236179351807,25.0,3221.859489058377,109
98,0.9849830865885382,3.638680989589166,-1.0994628263176034,25.0,4.017318248748779,2.6994998455047607,25.0,3225.1564376987517,109
99,0.9859207316993,3.632813408158042,-1.0994782404466108,25.0,4.018451690673828,2.6996617317199707,25.0,3228.1727046386804,110
100,0.9862774022753128,3.6342295993458142,-1.0994798844510858,25.0,4.019423484802246,2.6998236179351807,25.0,3229.3450951008126,110
101,0.9853454730273351,3.6409985603542503,-1.0994628252239402,25.0,4.019261360168457,2.6999855041503906,25.0,3226.345553149702,109
102,0.9851234085630869,3.641098094642709,-1.0994595212673923,25.0,4.019585132598877,2.6999855041503906,25.0,3225.6268669585697,109
103,0.9848255636808784,3.6408871379467325,-1.0994744027426484,25.0,4.019585132598877,2.6996617317199707,25.0,3224.611139071174,109
104,0.9844252712364163,3.6406702470341954,-1.0994578632739707,25.0,4.019747257232666,2.6999855041503906,25.0,3223.3459786970634,109
105,0.9842574797006112,3.64061378339015,-1.0994710987861003,25.0,4.019908905029297,2.6996617317199707,25.0,3222.7522592961323,109
106,0.9841961990822281,3.6410163870645227,-1.0994529046049906,25.0,4.020071029663086,2.6994998455047607,25.0,3222.6119549248833,109
107,0.9843612452635836,3.6417725808029875,-1.0994777088865229,25.0,4.020394802093506,2.6999855041503906,25.0,3223.0810115332715,109
108,0.9843552077110671,3.64223907409458,-1.0994644799363722,25.0,4.020718574523926,2.6996617317199707,25.0,3223.0968762633856,109
109,0.9842873150379741,3.6424856820237745,-1.099464483217362,25.0,4.021042823791504,2.6994998455047607,25.0,3222.8785591393244,109
110,0.9839867606527755,3.6422851216902425,-1.0994413270862824,25.0,4.021366596221924,2.6999855041503906,25.0,3221.956876476761,109
111,0.9718370500945381,3.6226012066558555,-1.0994488022945546,25.0,4.013107776641846,2.6999855041503906,25.0,3182.1525041838177,108
112,0.9657465060719934,3.6176319256007115,-1.099436195097237,25.0,4.0058207511901855,2.6998236179351807,25.0,3162.2461538843345,107
113,0.965810464952078,3.618084432922791,-1.0994547349270258,25.0,4.0063066482543945,2.6996617317199707,25.0,3162.4032040275633,107
114,0.9633537401160172,3.6148760095935,-1.099476631556716,25.0,4.0058207511901855,2.6998236179351807,25.0,3154.293674622895,107
115,0.9604778871634212,3.608368398987244,-1.0994749459150797,25.0,4.004363536834717,2.6999855041503906,25.0,3144.8869782369584,107
116,0.970890034917054,3.6254695234475314,-1.099477173001678,25.0,4.009059429168701,2.6999855041503906,25.0,3178.967443717411,108
117,0.974239778476595,3.6337476748007314,-1.099470501696622,25.0,4.014889240264893,2.6999855041503906,25.0,3189.953350271331,108
118,0.9754677858304215,3.6366159893848278,-1.0994621537349842,25.0,4.0161848068237305,2.6998236179351807,25.0,3194.0012239548378,108
119,0.9607374118395906,3.6106309378258534,-1.0994732591593377,25.0,4.0058207511901855,2.6998236179351807,25.0,3145.7468143384904,107
120,0.9594853893971772,3.617145817234831,-1.0994624709183316,25.0,4.003715515136719,2.6999855041503906,25.0,3141.668600910809,106
121,0.9580737486251172,3.6147687457642466,-1.0994692714709156,25.0,4.004039764404297,2.6999855041503906,25.0,3137.0278640675824,106
122,0.9587406840719279,3.6169960903671554,-1.0994675710516155,25.0,4.003877639770508,2.6999855041503906,25.0,3139.215395258274,106
123,0.9575164834726743,3.6147748411826366,-1.0994539643233676,25.0,4.003391742706299,2.6998236179351807,25.0,3135.2463585569058,106
124,0.9681390863951779,3.623253447038156,-1.0994571447372437,25.0,4.011002540588379,2.6999855041503906,25.0,3170.0154402514454,108
125,0.970191596841543,3.6287667000735246,-1.0994688305589888,25.0,4.013269901275635,2.6999855041503906,25.0,3176.703470651526,108
126,0.9605046020798529,3.614042148411831,-1.0994732580452322,25.0,4.008735656738281,2.6999855041503906,25.0,3144.9661935612094,107
127,0.9552967788662671,3.6106210924544424,-1.0994590678304996,25.0,4.001124858856201,2.6999855041503906,25.0,3127.965133393649,106
128,0.9571099806465302,3.615300376460237,-1.0994590655812677,25.0,4.00258207321167,2.6998236179351807,25.0,3133.90292942198,106
129,0.9524288005475421,3.605952508044693,-1.0994675733008474,25.0,4.000315189361572,2.6999855041503906,25.0,3118.5433329180814,106
130,0.9539434529094072,3.6102132167456285,-1.0994675688023836,25.0,4.00161075592041,2.6998236179351807,25.0,3123.512215535622,106
131,0.960461587576007,3.617928562877334,-1.0994496668610618,25.0,4.003230094909668,2.6996617317199707,25.0,3144.9041436328553,107
132,0.964677992648617,3.6279669521010924,-1.0994513591873312,25.0,4.010840892791748,2.6999855041503906,25.0,3158.703141682083,107
133,0.9661941903039084,3.6311178497064893,-1.0995794155887355,25.0,4.012298107147217,2.6999855041503906,25.0,3163.297636848176,107
134,0.9602952444687868,3.607050229455823,-1.0995019050402062,25.0,4.00290584564209,2.6998236179351807,25.0,3144.215057162801,107
135,0.959433195741751,3.615335518459104,-1.0995236972592912,25.0,4.002420425415039,2.6999855041503906,25.0,3141.3246644760948,106
136,0.8196582842895344,3.5735960478311055,-1.0994603175383348,25.0,3.8968393802642822,2.6998236179351807,25.0,2683.8316628225148,91
137,0.9653867619165184,3.623852007856993,-1.0994715768600178,25.0,4.0066304206848145,2.6996617317199707,25.0,3160.968687084038,107
138,0.9682798600698141,3.622899587507601,-1.0994571502561923,25.0,4.011164665222168,2.6999855041503906,25.0,3170.4837262844667,108
139,0.9636741836595119,3.6256393339032327,-1.099466524391531,25.0,4.012298107147217,2.6999855041503906,25.0,3155.373970021261,107
140,0.9525985252804612,3.6047807886915386,-1.0994913825448953,25.0,3.9999911785125732,2.6999855041503906,25.0,3119.043120556744,106
141,0.9534997840481492,3.6086855227092527,-1.0994879805816795,25.0,4.001286506652832,2.6999855041503906,25.0,3121.996177222114,106
142,0.9528683237776779,3.6080316844976172,-1.0994658717569314,25.0,4.000476837158203,2.6998236179351807,25.0,3119.996439928189,106
143,0.9514994712291813,3.605620993758148,-1.0994607693744156,25.0,4.000476837158203,2.6998236179351807,25.0,3115.5275662436616,106
144,0.9533576562298051,3.6075764309685185,-1.0994556624934357,25.0,3.9988577365875244,2.6998236179351807,25.0,3121.6213296463247,106
145,0.830537930980434,3.591368553431138,-1.099455256824908,25.0,3.907688856124878,2.6998236179351807,25.0,2719.4739400544204,92
146,0.9614566370064445,3.622713931253023,-1.0994648409781056,25.0,4.009707450866699,2.6999855041503906,25.0,3148.1240606319625,107
147,0.9620669483693043,3.624336296152846,-1.099479997269461,25.0,4.010678768157959,2.6999855041503906,25.0,3150.077570731286,107
148,0.9627208963509156,3.626052497703338,-1.0994867420642176,25.0,4.011488437652588,2.6999855041503906,25.0,3152.2030181500595,107
149,0.9632620198502487,3.6277762506609763,-1.0994648365216835,25.0,4.012298107147217,2.6999855041503906,25.0,3154.0312694897875,107
150,0.965370842687703,3.6327689652130983,-1.0994665232774252,25.0,4.014079570770264,2.6999855041503906,25.0,3160.9381532550324,107
151,0.9662048932344294,3.6348408115244357,-1.0994682066908508,25.0,4.014889240264893,2.6998236179351807,25.0,3163.657263999805,107
152,0.9664728767501828,3.635638370692173,-1.0994648409781056,25.0,4.015536785125732,2.6998236179351807,25.0,3164.548192852875,107
153,0.9667678872943266,3.6364737737958674,-1.0994732591593377,25.0,4.015860557556152,2.6998236179351807,25.0,3165.486055274727,107
154,0.967003051027811,3.6373575959250193,-1.099459785167302,25.0,4.01650857925415,2.6998236179351807,25.0,3166.298804666614,107
155,0.9671528973395299,3.637704174095225,-1.0994783205406689,25.0,4.01683235168457,2.6998236179351807,25.0,3166.736617852468,107
156,0.9673380758179291,3.6382837986277643,-1.099481686253414,25.0,4.016994476318359,2.6999855041503906,25.0,3167.3305428209715,107
157,0.9675189260409562,3.638937591392303,-1.0994749436868685,25.0,4.01747989654541,2.6998236179351807,25.0,3167.94011796033,107
158,0.9678713752338102,3.631191191849885,-1.0994671638365145,25.0,4.017965793609619,2.6999855041503906,25.0,3169.1280506979674,108
159,0.9684105124050468,3.632816539870368,-1.0994538057733465,25.0,4.018775463104248,2.6999855041503906,25.0,3170.9255623372737,108
160,0.9682681359056287,3.632519664587798,-1.0994621537349842,25.0,4.018613815307617,2.6999855041503906,25.0,3170.4252004593145,108
161,0.9683066889033384,3.632815029886034,-1.0994421232629705,25.0,4.018775463104248,2.6996617317199707,25.0,3170.6128345765173,108
162,0.961015195229272,3.6288855655171046,-1.0994766326708214,25.0,4.019099235534668,2.6999855041503906,25.0,3146.642436379334,107
163,0.9504565554594084,3.6097075421855136,-1.0994794796097953,25.0,4.004363536834717,2.6998236179351807,25.0,3112.0597000499256,106
164,0.9481949142653293,3.614460479645502,-1.0994840928486416,25.0,4.004039764404297,2.6999855041503906,25.0,3104.637801866047,105
165,0.9474113403581361,3.6134364287058514,-1.0994823739642188,25.0,4.00290584564209,2.6998236179351807,25.0,3102.0754148545675,105
166,0.94681790347933,3.61294755254473,-1.0994858060564314,25.0,4.003067970275879,2.6999855041503906,25.0,3100.122561988421,105
167,0.9490044976022338,3.6140240101587207,-1.099454909279233,25.0,4.000153064727783,2.6998236179351807,25.0,3107.3723397215363,105
168,0.9567539895394995,3.6280121938237606,-1.0994675710516155,25.0,4.011002540588379,2.6998236179351807,25.0,3132.71977212606,106
169,0.958810211417483,3.623959458876993,-1.099447991246375,25.0,4.012946128845215,2.6998236179351807,25.0,3139.5021046958864,107
170,0.9477478486638349,3.6157143002464656,-1.0994755029678345,25.0,4.005011081695557,2.6999855041503906,25.0,3103.201023637317,105
171,0.9445078487683635,3.6085259641919816,-1.0994703542618525,25.0,4.00161075592041,2.6998236179351807,25.0,3092.6067985026166,105
172,0.9473887684981307,3.6167244706835064,-1.0994652055558705,25.0,4.003877639770508,2.6999855041503906,25.0,3102.0604292985518,105
173,0.9458772417679603,3.6131141094934374,-1.0994583368301392,25.0,4.003230094909668,2.6999855041503906,25.0,3097.1181788998656,105
174,0.9436454811324033,3.6081034138089136,-1.099444603919983,25.0,4.001448631286621,2.6999855041503906,25.0,3089.856894901721,105
175,0.9519156796622787,3.6196618957339592,-1.0994556636180517,25.0,4.0063066482543945,2.6998236179351807,25.0,3116.9067173984367,106
176,0.9552724038005301,3.6277097013761415,-1.0994675721762315,25.0,4.011488437652588,2.6999855041503906,25.0,3127.861335192574,106
177,0.9568034494582136,3.6312233726933316,-1.0994352608356837,25.0,4.013593673706055,2.6998236179351807,25.0,3132.971165826777,106
178,0.9449937544454757,3.61235686256772,-1.0994634878067744,25.0,4.004363536834717,2.6999855041503906,25.0,3094.216812033206,105
179,0.9451278639834927,3.613385552451724,-1.099463491212754,25.0,4.003391742706299,2.6996617317199707,25.0,3094.654175481526,105
180,0.9447569059886332,3.612989178157988,-1.099442880494254,25.0,4.004039764404297,2.6999855041503906,25.0,3093.4980829670094,105
181,0.9446465709663832,3.6125326928638275,-1.0993535961423602,25.0,4.00290584564209,2.6998236179351807,25.0,3093.3884888808243,105
182,0.9433401407775421,3.6099988142649333,-1.0993827853884015,25.0,4.002096176147461,2.6999855041503906,25.0,3089.0291777113453,105
183,0.9536654163381438,3.626246198168341,-1.0993417085341688,25.0,4.010678768157959,2.6999855041503906,25.0,3122.9547632341273,106
184,0.9506165027808837,3.6150249186016263,-1.0993999651500157,25.0,4.004201412200928,2.6994998455047607,25.0,3112.8098985436372,105
185,0.9508690879857198,3.6043407984499662,-1.0993893348945762,25.0,4.001124858856201,2.6999855041503906,25.0,3113.6689282064326,106
186,0.9489479697283887,3.6126067138853526,-1.099384509949457,25.0,4.003877639770508,2.6998236179351807,25.0,3107.387885148637,105
187,0.9453951746535445,3.605632763817197,-1.0993999572027298,25.0,3.9991815090179443,2.6998236179351807,25.0,3095.71540831076,105
188,0.9437618640632441,3.602650077002389,-1.0994016783578056,25.0,3.9980480670928955,2.6998236179351807,25.0,3090.356103378348,105
189,0.9438123073774847,3.603876161575317,-1.0993845122201102,25.0,3.9982099533081055,2.6998236179351807,25.0,3090.574843185488,105
190,0.9437614170085324,3.6047351769038607,-1.0993845110847837,25.0,3.9990196228027344,2.6999855041503906,25.0,3090.403187422082,105
191,0.9427419333618131,3.60323767434983,-1.0993845088141305,25.0,3.9988577365875244,2.6998236179351807,25.0,3087.059740797151,105
192,0.9408718939365914,3.607835522064796,-1.0994142614878142,25.0,3.9982099533081055,2.6998236179351807,25.0,3080.856324595865,104
193,0.9489552703705706,3.6193339029947915,-1.0993759234746296,25.0,4.001772403717041,2.6998236179351807,25.0,3107.436406502966,105
194,0.9519927196368612,3.6185527972455294,-1.099391038687724,25.0,4.0066304206848145,2.6998236179351807,25.0,3117.3276409390382,106
195,0.9533034614261643,3.6220129975732767,-1.0994046476652037,25.0,4.008411884307861,2.6996617317199707,25.0,3121.5939626572654,106
196,0.9541717398913414,3.624269370762807,-1.0994097477984879,25.0,4.009383201599121,2.6998236179351807,25.0,3124.4222733355127,106
197,0.9545508400780865,3.625560263417802,-1.099394441775556,25.0,4.01019287109375,2.6999855041503906,25.0,3125.703830977902,106
198,0.9549734102904082,3.626889357027018,-1.09939274023164,25.0,4.010678768157959,2.6999855041503906,25.0,3127.094937975984,106
199,0.95534840424251,3.628010666595315,-1.0994012445773718,25.0,4.011650562286377,2.6998236179351807,25.0,3128.298258428462,106
200,0.948192479626736,3.6282634144737607,-1.0993999594733828,25.0,4.009383201599121,2.6999855041503906,25.0,3104.8697777311318,105
201,0.8292931194951776,3.5942200033561043,-1.0994258665520211,25.0,3.915137767791748,2.6999855041503906,25.0,2715.4682201170363,92
202,0.9524233443215625,3.627917474170901,-1.0993859351805921,25.0,4.012136459350586,2.6999855041503906,25.0,3118.762828270439,106
203,0.9545519625533551,3.6310889361039647,-1.099385937429824,25.0,4.013593673706055,2.6998236179351807,25.0,3125.7319287001155,106
204,0.9554775588689652,3.6322148183606706,-1.0993604221433964,25.0,4.013917446136475,2.6998236179351807,25.0,3128.841610002797,106
205,0.948696575807928,3.6230075086866105,-1.09939824399494,25.0,4.008411884307861,2.6999855041503906,25.0,3106.525285515003,105
206,0.950206906749468,3.6173902412630476,-1.0994012400789082,25.0,4.008573532104492,2.6999855041503906,25.0,3111.4629797851667,106
207,0.9503234553727237,3.618465724981056,-1.0993740299962602,25.0,4.011164665222168,2.6998236179351807,25.0,3111.9168201582506,106
208,0.9529244703026355,3.6248529429705636,-1.0994199514389038,25.0,4.013431549072266,2.6998236179351807,25.0,3120.3087160303257,106
209,0.9517908179562067,3.622350614025908,-1.0993995385349922,25.0,4.013593673706055,2.6996617317199707,25.0,3116.6521217729896,106
210,0.9575391871739931,3.635907231636767,-1.099385936305208,25.0,4.015536785125732,2.6996617317199707,25.0,3135.5150158829056,106
211,0.9586909028288167,3.629527259095807,-1.0993755387368602,25.0,4.01683235168457,2.6999855041503906,25.0,3139.312652519904,107
212,0.9543961514342035,3.628818799864571,-1.0993893393930398,25.0,4.017804145812988,2.6999855041503906,25.0,3125.215612913482,106
213,0.823119916709119,3.5824850693992945,-1.0994101905304452,25.0,3.9109275341033936,2.6999855041503906,25.0,2695.296475006733,92
214,0.9492943047778439,3.6250555696941555,-1.099393089612325,25.0,4.01019287109375,2.6999855041503906,25.0,3108.494952507317,105
215,0.9502518966318833,3.61949537610108,-1.099396138821008,25.0,4.012784004211426,2.6998236179351807,25.0,3111.6208717362024,106
216,0.9508057946416131,3.6210902794352116,-1.0993978358664602,25.0,4.013755798339844,2.6996617317199707,25.0,3113.4336315137334,106
217,0.9495282988751734,3.627171516418457,-1.0993845133554367,25.0,4.011812210083008,2.6998236179351807,25.0,3109.2927234028466,105
218,0.9555280099080773,3.6329649259459296,-1.0993893393930398,25.0,4.0152130126953125,2.6999855041503906,25.0,3128.921846192796,106
219,0.9566984702955531,3.6357116946634256,-1.0993961365717762,25.0,4.0161848068237305,2.6996617317199707,25.0,3132.735135287512,106
220,0.9498605219894525,3.627783777600243,-1.0993982485362461,25.0,4.013107776641846,2.6994998455047607,25.0,3110.3401659973897,105
221,0.9460940321672382,3.6200895922524587,-1.099374204590207,25.0,4.00954532623291,2.6999855041503906,25.0,3098.073717380408,105
222,0.9471092606434155,3.6238911969321115,-1.0993930930183047,25.0,4.011002540588379,2.6999855041503906,25.0,3101.3396960054524,105
223,0.9465604133696215,3.6222980612800235,-1.0993930930183047,25.0,4.010031223297119,2.6999855041503906,25.0,3099.542758373078,105
224,0.8186496867745078,3.5865899258917504,-1.0993830541987994,25.0,3.9094700813293457,2.6996617317199707,25.0,2680.7193881310523,91
225,0.9437629555687662,3.6156171503521146,-1.0993862242925734,25.0,4.008735656738281,2.6999855041503906,25.0,3090.401421111077,105
226,0.9524241279042971,3.628939486899466,-1.0993689253645123,25.0,4.013755798339844,2.6999855041503906,25.0,3118.812920051627,106
227,0.9531494989164836,3.630409114765671,-1.0993774263363965,25.0,4.015375137329102,2.6999855041503906,25.0,3121.172850700561,106
228,0.9453295184925541,3.6207388696216403,-1.0993827933356874,25.0,4.011326789855957,2.6996617317199707,25.0,3095.5433316212147,105
229,0.9433234784699249,3.616704414004371,-1.0993707736333211,25.0,4.008735656738281,2.6998236179351807,25.0,3089.011036482174,105
230,0.9449001580108709,3.6213619391123455,-1.099367340405782,25.0,4.010678768157959,2.6999855041503906,25.0,3094.1836681338027,105
231,0.9445866226562155,3.620873056139265,-1.099369058154878,25.0,4.011002540588379,2.6998236179351807,25.0,3093.152641434688,105
232,0.9460409212407384,3.6246468861897787,-1.0993776412237257,25.0,4.011812210083008,2.6998236179351807,25.0,3097.8875017636456,105
233,0.9496541853682992,3.6238324664673716,-1.0993859340559762,25.0,4.011488437652588,2.6999855041503906,25.0,3109.7024434846826,106
234,0.9520281510781802,3.63010052465043,-1.0993536103446528,25.0,4.016022682189941,2.6998236179351807,25.0,3117.5633434881456,106
235,0.9527931552393454,3.6320635980030276,-1.0993859340559762,25.0,4.016994476318359,2.6999855041503906,25.0,3119.970418251585,106
236,0.9532413165854479,3.6333621268002494,-1.0993655234012965,25.0,4.017642021179199,2.6998236179351807,25.0,3121.501942003146,106
237,0.9535525684118183,3.634199286406895,-1.0993451104973846,25.0,4.018289566040039,2.6998236179351807,25.0,3122.580577403307,106
238,0.953958265112968,3.6351953250057294,-1.0993655256505281,25.0,4.018613815307617,2.6999855041503906,25.0,3123.846517644357,106
239,0.9551443498102604,3.638217084812668,-1.0993689276137442,25.0,4.020071029663086,2.6996617317199707,25.0,3127.7221394465305,106
240,0.955682344882548,3.639445327362924,-1.099377431959476,25.0,4.020718574523926,2.6999855041503906,25.0,3129.457382961642,106
241,0.9558247547061218,3.639934200160908,-1.0993723307015761,25.0,4.021042823791504,2.6999855041503906,25.0,3129.941784698516,106
242,0.9559825774523925,3.6403466688012176,-1.0993774308348603,25.0,4.021366596221924,2.6996617317199707,25.0,3130.4419184536673,106
243,0.9559574200692286,3.640354295946517,-1.0993859329313602,25.0,4.021204471588135,2.6996617317199707,25.0,3130.333019135054,106
244,0.9559249346431763,3.640519292849415,-1.0993706224099644,25.0,4.021528720855713,2.6998236179351807,25.0,3130.270555451978,106
245,0.9556770182282123,3.6402397335700267,-1.0993519177976645,25.0,4.021690368652344,2.6998236179351807,25.0,3129.520512015559,106
246,0.955620755905426,3.640027383588395,-1.0993961466933198,25.0,4.021690368652344,2.6999855041503906,25.0,3129.2080989857204,106
247,0.9556995161272466,3.6405468009552866,-1.0993859340559762,25.0,4.021690368652344,2.6998236179351807,25.0,3129.4898630483076,106
248,0.8388310215861945,3.609289933276433,-1.0993747083089684,25.0,3.9276068210601807,2.6998236179351807,25.0,2746.821252844762,93
249,0.9556953605207907,3.640861499984309,-1.099392737982408,25.0,4.022176265716553,2.6998236179351807,25.0,3129.4590232288465,106
250,0.953974823661625,3.6258398294448853,-1.0994165461018401,25.0,4.0161848068237305,2.6998236179351807,25.0,3123.7625673185103,106
251,0.9519608894607654,3.622110769433795,-1.0994165483510718,25.0,4.015375137329102,2.6999855041503906,25.0,3117.168719502166,106
252,0.956383430888843,3.633187968775911,-1.0994216507335879,25.0,4.0147271156311035,2.6998236179351807,25.0,3131.625317566097,106
253,0.9581001279288077,3.6377755920842008,-1.0994318599970836,25.0,4.018127918243408,2.6998236179351807,25.0,3137.2212081081234,106
254,0.958408991577116,3.63915812069515,-1.0994131553847835,25.0,4.018937587738037,2.6999855041503906,25.0,3138.2843211041763,106
255,0.9484107009843075,3.6258035591670446,-1.0994308687391736,25.0,4.013269901275635,2.6999855041503906,25.0,3105.4968230091035,105
256,0.9487867708529201,3.6269062564486547,-1.0994343053726923,25.0,4.012784004211426,2.6998236179351807,25.0,3106.7148838951252,105
257,0.9492645823740073,3.6303916794913156,-1.0994188479014806,25.0,4.015050888061523,2.6999855041503906,25.0,3108.3262213971466,105
258,0.948605250431573,3.629759384336926,-1.0994119780404228,25.0,4.015375137329102,2.6999855041503906,25.0,3106.185656590387,105
259,0.9455361258032384,3.623133977254232,-1.0994222845349992,25.0,4.012784004211426,2.6996617317199707,25.0,3096.1070099812932,105
260,0.9524098605314468,3.630956028992275,-1.0994386583004359,25.0,4.016670227050781,2.6996617317199707,25.0,3118.565170464106,106
261,0.9532967301860228,3.633218506597123,-1.0994216529828198,25.0,4.017965793609619,2.6999855041503906,25.0,3121.5195503975265,106
262,0.9501896210809158,3.6288523988903694,-1.0994165506003037,25.0,4.018775463104248,2.6999855041503906,25.0,3111.3627069294453,106
263,0.9432831773524135,3.619770372481573,-1.0994205690565564,25.0,4.012460231781006,2.6998236179351807,25.0,3088.7318576416,105
264,0.9450571564395601,3.6251003015609014,-1.099405110450018,25.0,4.013593673706055,2.6999855041503906,25.0,3094.5919350981712,105
265,0.9447907892017269,3.62545500709897,-1.0993707736333211,25.0,4.015050888061523,2.6994998455047607,25.0,3093.8107670508325,105
266,0.9451456809389183,3.6267936706542967,-1.0994909638450259,25.0,4.014889240264893,2.6996617317199707,25.0,3094.6395613835193,105
267,0.9430550441491091,3.622106835955665,-1.099484091713315,25.0,4.012784004211426,2.6999855041503906,25.0,3087.8103877715766,105
268,0.9494566905906141,3.6370016688392277,-1.099484093983968,25.0,4.01747989654541,2.6998236179351807,25.0,3108.7692946535535,105
269,0.9505852184971848,3.6309254799249038,-1.0994879783324476,25.0,4.018937587738037,2.6998236179351807,25.0,3112.4579295380972,106
270,0.9439812909358305,3.624964580081758,-1.0994943925312588,25.0,4.0152130126953125,2.6999855041503906,25.0,3090.811929721851,105
271,0.940327501092279,3.6258942622404833,-1.0994974649869478,25.0,4.011488437652588,2.6998236179351807,25.0,3078.841048907023,104
272,0.9415741752075169,3.620635543550764,-1.0993845054081508,25.0,4.012621879577637,2.6999855041503906,25.0,3083.23247297341,105
273,0.9406125316011938,3.628030540851446,-1.0993951891477292,25.0,4.013269901275635,2.6998236179351807,25.0,3080.060284211766,104
274,0.9401241083575487,3.6273267635932336,-1.0994003942379584,25.0,4.012946128845215,2.6999855041503906,25.0,3078.4507151939906,104
275,0.943148354741338,3.6255136149270193,-1.0993930930183047,25.0,4.010678768157959,2.6999855041503906,25.0,3088.37525296025,105
276,0.9467733039305207,3.634543378012521,-1.0993999628793625,25.0,4.01715612411499,2.6998236179351807,25.0,3100.221994320862,105
277,0.9475824779674338,3.636642344792684,-1.099403392700922,25.0,4.018451690673828,2.6999855041503906,25.0,3102.8635009718128,105
278,0.9384908823683135,3.624785643357497,-1.0993986553870714,25.0,4.012136459350586,2.6999855041503906,25.0,3073.106765479315,104
279,0.9367205729845529,3.6212697946108303,-1.0993761236851032,25.0,4.01019287109375,2.6999855041503906,25.0,3067.3720245528966,104
280,0.937206373534376,3.62328931918511,-1.099407326716643,25.0,4.011650562286377,2.6998236179351807,25.0,3068.8724615625106,104
281,0.937639907902665,3.6250659227371216,-1.0994021250651433,25.0,4.012946128845215,2.6999855041503906,25.0,3070.310501050204,104
282,0.9356891084473952,3.620634528306814,-1.0994142614878142,25.0,4.011650562286377,2.6998236179351807,25.0,3063.887863805983,104
283,0.9417953489208624,3.6264003912607827,-1.0994154169445947,25.0,4.014889240264893,2.6998236179351807,25.0,3083.8767366814427,105
284,0.9435462806686958,3.630601435615903,-1.0993965273811703,25.0,4.01683235168457,2.6998236179351807,25.0,3089.659730479121,105
285,0.9442254462231336,3.632228485743205,-1.099382789929708,25.0,4.017804145812988,2.6996617317199707,25.0,3091.925759940874,105
286,0.944634983659149,3.6333697364443824,-1.099413700330825,25.0,4.018289566040039,2.6998236179351807,25.0,3093.176409661304,105
287,0.9448873397764103,3.634071450006394,-1.0994051115853445,25.0,4.018613815307617,2.6998236179351807,25.0,3094.0362157048658,105
288,0.9452193522287489,3.6351494607471286,-1.0993862265632266,25.0,4.019261360168457,2.6999855041503906,25.0,3095.177386012394,105
289,0.9459122895654299,3.6367703415098642,-1.099405110450018,25.0,4.019747257232666,2.6998236179351807,25.0,3097.3969361232594,105
290,0.9459495443160058,3.6372114067985897,-1.0993896575201125,25.0,4.020071029663086,2.6998236179351807,25.0,3097.553849220276,105
291,0.9457255967005105,3.636741036460513,-1.0994068304697673,25.0,4.019908905029297,2.6994998455047607,25.0,3096.7722835876048,105
292,0.9456238982979769,3.6367209911346436,-1.0993930941536314,25.0,4.020071029663086,2.6999855041503906,25.0,3096.475660315249,105
293,0.9454021607645229,3.636529745374407,-1.0993896654673985,25.0,4.020394802093506,2.6999855041503906,25.0,3095.7569135716185,105
294,0.9450336204226197,3.6359622092474075,-1.0994016783578056,25.0,4.020233154296875,2.6998236179351807,25.0,3094.522775602527,105
295,0.9448464411832829,3.635956048965454,-1.0994068293344408,25.0,4.020071029663086,2.6999855041503906,25.0,3093.8975748894736,105
296,0.9448616957267736,3.636199715023949,-1.0993913775398618,25.0,4.020394802093506,2.6998236179351807,25.0,3093.9918110826984,105
297,0.9448152268763572,3.6364202681041897,-1.0993862254279,25.0,4.020556926727295,2.6999855041503906,25.0,3093.8513477612287,105
298,0.9446403264373873,3.6363400686354863,-1.099367338135129,25.0,4.020718574523926,2.6998236179351807,25.0,3093.3358806758188,105
299,0.9446198431208566,3.636218229929606,-1.0994909604390461,25.0,4.020556926727295,2.6999855041503906,25.0,3092.914329759311,105
300,0.9437042228290929,3.625251445316133,-1.099436014039176,25.0,4.016346454620361,2.6999855041503906,25.0,3090.0770998415537,105
301,0.9412265932317997,3.6203903493427094,-1.0994240000134423,25.0,4.015050888061523,2.6998236179351807,25.0,3081.998026882764,105
302,0.9455095295734142,3.631387978508359,-1.099391376404535,25.0,4.015536785125732,2.6996617317199707,25.0,3096.11217211606,105
303,0.9468272979403554,3.635209610348656,-1.0994068304697673,25.0,4.019261360168457,2.6996617317199707,25.0,3100.3804456731305,105
304,0.9469509348427911,3.636144208908081,-1.0994325808116368,25.0,4.019747257232666,2.6999855041503906,25.0,3100.7093809866346,105
305,0.937378317249455,3.6244789086855373,-1.0994159968999715,25.0,4.013107776641846,2.6998236179351807,25.0,3069.4203159185126,104
306,0.9354035306597351,3.621028469159053,-1.0994333258041968,25.0,4.011326789855957,2.6996617317199707,25.0,3062.9045343445614,104
307,0.9331786844249913,3.617486162827565,-1.099409058690071,25.0,4.012136459350586,2.6999855041503906,25.0,3055.686024933122,104
308,0.9329715312808898,3.6179205821110654,-1.0994159865837831,25.0,4.012621879577637,2.6999855041503906,25.0,3054.983396736905,104
309,0.9312058455832434,3.623482268990822,-1.099409580230713,25.0,4.011002540588379,2.6998236179351807,25.0,3049.2173312813975,103
310,0.9392871951658524,3.633699799959476,-1.099410789517256,25.0,4.0161848068237305,2.6996617317199707,25.0,3075.676138882991,104
311,0.9408818177912293,3.6285456294105165,-1.0994222822643462,25.0,4.018289566040039,2.6999855041503906,25.0,3080.865764532704,105
312,0.9384368437021734,3.6354748560832095,-1.0994142580490847,25.0,4.019423484802246,2.6998236179351807,25.0,3072.88152935775,104
313,0.9306814779385933,3.624714844435164,-1.0993868309317283,25.0,4.012784004211426,2.6998236179351807,25.0,3047.561761365272,103
314,0.9311116337971578,3.626331042317511,-1.0993833287248334,25.0,4.012946128845215,2.6998236179351807,25.0,3048.9836749471724,103
315,0.9299747201497232,3.625277669684401,-1.099371071000701,25.0,4.013593673706055,2.6998236179351807,25.0,3045.2964610438794,103
316,0.9286743922529548,3.6229147286091035,-1.0993903273517647,25.0,4.012946128845215,2.6996617317199707,25.0,3040.983825711999,103
317,0.9262803226374339,3.6183695492235204,-1.099376326625787,25.0,4.011164665222168,2.6998236179351807,25.0,3033.1862868014723,103
318,0.9357938353429814,3.6313735590531278,-1.0993778533660448,25.0,4.01683235168457,2.6999855041503906,25.0,3064.3327900166623,104
319,0.93702044575392,3.634065703703807,-1.0993830561637878,25.0,4.018451690673828,2.6996617317199707,25.0,3068.3339378554374,104
320,0.9298753163434083,3.6274457186171154,-1.0993833240953463,25.0,4.018289566040039,2.6999855041503906,25.0,3044.9379758485593,103
321,0.9229795577791353,3.6207483095281265,-1.0993818301780551,25.0,4.01019287109375,2.6996617317199707,25.0,3022.357155312784,102
322,0.9252195356816083,3.6191147739447436,-1.0993973259786958,25.0,4.011650562286377,2.6999855041503906,25.0,3029.655810173601,103
323,0.9244155615575322,3.617789414322492,-1.0993920807699555,25.0,4.012298107147217,2.6999855041503906,25.0,3027.030764041003,103
324,0.9139649205032893,3.612016765197905,-1.099371386046457,25.0,4.004039764404297,2.6998236179351807,25.0,2992.870854719542,101
325,0.9141697721755053,3.600565311955471,-1.0993977434494917,25.0,3.9996674060821533,2.6999855041503906,25.0,2993.464659105055,102
326,0.9262227100087284,3.624645670640816,-1.099385075198794,25.0,4.012784004211426,2.6999855041503906,25.0,3032.970697019715,103
327,0.9280694845701527,3.628522641450456,-1.0993955795047352,25.0,4.015050888061523,2.6998236179351807,25.0,3038.987683769781,103
328,0.9132263261682909,3.6123085730146656,-1.0994017301219525,25.0,4.005011081695557,2.6998236179351807,25.0,2990.3712079576217,101
329,0.9060231084784144,3.596275506633343,-1.099398158564426,25.0,3.9977242946624756,2.6999855041503906,25.0,2966.7920154756866,101
330,0.9078274878491626,3.602691945463124,-1.0993981609250059,25.0,3.9993436336517334,2.6996617317199707,25.0,2972.698388557881,101
331,0.903689265215985,3.6027770137786863,-1.0993769550323487,25.0,3.9977242946624756,2.6998236179351807,25.0,2959.197844472248,100
332,0.9008624198523417,3.5977036261558535,-1.0994130086898803,25.0,3.9969146251678467,2.6998236179351807,25.0,2949.854118873831,100
333,0.9095891836683022,3.6096550898976845,-1.0993874474327163,25.0,3.9967525005340576,2.6998236179351807,25.0,2978.4944018414244,101
334,0.917838450193823,3.6202910881416472,-1.0993800665818008,25.0,4.010031223297119,2.6999855041503906,25.0,3005.531296084635,102
335,0.9204961606819468,3.6259667289023305,-1.0993783006481095,25.0,4.012460231781006,2.6998236179351807,25.0,3014.2354923756793,102
336,0.921948463186587,3.629140304584129,-1.0993924386361067,25.0,4.013755798339844,2.6999855041503906,25.0,3018.955407806672,102
337,0.9227753397039294,3.622032723380524,-1.0993693222119971,25.0,4.014889240264893,2.6999855041503906,25.0,3021.7211573570967,103
338,0.7994632992479043,3.5922561495491627,-1.0994809115870614,25.0,3.916109561920166,2.6998236179351807,25.0,2617.663281788584,89
339,0.9251831603151969,3.6280462880736417,-1.0994638412901498,25.0,4.01715612411499,2.6998236179351807,25.0,3029.348378621973,103
340,0.9254685728096572,3.628709744481207,-1.0994743455960914,25.0,4.017804145812988,2.6998236179351807,25.0,3030.25525453873,103
341,0.9258785893059697,3.6298023983112815,-1.0994568380337317,25.0,4.018289566040039,2.6999855041503906,25.0,3031.6462766053155,103
342,0.9246482978888639,3.6271517184174176,-1.099483090696983,25.0,4.017642021179199,2.6999855041503906,25.0,3027.53695836151,103
343,0.924145075553805,3.626164392360206,-1.0994760932274235,25.0,4.01683235168457,2.6999855041503906,25.0,3025.91168309981,103
344,0.9238072665576796,3.625673879697485,-1.099477844330871,25.0,4.01650857925415,2.6996617317199707,25.0,3024.802553322632,103
345,0.9234943152651302,3.6252352381215514,-1.0994708433891962,25.0,4.01650857925415,2.6999855041503906,25.0,3023.8052874072455,103
346,0.9229697839745343,3.6245434839748643,-1.099455088087656,25.0,4.016670227050781,2.6996617317199707,25.0,3022.130549053196,103
347,0.9233420554627563,3.625549679820977,-1.099481341908279,25.0,4.01715612411499,2.6998236179351807,25.0,3023.2716376176104,103
348,0.8022971430794439,3.598426012510664,-1.0994667270210352,25.0,3.9195101261138916,2.6998236179351807,25.0,2626.9783159443177,89
349,0.9231298180613432,3.625614138482844,-1.0996021333250028,25.0,4.017804145812988,2.6998236179351807,25.0,3022.2410718263127,103
350,0.9106622856579871,3.6079411695499233,-1.0994338611565013,25.0,4.004039764404297,2.6999855041503906,25.0,2981.8862605942413,101
351,0.9061459470345911,3.5990973274306497,-1.099424936983845,25.0,4.000801086425781,2.6998236179351807,25.0,2967.12040107511,101
352,0.9164862336945804,3.615483877705593,-1.099411877931333,25.0,4.007763862609863,2.6999855041503906,25.0,3001.0152728203684,102
353,0.9201157017998747,3.624163225585339,-1.0993853702264673,25.0,4.011488437652588,2.6999855041503906,25.0,3012.970170337707,102
354,0.9217760385972696,3.628222673547034,-1.0993782936357985,25.0,4.013107776641846,2.6999855041503906,25.0,3018.424236222636,102
355,0.9021787445961174,3.6033292198181153,-1.099411209821701,25.0,4.000962734222412,2.6998236179351807,25.0,2954.167716091033,100
356,0.7608343516682422,3.5596033376805924,-1.0994083474664127,25.0,3.890847682952881,2.6998236179351807,25.0,2491.344922139775,85
357,0.8981291399700575,3.598255825042725,-1.0994058001041411,25.0,3.9986958503723145,2.6999855041503906,25.0,2940.9180202591233,100
358,0.8962323247433516,3.60340685796256,-1.0994081316572246,25.0,3.9982099533081055,2.6999855041503906,25.0,2934.698794969823,99
359,0.8925200027310466,3.5962539634319266,-1.0994409093953141,25.0,3.9961049556732178,2.6999855041503906,25.0,2922.4640917135403,99
360,0.9024830893080993,3.6109239220619203,-1.0993913769721986,25.0,3.9991815090179443,2.6999855041503906,25.0,2955.217165400274,100
361,0.9088377762923872,3.6171313181962117,-1.099405300499189,25.0,4.007925987243652,2.6999855041503906,25.0,2975.9850167725235,101
362,0.9106215787991073,3.621070651724787,-1.0993945917280594,25.0,4.00986909866333,2.6996617317199707,25.0,2981.8608467900194,101
363,0.8931297993626655,3.6007668466279,-1.0994135936101277,25.0,3.9982099533081055,2.6998236179351807,25.0,2924.526823400054,99
364,0.8882887119825854,3.5906189908884993,-1.0993953858963166,25.0,3.994323492050171,2.6998236179351807,25.0,2908.730172188487,99
365,0.887392438320741,3.5898191230465666,-1.0994190567671651,25.0,3.994323492050171,2.6999855041503906,25.0,2905.7296155621298,99
366,0.8930606174197633,3.6024025449849137,-1.099533783064948,25.0,3.9902751445770264,2.6999855041503906,25.0,2923.988123298157,99
367,0.8892564388071195,3.597485636219834,-1.09948097696208,25.0,3.993999719619751,2.6999855041503906,25.0,2911.6754993773066,99
368,0.8880536600369306,3.593615580086756,-1.0994773272312048,25.0,3.991894483566284,2.6999855041503906,25.0,2907.7376979161054,99
369,0.8867877081321569,3.597410267713119,-1.099463859382941,25.0,3.9893035888671875,2.6998236179351807,25.0,2903.628278709948,98
370,0.9007171047248111,3.614151244163513,-1.0994400525093078,25.0,4.00161075592041,2.6999855041503906,25.0,2949.303702914156,100
371,0.9038166734818351,3.6202739691734314,-1.0994472634792327,25.0,4.004687309265137,2.6998236179351807,25.0,2959.426575136371,100
372,0.8945962109349,3.6057998772823447,-1.0994700482397368,25.0,4.003877639770508,2.6998236179351807,25.0,2929.1762132314034,99
373,0.886900127531875,3.5962816914733575,-1.0994381016614485,25.0,3.9904372692108154,2.6998236179351807,25.0,2904.065931910649,98
374,0.887165584850238,3.58968499212554,-1.0994318001198047,25.0,3.991894483566284,2.6998236179351807,25.0,2904.9566812654957,99
375,0.8840124587988956,3.5916351809793587,-1.0994252282745984,25.0,3.9912469387054443,2.6999855041503906,25.0,2894.6425927504897,98
376,0.8830905723837025,3.590944460460118,-1.0994344292854776,25.0,3.9897894859313965,2.6998236179351807,25.0,2891.597746351734,98
377,0.8817388323073784,3.5862054313932146,-1.0993994729859489,25.0,3.9893035888671875,2.6998236179351807,25.0,2887.2694333679974,98
378,0.8941314765235749,3.6107135083940296,-1.099409949899924,25.0,3.9998292922973633,2.6999855041503906,25.0,2927.816808078438,99
379,0.8969326610024235,3.608332965373993,-1.099402197599411,25.0,4.003391742706299,2.6999855041503906,25.0,2937.006546777673,100
380,0.8870354937046996,3.602666504529058,-1.0994049918894866,25.0,3.9998292922973633,2.6998236179351807,25.0,2904.5971920629963,98
381,0.8797912518713148,3.5870431783247967,-1.0994160296965618,25.0,3.9910848140716553,2.6999855041503906,25.0,2880.8474811511114,98
382,0.8794470783802714,3.588056104523795,-1.0994086715639855,25.0,3.991894483566284,2.6998236179351807,25.0,2879.738105589524,98
383,0.8758456529510275,3.589824270956295,-1.0993980697749817,25.0,3.9899513721466064,2.6999855041503906,25.0,2867.972750573419,97
384,0.8748333198819509,3.588734142559091,-1.0993813423766303,25.0,3.9893035888671875,2.6999855041503906,25.0,2864.7072052247822,97
385,0.8760831816476485,3.5880079343146885,-1.0994036443454702,25.0,3.9893035888671875,2.6999855041503906,25.0,2868.7382059060037,97
386,0.8869829194240268,3.6007030540042453,-1.0994026685001874,25.0,3.9993436336517334,2.6998236179351807,25.0,2904.4281295668334,99
387,0.8895711965139784,3.607131334266277,-1.099382636523006,25.0,4.002096176147461,2.6998236179351807,25.0,2912.9597908081487,99
388,0.8758914969871687,3.5934652741422357,-1.0994092226028442,25.0,3.99464750289917,2.6999855041503906,25.0,2868.0957877980545,97
389,0.8722258033717509,3.5871915890998447,-1.0993869108023102,25.0,3.991894483566284,2.6998236179351807,25.0,2856.1450083041564,97
390,0.875322422579937,3.596039521325495,-1.099392490288646,25.0,3.9957809448242188,2.6999855041503906,25.0,2866.270566374995,97
391,0.8736306521621471,3.5927424185054817,-1.0993832042536784,25.0,3.9961049556732178,2.6998236179351807,25.0,2860.7552089961246,97
392,0.8735697635750026,3.593002837957795,-1.0993980648591346,25.0,3.9965906143188477,2.6999855041503906,25.0,2860.5207450073212,97
393,0.8745235828064063,3.5924185600477396,-1.0993850575279944,25.0,3.994161605834961,2.6999855041503906,25.0,2863.6768815750256,97
394,0.8846695594381722,3.610941650916119,-1.0993994693366849,25.0,4.00290584564209,2.6999855041503906,25.0,2896.866734935902,98
395,0.8864270279442391,3.6145091567720686,-1.0993884339624522,25.0,4.004363536834717,2.6999855041503906,25.0,2902.6497056614608,98
396,0.8762314510329843,3.60144677850389,-1.0993962128137804,25.0,4.000801086425781,2.6998236179351807,25.0,2869.2399177681655,97
397,0.8712411498264292,3.590775843748112,-1.0993906308695214,25.0,3.9959428310394287,2.6999855041503906,25.0,2852.9110577739775,97
398,0.8721989708935644,3.5950996408757474,-1.0993906345564066,25.0,3.9982099533081055,2.6998236179351807,25.0,2856.051822808571,97
399,0.8715042325086442,3.59360217556511,-1.0993980685460198,25.0,3.9983718395233154,2.6999855041503906,25.0,2853.755324009806,97
400,0.8706334798907565,3.5923617770991374,-1.099414797173333,25.0,3.9977242946624756,2.6996617317199707,25.0,2850.8642901210114,97
401,0.8725532525119191,3.592922714567676,-1.0993980660880964,25.0,3.995457172393799,2.6998236179351807,25.0,2857.1924211112782,97
402,0.8811727330938178,3.607666623835661,-1.0993810685313479,25.0,4.003553867340088,2.6999855041503906,25.0,2885.4623479545116,98
403,0.8825550856760429,3.6106574511041445,-1.0993957872293434,25.0,4.004849433898926,2.6999855041503906,25.0,2889.947172398679,98
404,0.8833393049133088,3.612498198236738,-1.099381073397033,25.0,4.005496978759766,2.6999855041503906,25.0,2892.5567519292235,98
405,0.8835589237095716,3.6132549971950296,-1.0993994681202635,25.0,4.005982875823975,2.6999855041503906,25.0,2893.2289288276806,98
406,0.883597765208051,3.6135540811382993,-1.0993957957442926,25.0,4.0061445236206055,2.6999855041503906,25.0,2893.3697094479576,98
407,0.883787319519775,3.6141638098930824,-1.0993976349733314,25.0,4.006468772888184,2.6998236179351807,25.0,2893.979224504903,98
408,0.8837472366279078,3.6145190779043705,-1.0993902731914909,25.0,4.0067925453186035,2.6998236179351807,25.0,2893.870135543868,98
409,0.8858562990458742,3.6192184516361783,-1.09939947420237,25.0,4.008735656738281,2.6999855041503906,25.0,2900.745585111901,98
410,0.8857204050122087,3.6192250689681695,-1.099408670347564,25.0,4.00889778137207,2.6998236179351807,25.0,2900.278437254019,98
411,0.885874903956565,3.619872813322106,-1.0994068274692612,25.0,4.00889778137207,2.6996617317199707,25.0,2900.7926322212443,98
412,0.7571110316718012,3.5834412631534396,-1.0993982496715726,25.0,3.906555414199829,2.6998236179351807,25.0,2479.17497280892,84
413,0.8852237616753742,3.6193093450701967,-1.0993865898677282,25.0,4.009059429168701,2.6999855041503906,25.0,2898.714691201225,98
414,0.8853702902464959,3.6194580550096473,-1.0993700380228004,25.0,4.00889778137207,2.6999855041503906,25.0,2899.2303742803633,98
415,0.8853094386540692,3.619279603568875,-1.0995816041012199,25.0,4.008735656738281,2.6996617317199707,25.0,2898.4805258167908,98
416,0.8788571007197785,3.597587057522365,-1.0994491455506306,25.0,4.002744197845459,2.6999855041503906,25.0,2877.693364245817,98
417,0.8745768636047487,3.5982715493624973,-1.0994352421809717,25.0,3.9998292922973633,2.6998236179351807,25.0,2863.72471076902,97
418,0.8782476479127996,3.5957330854571596,-1.0993939528659897,25.0,3.9964287281036377,2.6999855041503906,25.0,2875.850098545663,98
419,0.8845416538131003,3.6130335744546382,-1.0994381040942913,25.0,4.005011081695557,2.6996617317199707,25.0,2896.3372281203046,98
420,0.8847475472337774,3.6139043885834363,-1.099410513225867,25.0,4.0061445236206055,2.6999855041503906,25.0,2897.087765899487,98
421,0.8714087117265537,3.5945036583340046,-1.0994166504476488,25.0,3.9995055198669434,2.6998236179351807,25.0,2853.3977847704664,97
422,0.8660361638803904,3.5936062186956406,-1.0994229254623253,25.0,3.995619058609009,2.6998236179351807,25.0,2835.7875198321417,96
423,0.8658295794607344,3.5953385904431343,-1.0994210528830688,25.0,3.9970765113830566,2.6998236179351807,25.0,2835.1159353191033,96
424,0.8652588349614733,3.5944749216238656,-1.0994060238202412,25.0,3.9967525005340576,2.6999855041503906,25.0,2833.287827545777,96
425,0.8628058921402324,3.5901280120015144,-1.0994135389725368,25.0,3.9962668418884277,2.6998236179351807,25.0,2825.2406745227054,96
426,0.8678555741141791,3.5985873863101006,-1.0994116601844628,25.0,3.995457172393799,2.6998236179351807,25.0,2841.772509519011,96
427,0.8742586892268767,3.607867385923248,-1.0993869194050425,25.0,4.003067970275879,2.6998236179351807,25.0,2862.8061005230993,97
428,0.8750231140446489,3.6098122547582254,-1.099383196879908,25.0,4.004201412200928,2.6996617317199707,25.0,2865.3226151857525,97
429,0.8623926601788999,3.592064492404461,-1.099479265511036,25.0,3.9986958503723145,2.6996617317199707,25.0,2823.710685281083,96
430,0.8565595363010161,3.5894188353889867,-1.099495748469704,25.0,3.994161605834961,2.6999855041503906,25.0,2804.569257259369,95
431,0.8606484630957726,3.591529751817385,-1.0994548549254735,25.0,3.9969146251678467,2.6999855041503906,25.0,2818.069220745936,96
432,0.8569725247273127,3.59360866044697,-1.0994558999412938,25.0,3.9970765113830566,2.6999855041503906,25.0,2806.0224251728505,95
433,0.8576392220287818,3.5948018575969494,-1.0994805662255538,25.0,3.9959428310394287,2.6999855041503906,25.0,2808.1474759429693,95
434,0.8573822524165645,3.5915137466631437,-1.0994634879262823,25.0,3.994323492050171,2.6999855041503906,25.0,2807.35041957628,95
435,0.8668626240951849,3.6073115741213164,-1.0994886482755344,25.0,4.00193452835083,2.6996617317199707,25.0,2838.321626097895,96
436,0.733351354099313,3.565810805413781,-1.0994938321229888,25.0,3.897325038909912,2.6999855041503906,25.0,2401.1617358857766,82
437,0.8633741190123009,3.6054915065566697,-1.0994773854811986,25.0,4.003877639770508,2.6998236179351807,25.0,2826.931535498239,96
438,0.8524057260757861,3.586224473150153,-1.099512831788314,25.0,3.99464750289917,2.6999855041503906,25.0,2790.928764107637,95
439,0.8518275835363133,3.5859994637338737,-1.0994976470344946,25.0,3.993513822555542,2.6998236179351807,25.0,2789.0727821122855,95
440,0.8526821528090269,3.5890472186239144,-1.0994767753701462,25.0,3.9961049556732178,2.6998236179351807,25.0,2791.9292027391493,95
441,0.8477061645389645,3.590077889726517,-1.0994895734685532,25.0,3.9951331615448,2.6996617317199707,25.0,2775.600948376581,94
442,0.8457948773240539,3.584916670271691,-1.0994857397485287,25.0,3.993028163909912,2.6999855041503906,25.0,2769.350558269769,94
443,0.8575019566475395,3.6020189962889018,-1.0994862644295944,25.0,3.9990196228027344,2.6999855041503906,25.0,2807.68081969209,95
444,0.8598169015591717,3.6073474683259663,-1.099486261919925,25.0,4.001448631286621,2.6999855041503906,25.0,2815.2597045693547,95
445,0.8611113950379526,3.600886503855387,-1.0994961621860664,25.0,4.00258207321167,2.6999855041503906,25.0,2819.478844336234,96
446,0.7058442504768548,3.5478819352162034,-1.0994511691829827,25.0,3.8855040073394775,2.6999855041503906,25.0,2311.18855325412,79
447,0.8431050127386404,3.5825944707748736,-1.0994512159773644,25.0,3.992542266845703,2.6999855041503906,25.0,2760.631957931444,94
448,0.845214623411953,3.5883172725109342,-1.099470393454775,25.0,3.9957809448242188,2.6999855041503906,25.0,2767.4920799061656,94
449,0.8454934286269522,3.5897850178657693,-1.0994914922308414,25.0,3.995457172393799,2.6999855041503906,25.0,2768.351282656193,94
450,0.8431921734732226,3.5855712992079716,-1.0994953246826822,25.0,3.995295286178589,2.6996617317199707,25.0,2760.8044278863817,94
451,0.8492306860421295,3.597563013117364,-1.0994838159135047,25.0,3.993351936340332,2.6999855041503906,25.0,2780.602248493582,94
452,0.8541866828823461,3.6004712405957675,-1.0994938511597483,25.0,4.000638961791992,2.6999855041503906,25.0,2796.8065755926073,95
453,0.8554396769237961,3.6030673127425343,-1.099499549363789,25.0,4.001448631286621,2.6996617317199707,25.0,2800.9008375601843,95
454,0.8563015019755026,3.6052116444236355,-1.099474873040852,25.0,4.002096176147461,2.6999855041503906,25.0,2803.7761396700516,95
455,0.8565578048867101,3.60600427828337,-1.099499541834781,25.0,4.002420425415039,2.6998236179351807,25.0,2804.5575107503682,95
456,0.8567475189409945,3.606887232629876,-1.0994672838010286,25.0,4.003230094909668,2.6999855041503906,25.0,2805.261013355106,95
457,0.857014397324297,3.607678162424188,-1.0994862581554212,25.0,4.003553867340088,2.6999855041503906,25.0,2806.089471566491,95
458,0.8569235801796331,3.6078895167300575,-1.0994710784209403,25.0,4.004039764404297,2.6999855041503906,25.0,2805.82402680628,95
459,0.8571940211042102,3.608903741836548,-1.0994634904359517,25.0,4.004363536834717,2.6999855041503906,25.0,2806.730439220555,95
460,0.8573259717429159,3.609686138755397,-1.099486261919925,25.0,4.004687309265137,2.6999855041503906,25.0,2807.105905337259,95
461,0.8573527104785723,3.6101446728957325,-1.0994786739349365,25.0,4.005011081695557,2.6998236179351807,25.0,2807.2156016184017,95
462,0.8576922567393018,3.6112151497288756,-1.0994350245124416,25.0,4.005334854125977,2.6999855041503906,25.0,2808.4346333518624,95
463,0.8580417170374336,3.6120725405843634,-1.0995223158284237,25.0,4.0058207511901855,2.6999855041503906,25.0,2809.357023204677,95
464,0.8578243320626234,3.6118986757178058,-1.0996343098188701,25.0,4.0058207511901855,2.6999855041503906,25.0,2808.35730720032,95
465,0.8579435484396374,3.612246392902575,-1.099641906587701,25.0,4.0058207511901855,2.6994998455047607,25.0,2808.7324758665636,95
466,0.8458735576631473,3.583245650250861,-1.0994166960107519,25.0,3.9920566082000732,2.6998236179351807,25.0,2769.7860201084986,94
467,0.8400391011054038,3.5822991991555817,-1.0994309251026442,25.0,3.9889798164367676,2.6999855041503906,25.0,2750.6457734201103,93
468,0.6882625639761569,3.5333859579903737,-1.099376390506695,25.0,3.872387409210205,2.6999855041503906,25.0,2253.781413277611,77
469,0.848459548993765,3.596953178973908,-1.0993706647385941,25.0,3.99480938911438,2.6999855041503906,25.0,2778.3667410295457,94
470,0.8508210831692365,3.5927325173428186,-1.0994122517736336,25.0,3.9970765113830566,2.6999855041503906,25.0,2785.9934810306877,95
471,0.8447195391449697,3.5938884856853077,-1.0993975172651576,25.0,3.9982099533081055,2.6999855041503906,25.0,2766.0559857701883,94
472,0.8335743059086449,3.5746552252000376,-1.099432860651324,25.0,3.9891417026519775,2.6999855041503906,25.0,2729.474413028918,93
473,0.8347090784523808,3.578935148895428,-1.0994173519072994,25.0,3.9893035888671875,2.6999855041503906,25.0,2733.2245342014357,93
474,0.8336832505608196,3.5782351878381546,-1.0994154176404398,25.0,3.9902751445770264,2.6998236179351807,25.0,2729.865305988118,93
475,0.8333904008401454,3.5802045022287676,-1.0994095981761973,25.0,3.9915707111358643,2.6999855041503906,25.0,2728.9283845284954,93
476,0.8329122352559213,3.588559363199317,-1.099408227464427,25.0,3.991732597351074,2.6998236179351807,25.0,2727.3654531184584,92
477,0.8430897504377919,3.592131325539122,-1.0994186122366723,25.0,3.995619058609009,2.6999855041503906,25.0,2760.665544238873,94
478,0.8447269941606101,3.5961452392821616,-1.099359154701233,25.0,3.9972383975982666,2.6998236179351807,25.0,2766.166047683917,94
479,0.845153331325077,3.59750960228291,-1.0993629884212575,25.0,3.9977242946624756,2.6999855041503906,25.0,2767.5569286858663,94
480,0.829420694546663,3.5831873650136203,-1.099370995293493,25.0,3.9914088249206543,2.6999855041503906,25.0,2716.0226238835603,92
481,0.8292677441659841,3.5837981415831526,-1.099376874125522,25.0,3.9912469387054443,2.6999855041503906,25.0,2715.5069991722703,92
482,0.8297599349188289,3.586142659187317,-1.0993886330853337,25.0,3.992218494415283,2.6999855041503906,25.0,2717.085581074469,92
483,0.8309523792516892,3.5878077589947246,-1.0993945093258568,25.0,3.993351936340332,2.6998236179351807,25.0,2720.9784346614033,92
484,0.826824495885009,3.5811033585797185,-1.0993945093258568,25.0,3.992704153060913,2.6999855041503906,25.0,2707.461426739581,92
485,0.8359413485551288,3.591466737049882,-1.0994037889665174,25.0,3.994323492050171,2.6999855041503906,25.0,2737.2912804912776,93
486,0.8377470347822351,3.5959382108462754,-1.0993805200822893,25.0,3.9967525005340576,2.6999855041503906,25.0,2743.2603964572772,93
487,0.8379146517181087,3.59644490672696,-1.0993824569127892,25.0,3.9972383975982666,2.6999855041503906,25.0,2743.810676394962,93
488,0.8216979378873586,3.5812994883610654,-1.0993672072232425,25.0,3.9902751445770264,2.6999855041503906,25.0,2690.74316416122,91
489,0.8217525250744292,3.582221264367575,-1.0993830528888073,25.0,3.9893035888671875,2.6998236179351807,25.0,2690.8818047232926,91
490,0.8208036791029211,3.581728364085103,-1.099390977031582,25.0,3.9893035888671875,2.6996617317199707,25.0,2687.7568422537297,91
491,0.8209525245339057,3.583004225741376,-1.0994107945934757,25.0,3.9897894859313965,2.6998236179351807,25.0,2688.1949850758538,91
492,0.8197466025957527,3.5812283060052894,-1.0994068331770845,25.0,3.9894654750823975,2.6999855041503906,25.0,2684.257580032572,91
493,0.8253077223987993,3.5808939052664717,-1.0994141075922095,25.0,3.9910848140716553,2.6999855041503906,25.0,2702.445911713876,92
494,0.8322095675412704,3.5993860441705454,-1.0993964749833811,25.0,3.9969146251678467,2.6998236179351807,25.0,2725.091197608039,92
495,0.83427084702768,3.5942527094194965,-1.0994018470087359,25.0,3.9985339641571045,2.6999855041503906,25.0,2731.8242113636807,93
496,0.8264460765159735,3.587626472763393,-1.0994062747644342,25.0,3.9969146251678467,2.6999855041503906,25.0,2706.1971768112853,92
497,0.8235223075317706,3.5917985098702565,-1.099424659550845,25.0,3.99464750289917,2.6999855041503906,25.0,2696.5721304174513,91
498,0.8230152807915987,3.5912077060112586,-1.0993790954023928,25.0,3.994323492050171,2.6999855041503906,25.0,2695.0255198096856,91
499,0.8239278941404503,3.5943894386291504,-1.0993751287460327,25.0,3.9962668418884277,2.6999855041503906,25.0,2698.0258024493232,91
500,0.822629682766712,3.5920654233995375,-1.0993533370259043,25.0,3.9965906143188477,2.6998236179351807,25.0,2693.823221336119,91
501,0.8223896075738404,3.5919728750710957,-1.0993652238950624,25.0,3.9957809448242188,2.6999855041503906,25.0,2693.010607660748,91
502,0.8330753866414866,3.6050660532453787,-1.0993611981039462,25.0,4.000476837158203,2.6998236179351807,25.0,2728.0128716873005,92
503,0.8342356003758414,3.598361997194188,-1.0993669532960462,25.0,4.00161075592041,2.6999855041503906,25.0,2731.7949356744066,93
504,0.8349437246342682,3.5999378055654545,-1.099372761223906,25.0,4.00225830078125,2.6999855041503906,25.0,2734.1077061435208,93
505,0.8350895012653434,3.6006186162271807,-1.0993611261408816,25.0,4.00258207321167,2.6998236179351807,25.0,2734.608086123131,93
506,0.8350187621471494,3.6008502027039886,-1.099401843163275,25.0,4.00258207321167,2.6998236179351807,25.0,2734.2800133870915,93
507,0.8349521238450142,3.6010104020436606,-1.0994212319774013,25.0,4.00290584564209,2.6996617317199707,25.0,2734.0148326186463,93
508,0.8351864069006232,3.601997672870595,-1.0993882776588522,25.0,4.003391742706299,2.6999855041503906,25.0,2734.858915772289,93
509,0.8351869220284134,3.6021665757702244,-1.0993747070271482,25.0,4.003877639770508,2.6999855041503906,25.0,2734.8904267949983,93
510,0.8351496320573285,3.602511344417449,-1.0993940919958136,25.0,4.004201412200928,2.6999855041503906,25.0,2734.718873091042,93
511,0.7080838363765588,3.567102875890611,-1.0993986808801,25.0,3.9005637168884277,2.6999855041503906,25.0,2318.6325478134677,79
512,0.8342977302096021,3.6022501530185824,-1.0994057270788378,25.0,4.004687309265137,2.6999855041503906,25.0,2731.9069920396432,93
513,0.7072814674459729,3.566410061679309,-1.0994351921202261,25.0,3.9008877277374268,2.6998236179351807,25.0,2315.9293563943356,79
514,0.8334322613225901,3.601389992621637,-1.0995743813053254,25.0,4.004849433898926,2.6998236179351807,25.0,2728.6572100985795,93
515,0.833551303405543,3.601598939587993,-1.0995608106736214,25.0,4.004849433898926,2.6998236179351807,25.0,2729.079052330926,93
516,0.8419760195490396,3.606578849977063,-1.0994192900196198,25.0,4.007116317749023,2.6998236179351807,25.0,2757.011000348255,93
517,0.8366304366100598,3.5990985414033294,-1.099407660063877,25.0,4.003715515136719,2.6998236179351807,25.0,2739.542037189938,93
518,0.8326260223424418,3.601348612619483,-1.0993984315706335,25.0,4.001286506652832,2.6999855041503906,25.0,2726.4479652466252,92
519,0.8415007154513551,3.612474631237727,-1.099396030108134,25.0,4.005982875823975,2.6996617317199707,25.0,2755.5144458562136,93
520,0.8418616284461419,3.60430394334996,-1.0993725809645145,25.0,4.0066304206848145,2.6999855041503906,25.0,2756.75002508983,94
521,0.8363041487367731,3.605638575810258,-1.0993766464212889,25.0,4.0067925453186035,2.6998236179351807,25.0,2738.546265345067,93
522,0.8275373444691763,3.595225030961244,-1.0993710004765054,25.0,4.001286506652832,2.6999855041503906,25.0,2709.8528445167467,92
523,0.8250957903714319,3.590923247130021,-1.0993807950745458,25.0,3.9995055198669434,2.6999855041503906,25.0,2701.839962183498,92
524,0.8255894256823516,3.5936690698499265,-1.0993984289791272,25.0,3.9999911785125732,2.6999855041503906,25.0,2703.4007896864787,92
525,0.8228503301530578,3.599955697636028,-1.099381074800596,25.0,4.000315189361572,2.6999855041503906,25.0,2694.481053493917,91
526,0.8199452380189532,3.594325380010919,-1.099381073490604,25.0,3.9993436336517334,2.6998236179351807,25.0,2684.9654409093782,91
527,0.8311635821558303,3.6086285969485408,-1.0993807976660521,25.0,4.003715515136719,2.6999855041503906,25.0,2721.702882286161,92
528,0.8328020008997791,3.603011082577449,-1.0993824620400705,25.0,4.005982875823975,2.6999855041503906,25.0,2727.063589652069,93
529,0.8329832764098095,3.603933931678854,-1.0993960326717747,25.0,4.006468772888184,2.6998236179351807,25.0,2727.627200282179,93
530,0.8209488865318237,3.5998631571675395,-1.0993889989433707,25.0,4.002096176147461,2.6999855041503906,25.0,2688.2326094340533,91
531,0.8146530318027375,3.5983608934614395,-1.099497542116377,25.0,3.9993436336517334,2.6999855041503906,25.0,2667.356765801087,90
532,0.8104466898939716,3.592036477724711,-1.0995015488730537,25.0,3.9991815090179443,2.6998236179351807,25.0,2653.576353300363,90
533,0.8120979023608811,3.594262170791626,-1.09950756099489,25.0,3.9985339641571045,2.6996617317199707,25.0,2658.966376811266,90
534,0.8113418343886747,3.5946418126424153,-1.0995175745752124,25.0,3.9985339641571045,2.6999855041503906,25.0,2656.4663249710575,90
535,0.8146686574391717,3.599620379341973,-1.0994915299945407,25.0,3.9991815090179443,2.6999855041503906,25.0,2667.419916155748,90
536,0.6983312097251293,3.564662976142688,-1.0994824415598161,25.0,3.9004018306732178,2.6998236179351807,25.0,2286.5238934010267,78
537,0.8211541318672767,3.6079847865052277,-1.099486075914823,25.0,4.005173206329346,2.6999855041503906,25.0,2688.674063604325,91
538,0.8218947056304302,3.6093674387250627,-1.0994959807657934,25.0,4.005659103393555,2.6999855041503906,25.0,2691.0651085274294,91
539,0.8111240946127146,3.5974792665905424,-1.0994795150227017,25.0,4.000962734222412,2.6999855041503906,25.0,2655.8419274333864,90
540,0.8068416458523247,3.588833769162496,-1.099479513698154,25.0,3.9980480670928955,2.6999855041503906,25.0,2641.825592394918,90
541,0.8358006344885589,3.617290860863142,-1.0994309276662848,25.0,4.010517120361328,2.6999855041503906,25.0,2736.7638887073845,93
542,0.823425027672596,3.6114818194638127,-1.099433701971303,25.0,4.011488437652588,2.6999855041503906,25.0,2696.236752490513,92
543,0.7933193154510766,3.589678252285177,-1.0994557033885608,25.0,3.99480938911438,2.6999855041503906,25.0,2597.600224746391,88
544,0.7777614954571587,3.576556599417398,-1.0994433635889098,25.0,3.9891417026519775,2.6999855041503906,25.0,2546.6928688548505,86
545,0.7939960714318806,3.5962641835212708,-1.0994290750135074,25.0,3.9972383975982666,2.6999855041503906,25.0,2599.886011151597,88
546,0.7967097770907252,3.5929584797848477,-1.099426214614611,25.0,4.000153064727783,2.6999855041503906,25.0,2608.7783774985,89
547,0.7961127927253179,3.603076447140087,-1.0994290709495544,25.0,4.001124858856201,2.6999855041503906,25.0,2606.8103702254593,88
548,0.7673010655551173,3.572131311192232,-1.0994634894763722,25.0,3.9889798164367676,2.6998236179351807,25.0,2512.3943353490904,85
549,0.75529430951228,3.5593747950735546,-1.0994476079940796,25.0,3.9889798164367676,2.6999855041503906,25.0,2473.115102449432,84
550,0.7497066182619437,3.5588890701891427,-1.0994552373886108,25.0,3.9888179302215576,2.6998236179351807,25.0,2454.803145540878,83
551,0.7412604922514818,3.553762526046939,-1.0994542531850862,25.0,3.9886558055877686,2.6998236179351807,25.0,2427.1470115324482,82
552,0.7393892133725939,3.553608501829752,-1.0994322663400231,25.0,3.9888179302215576,2.6999855041503906,25.0,2421.0692900884897,82
553,0.7318401533514203,3.547463855625671,-1.0994532535105577,25.0,3.9883320331573486,2.6999855041503906,25.0,2396.303649429232,81
554,0.7527132142776581,3.5671649745532443,-1.099426140387853,25.0,3.9888179302215576,2.6999855041503906,25.0,2464.7118779225275,84
555,0.6229953250646346,3.52711638041905,-1.099432589326586,25.0,3.8746542930603027,2.6998236179351807,25.0,2039.9543234147131,70
556,0.7596269405479835,3.582500491823469,-1.0994454664843423,25.0,3.9894654750823975,2.6999855041503906,25.0,2487.308169944212,84
557,0.7337773754895172,3.546323450600229,-1.0994190791758096,25.0,3.9886558055877686,2.6999855041503906,25.0,2402.7258678581566,82
558,0.7265799075459101,3.5426618258158364,-1.0994376724148973,25.0,3.9884939193725586,2.6998236179351807,25.0,2379.116278294474,81
559,0.725511267039255,3.5430536505616743,-1.0994109680623183,25.0,3.9884939193725586,2.6999855041503906,25.0,2375.678940041922,81
560,0.7201154799517777,3.5431189268827437,-1.0994161695241929,25.0,3.9884939193725586,2.6998236179351807,25.0,2357.991778072901,80
561,0.7180931878884971,3.5396495044231413,-1.0994206711649894,25.0,3.9884939193725586,2.6999855041503906,25.0,2351.366745661013,80
562,0.7098791319341192,3.5340232637864126,-1.0994237842439096,25.0,3.9883320331573486,2.6999855041503906,25.0,2324.460714031942,79
563,0.7271634990677588,3.555906410570498,-1.0994087369353682,25.0,3.9886558055877686,2.6996617317199707,25.0,2381.089353196323,81
564,0.7330936253035368,3.5689230995413697,-1.0994287699828913,25.0,3.9891417026519775,2.6999855041503906,25.0,2400.4625285547227,81
565,0.736761338763529,3.5666224549456342,-1.0994168825265838,25.0,3.9893035888671875,2.6998236179351807,25.0,2412.497540009208,82
566,0.7126631769145197,3.543171511420721,-1.0994466015055209,25.0,3.9883320331573486,2.6999855041503906,25.0,2333.5236887214705,79
567,0.7077112421742049,3.532457227948346,-1.099426065819173,25.0,3.9881701469421387,2.6998236179351807,25.0,2317.351521283388,79
568,0.7066482939696858,3.532213292544401,-1.0994214996506897,25.0,3.9883320331573486,2.6999855041503906,25.0,2313.8830490745604,79
569,0.7031769575948715,3.5380829847775974,-1.0994131060746999,25.0,3.9883320331573486,2.6999855041503906,25.0,2302.5392056126148,78
570,0.7016226259326256,3.534402119807708,-1.0994130999614031,25.0,3.9878461360931396,2.6998236179351807,25.0,2297.4454573765397,78
571,0.6965609098362628,3.5336341176714217,-1.0994138547352381,25.0,3.9880082607269287,2.6999855041503906,25.0,2280.867656746879,77
572,0.6936105596368914,3.528267169927622,-1.0994278982088164,25.0,3.9878461360931396,2.6999855041503906,25.0,2271.180058952421,77
573,0.6908791521015007,3.524178864119889,-1.0994255620163758,25.0,3.9881701469421387,2.6999855041503906,25.0,2262.2428568480536,77
574,0.6882887311358573,3.5195332471426433,-1.09941853331281,25.0,3.9878461360931396,2.6999855041503906,25.0,2253.7742809141055,77
575,0.6867670971443655,3.5275745454587435,-1.0994051302734174,25.0,3.9876842498779297,2.6998236179351807,25.0,2248.82119504828,76
576,0.6852260534161643,3.5256398696648446,-1.0993956452921818,25.0,3.9880082607269287,2.6998236179351807,25.0,2243.7899941541255,76
577,0.6888618779628126,3.525070555798419,-1.099413851638893,25.0,3.9880082607269287,2.6996617317199707,25.0,2255.665152025409,77
578,0.696896945515999,3.5341010857851076,-1.099410789135175,25.0,3.9883320331573486,2.6999855041503906,25.0,2281.9778392901644,78
579,0.7018044359276084,3.5488391442176623,-1.0994315957411742,25.0,3.9888179302215576,2.6998236179351807,25.0,2298.009587435983,78
580,0.6988059891223803,3.5417431195576987,-1.0994339050390782,25.0,3.9888179302215576,2.6998236179351807,25.0,2288.181429741904,78
581,0.6981175375539821,3.540617890847035,-1.0994154138442798,25.0,3.9888179302215576,2.6999855041503906,25.0,2285.962604722008,78
582,0.6975292340590179,3.5402192824926133,-1.0994131045463758,25.0,3.9886558055877686,2.6999855041503906,25.0,2284.0410388512537,78
583,0.6980077553406697,3.5421604101474466,-1.0994246617341652,25.0,3.9888179302215576,2.6998236179351807,25.0,2285.587969828397,78
584,0.698306175536662,3.5436946214773717,-1.0994084767806225,25.0,3.9888179302215576,2.6999855041503906,25.0,2286.6036031218246,78
585,0.559936355018948,3.498803134948488,-1.0994297171395921,25.0,3.865100383758545,2.6999855041503906,25.0,1833.4702284503728,63
586,0.6968116877624252,3.542507101327945,-1.0994824446164644,25.0,3.9886558055877686,2.6999855041503906,25.0,2281.541199441999,78
587,0.697460483881705,3.544037186182462,-1.0994708843720264,25.0,3.9888179302215576,2.6998236179351807,25.0,2283.69756905362,78
588,0.6957340759845906,3.5528054237365723,-1.0995707248712514,25.0,3.9888179302215576,2.6999855041503906,25.0,2277.838478242047,77
589,0.6960144247380851,3.553190280864765,-1.0995847838265556,25.0,3.9886558055877686,2.6999855041503906,25.0,2278.7267475454137,77
590,0.6951339293795739,3.551354321566495,-1.099596491107693,25.0,3.9888179302215576,2.6999855041503906,25.0,2275.822438299656,77
591,0.7279220656071465,3.5693529270313404,-1.0994220927909568,25.0,3.99448561668396,2.6999855041503906,25.0,2383.5411924235523,81
592,0.7195950541464635,3.5655892968177794,-1.0993868678808212,25.0,3.9901132583618164,2.6998236179351807,25.0,2356.3541632872075,80
593,0.7121761700604667,3.562726576117021,-1.0993872654588916,25.0,3.9891417026519775,2.6999855041503906,25.0,2332.057014916092,79
594,0.7056596432015482,3.5485973177076895,-1.0993986793711215,25.0,3.9891417026519775,2.6999855041503906,25.0,2310.694891021587,79
595,0.7015305530810586,3.5520155277007666,-1.0994084828939192,25.0,3.9891417026519775,2.6998236179351807,25.0,2297.1501762149855,78
596,0.6982144602758102,3.546115334217365,-1.0993830546354637,25.0,3.9889798164367676,2.6998236179351807,25.0,2286.3533961046487,78
597,0.6955840524797352,3.5529568474014086,-1.0993927825580945,25.0,3.9888179302215576,2.6999855041503906,25.0,2277.713095128536,77
598,0.6936905086782197,3.5509295153927494,-1.0993927794617493,25.0,3.9889798164367676,2.6999855041503906,25.0,2271.512414042838,77
599,0.7002652072601012,3.5558666632725644,-1.099406170539367,25.0,3.9891417026519775,2.6998236179351807,25.0,2293.0111962696537,78
600,0.6963577693709785,3.5482557767476792,-1.099385366990016,25.0,3.9891417026519775,2.6999855041503906,25.0,2280.26151317358,78
601,0.6979856653524504,3.5513532559076944,-1.0993761129868336,25.0,3.9893035888671875,2.6999855041503906,25.0,2285.6211021188647,78
602,0.691982915078303,3.5523932289767575,-1.099371711929123,25.0,3.9889798164367676,2.6999855041503906,25.0,2265.964937831275,77
603,0.687442933064298,3.5425636272925836,-1.0993670271588611,25.0,3.9888179302215576,2.6999855041503906,25.0,2251.1055085966364,77
604,0.6857125499238041,3.55082484922911,-1.0993861556053162,25.0,3.9889798164367676,2.6998236179351807,25.0,2245.4021884547547,76
605,0.6847495364177145,3.5495038126644336,-1.0993861587424028,25.0,3.9889798164367676,2.6999855041503906,25.0,2242.2461905209348,76
606,0.6835862997068767,3.548095414513036,-1.0993814186045998,25.0,3.9888179302215576,2.6999855041503906,25.0,2238.449298687279,76
607,0.6812961817468213,3.5440896874979924,-1.0994288591962111,25.0,3.9886558055877686,2.6998236179351807,25.0,2230.855656431988,76
608,0.6820230026484702,3.546118118261036,-1.0994549487766467,25.0,3.9886558055877686,2.6998236179351807,25.0,2233.1838716827333,76
609,0.6906687869814709,3.5506182552932146,-1.0994536536080497,25.0,3.9886558055877686,2.6999855041503906,25.0,2261.497512104921,77
610,0.6866475040626172,3.5586360473381844,-1.0993790453986119,25.0,3.9889798164367676,2.6999855041503906,25.0,2248.481045291759,76
611,0.6791608345949978,3.539442605093906,-1.0993861556053162,25.0,3.9886558055877686,2.6999855041503906,25.0,2223.94763599243,76
612,0.6736258620668683,3.539243850708008,-1.0994514719645183,25.0,3.9884939193725586,2.6999855041503906,25.0,2205.697100441903,75
613,0.671094024756848,3.533444439570109,-1.099405795733134,25.0,3.9884939193725586,2.6998236179351807,25.0,2197.4942475296557,75
614,0.6690986466706857,3.5405912367073267,-1.099404033776876,25.0,3.9883320331573486,2.6999855041503906,25.0,2190.9630891699344,74
615,0.6660582976014574,3.53528896537987,-1.099386990070343,25.0,3.9884939193725586,2.6999855041503906,25.0,2181.041457206942,74
616,0.6627099129735239,3.529275559090279,-1.0994064791782483,25.0,3.9883320331573486,2.6999855041503906,25.0,2170.0414933348075,74
617,0.6620375726076053,3.527069758724522,-1.0993918631527875,25.0,3.9884939193725586,2.6999855041503906,25.0,2167.871985439211,74
618,0.6647914889320172,3.535199268444164,-1.09934800863266,25.0,3.9884939193725586,2.6999855041503906,25.0,2176.979101142846,74
619,0.6637533110316595,3.5334639323724284,-1.0993723756558187,25.0,3.9886558055877686,2.6999855041503906,25.0,2173.525846483186,74
620,0.6655670653904374,3.538044059598768,-1.0994113570935018,25.0,3.9884939193725586,2.6999855041503906,25.0,2179.3855367880315,74
621,0.6637326718345204,3.5350460973945825,-1.099408918135875,25.0,3.9886558055877686,2.6998236179351807,25.0,2173.385465194471,74
622,0.6579632915646254,3.5329848544238365,-1.0994096504498834,25.0,3.9884939193725586,2.6999855041503906,25.0,2154.494876248762,73
623,0.6553443822347026,3.528401897378164,-1.0993553138759038,25.0,3.9883320331573486,2.6999855041503906,25.0,2146.026090568863,73
624,0.648844528085009,3.524487988816367,-1.0993828641043768,25.0,3.9881701469421387,2.6998236179351807,25.0,2124.682289628312,72
625,0.6445635353549733,3.515878505176968,-1.099407896399498,25.0,3.9881701469421387,2.6999855041503906,25.0,2110.6201563393697,72
626,0.6404037838583945,3.5194876328320572,-1.0993832500887588,25.0,3.9883320331573486,2.6998236179351807,25.0,2097.0421681115404,71
627,0.6381094316199,3.5156673612728926,-1.0994010223469264,25.0,3.9876842498779297,2.6999855041503906,25.0,2089.4957067053765,71
628,0.6429139831725034,3.51703452401691,-1.099410409728686,25.0,3.9883320331573486,2.6999855041503906,25.0,2105.214403525926,72
629,0.6395063130403265,3.5215380326123307,-1.0993832467307507,25.0,3.9880082607269287,2.6998236179351807,25.0,2094.104835980572,71
630,0.6384066743144278,3.5200692331287224,-1.099428955937775,25.0,3.9883320331573486,2.6999855041503906,25.0,2090.417616667226,71
631,0.6352387106506034,3.5128848250483125,-1.0993883273970912,25.0,3.9881701469421387,2.6999855041503906,25.0,2080.120668197982,71
632,0.6309907677025579,3.5154640776770454,-1.0993836505072458,25.0,3.9878461360931396,2.6998236179351807,25.0,2066.2146778143942,70
633,0.6244887878790569,3.504047724178859,-1.0994403089795795,25.0,3.9880082607269287,2.6999855041503906,25.0,2044.8246374642476,70
634,0.6195411528366891,3.506850778192714,-1.0994415404140085,25.0,3.9878461360931396,2.6999855041503906,25.0,2028.6217506229877,69
635,0.617075772169163,3.502208657886671,-1.0994702802188154,25.0,3.9878461360931396,2.6999855041503906,25.0,2020.4967066710815,69
636,0.6147646752599243,3.497913906539696,-1.099559127420619,25.0,3.9880082607269287,2.6998236179351807,25.0,2012.7625732989982,69
637,0.6122854188107524,3.505761714542613,-1.099564774948008,25.0,3.9876842498779297,2.6999855041503906,25.0,2004.6378373466432,68
638,0.6110639138325356,3.5044305149246666,-1.0995806841289295,25.0,3.9878461360931396,2.6998236179351807,25.0,2000.606502411887,68
639,0.611170649446535,3.506349924732657,-1.09957272866193,25.0,3.9876842498779297,2.6999855041503906,25.0,2000.9658142123371,68
640,0.6104302752513299,3.505540265756495,-1.099548860507853,25.0,3.9878461360931396,2.6999855041503906,25.0,1998.590973447077,68
641,0.6357770727118686,3.524851983701679,-1.09939594335959,25.0,3.9886558055877686,2.6998236179351807,25.0,2081.871312870644,71
642,0.6237932555534227,3.5110918692180086,-1.0993810687746322,25.0,3.9888179302215576,2.6999855041503906,25.0,2042.6532945567742,70
643,0.6109076164451975,3.5067357105367325,-1.0993685687289518,25.0,3.9883320331573486,2.6999855041503906,25.0,2000.4818632258102,68
644,0.46923873600426586,3.448911725350146,-1.0993961365717762,25.0,3.8607280254364014,2.6999855041503906,25.0,1536.5368238249794,53
645,0.6020058438458052,3.500855267937504,-1.099390298572939,25.0,3.9881701469421387,2.6999855041503906,25.0,1971.2947777854279,67
646,0.5976517834272548,3.492023830983176,-1.0993929959055204,25.0,3.9883320331573486,2.6999855041503906,25.0,1957.029374920763,67
647,0.5940896553012857,3.497939608313821,-1.0993553219419536,25.0,3.9881701469421387,2.6999855041503906,25.0,1945.4335796674713,66
648,0.5915831021077809,3.4935354861346157,-1.0993771805907742,25.0,3.9880082607269287,2.6999855041503906,25.0,1937.186116215773,66
649,0.5900351144158535,3.49159473361391,-1.099363518483711,25.0,3.9880082607269287,2.6999855041503906,25.0,1932.14007485006,66
650,0.5947230687963609,3.504966555219708,-1.0993962920073308,25.0,3.9881701469421387,2.6999855041503906,25.0,1947.4361285157502,66
651,0.5984490555637375,3.504686078028892,-1.0993956807834,25.0,3.9886558055877686,2.6999855041503906,25.0,1959.6394594507292,67
652,0.5925548001291637,3.5020370158282192,-1.0993580438873984,25.0,3.9881701469421387,2.6999855041503906,25.0,1940.4050271771848,66
653,0.4501715768997776,3.4458723535724713,-1.0993836019553391,25.0,3.8605661392211914,2.6996617317199707,25.0,1474.1158384503797,51
654,0.5815637681607418,3.490748882293701,-1.0994080158380362,25.0,3.9881701469421387,2.6999855041503906,25.0,1904.327137653716,65
655,0.5746621913879495,3.4871717654168606,-1.0994201097637415,25.0,3.9878461360931396,2.6999855041503906,25.0,1881.702296496369,64
656,0.5701491802476917,3.4765752106904984,-1.099397573620081,25.0,3.9876842498779297,2.6996617317199707,25.0,1866.9680793648586,64
657,0.5657919040923687,3.480743650406126,-1.0993753558113462,25.0,3.9876842498779297,2.6999855041503906,25.0,1852.7339901560917,63
658,0.5619011190765579,3.4730736187526157,-1.0993753501347132,25.0,3.9876842498779297,2.6999855041503906,25.0,1839.9996909787878,63
659,0.560184344149021,3.4692206382751465,-1.0993953810797796,25.0,3.9876842498779297,2.6999855041503906,25.0,1834.3435901254416,63
660,0.5579045810063432,3.4779136219332294,-1.099375674801488,25.0,3.9876842498779297,2.6998236179351807,25.0,1826.906132189557,62
661,0.5614745131958535,3.4765924764057945,-1.099403971717471,25.0,3.9880082607269287,2.6999855041503906,25.0,1838.5468409480527,63
662,0.5609706245926951,3.476792978861975,-1.0993581764281741,25.0,3.9878461360931396,2.6998236179351807,25.0,1836.9844021713361,63
663,0.5588901918814575,3.4852946765961184,-1.0993989379175249,25.0,3.9878461360931396,2.6999855041503906,25.0,1830.093881379813,62
664,0.558702361265674,3.4864517142695766,-1.0993785819699686,25.0,3.9880082607269287,2.6998236179351807,25.0,1829.515791472979,62
665,0.5501552086802907,3.463935063731286,-1.0993465858121072,25.0,3.9878461360931396,2.6998236179351807,25.0,1801.5785887874663,62
666,0.5473644292329599,3.4714813506016964,-1.0993760081588244,25.0,3.9875223636627197,2.6999855041503906,25.0,1792.3912310479209,61
667,0.543170103649021,3.462460799295394,-1.0993671417236328,25.0,3.9875223636627197,2.6999855041503906,25.0,1778.6728267194703,61
668,0.5414581855049374,3.4601087921955545,-1.0993346229928438,25.0,3.9873604774475098,2.6996617317199707,25.0,1773.1257964354008,61
669,0.5387407041835768,3.4677332679430646,-1.0994905352592468,25.0,3.9875223636627197,2.6999855041503906,25.0,1763.969887885265,60
670,0.5363293826920866,3.4633098006248475,-1.0994484663009643,25.0,3.9875223636627197,2.6998236179351807,25.0,1756.1414029253647,60
671,0.53840383317735,3.469795223077138,-1.0994755069414774,25.0,3.9875223636627197,2.6998236179351807,25.0,1762.8915522135794,60
672,0.5397371432587367,3.475800291697184,-1.0994694928328197,25.0,3.9875223636627197,2.6998236179351807,25.0,1767.2668039770797,60
673,0.5376715338534576,3.4710448304812114,-1.099451470375061,25.0,3.9875223636627197,2.6999855041503906,25.0,1760.5324460510164,60
674,0.5366103748822056,3.4694902658462525,-1.0994484663009643,25.0,3.9876842498779297,2.6999855041503906,25.0,1757.0638630185276,60
675,0.5325674473412174,3.4588134129842123,-1.099475504954656,25.0,3.9875223636627197,2.6999855041503906,25.0,1743.782589209266,60
676,0.5273465424523419,3.459219738588495,-1.0994347677392475,25.0,3.9873604774475098,2.6998236179351807,25.0,1726.751587097533,59
677,0.5246761137193559,3.4534806599051264,-1.0994469856811782,25.0,3.9871985912323,2.6998236179351807,25.0,1717.986039698124,59
678,0.5228823277474002,3.449907137175738,-1.099498940726458,25.0,3.9873604774475098,2.6999855041503906,25.0,1712.033060603775,59
679,0.520502168429964,3.457889458228802,-1.0994610067071586,25.0,3.9873604774475098,2.6999855041503906,25.0,1704.2986829709262,58
680,0.5178914147422854,3.45281367055301,-1.099439244845818,25.0,3.9871985912323,2.6999855041503906,25.0,1695.7833072487265,58
681,0.5162215207825218,3.4485335761103135,-1.0995387106106198,25.0,3.9873604774475098,2.6999855041503906,25.0,1690.1584211625159,58
682,0.5142025103958452,3.444485232747834,-1.0995324952849026,25.0,3.9871985912323,2.6999855041503906,25.0,1683.5649610171095,58
683,0.5122033152694696,3.454393190250062,-1.09954193391298,25.0,3.9870364665985107,2.6999855041503906,25.0,1677.0023682098836,57
684,0.5100746319736296,3.450739730868423,-1.0996526647032352,25.0,3.9871985912323,2.6999855041503906,25.0,1669.861431502737,57
685,0.5081155200233617,3.4467823087123404,-1.0996273567802028,25.0,3.986874580383301,2.6999855041503906,25.0,1663.4869853490964,57
686,0.5313790127443544,3.48051813901481,-1.099630355834961,25.0,3.9876842498779297,2.6999855041503906,25.0,1739.6429452858865,59
687,0.5357370764216631,3.479370931784312,-1.0996407985687255,25.0,3.9876842498779297,2.6998236179351807,25.0,1753.8934280173853,60
688,0.537847259638865,3.4853462974230447,-1.0996438026428224,25.0,3.9876842498779297,2.6999855041503906,25.0,1760.7993726581335,60
689,0.5385749943928848,3.487643071015676,-1.0996408005555471,25.0,3.9878461360931396,2.6999855041503906,25.0,1763.1898707728833,60
690,0.5389116324315892,3.4890194813410442,-1.0996438026428224,25.0,3.9878461360931396,2.6999855041503906,25.0,1764.2839600620791,60
691,0.5355244231785661,3.471560311317444,-1.0994003931681315,25.0,3.9880082607269287,2.6998236179351807,25.0,1753.5793175371364,60
692,0.5233365493459958,3.4590550317602644,-1.0993828187554568,25.0,3.9880082607269287,2.6999855041503906,25.0,1713.7050285385922,59
693,0.5150964849179024,3.4535814647016854,-1.0993708618755997,25.0,3.9880082607269287,2.6999855041503906,25.0,1686.7367282342166,58
694,0.5061462397298444,3.4446118128927132,-1.099393275746128,25.0,3.9875223636627197,2.6999855041503906,25.0,1657.3933822158724,57
695,0.4997858293000874,3.443349097456251,-1.0993553123303823,25.0,3.9875223636627197,2.6998236179351807,25.0,1636.6279912451282,56
696,0.49474677784945226,3.445688421075994,-1.0994143269278787,25.0,3.9875223636627197,2.6999855041503906,25.0,1620.0346358567476,55
697,0.4904046768921949,3.4372295639731667,-1.099407761747187,25.0,3.9873604774475098,2.6999855041503906,25.0,1605.8317905748263,55
698,0.4870663911708704,3.429483266310258,-1.0993880943818526,25.0,3.9873604774475098,2.6999855041503906,25.0,1594.9255995377898,55
699,0.48390545655570344,3.436686061046742,-1.0994053968676814,25.0,3.9875223636627197,2.6998236179351807,25.0,1584.5508915176615,54
700,0.4816586580591566,3.432208873607494,-1.0993720182666071,25.0,3.9875223636627197,2.6999855041503906,25.0,1577.238310020417,54
701,0.4837867670368692,3.4403475522994995,-1.0994054012828403,25.0,3.9875223636627197,2.6999855041503906,25.0,1584.1603342620656,54
702,0.4836438488331632,3.4425486546975597,-1.0994054034904197,25.0,3.9876842498779297,2.6999855041503906,25.0,1583.6918186545372,54
703,0.48089727183916126,3.4360233147939048,-1.0993887119823031,25.0,3.9876842498779297,2.6998236179351807,25.0,1574.7230945406482,54
704,0.4802737533249213,3.435267625031648,-1.099388700944406,25.0,3.9875223636627197,2.6999855041503906,25.0,1572.6760411299765,54
705,0.4836638260906621,3.4470258112306946,-1.099375347296397,25.0,3.9876842498779297,2.6999855041503906,25.0,1583.799080485478,54
706,0.474473556240636,3.4362350364900984,-1.0993961433194719,25.0,3.9875223636627197,2.6999855041503906,25.0,1553.6765353763476,53
707,0.4662236171372498,3.4261970153221717,-1.0993622541427612,25.0,3.9873604774475098,2.6998236179351807,25.0,1526.7080035442486,52
708,0.4603694621576469,3.4148398500222426,-1.0994073221316705,25.0,3.9873604774475098,2.6999855041503906,25.0,1507.4739518733695,52
709,0.4576158581339298,3.423296853607776,-1.099433090172562,25.0,3.9873604774475098,2.6999855041503906,25.0,1498.4271629741415,51
710,0.4608716969538862,3.4202054418050327,-1.0993795853394728,25.0,3.9875223636627197,2.6999855041503906,25.0,1509.1616509184241,52
711,0.4617184317195592,3.423437911730546,-1.0994107929559855,25.0,3.9876842498779297,2.6999855041503906,25.0,1511.880311442539,52
712,0.4610631117352352,3.4226033229094286,-1.099369193498905,25.0,3.9875223636627197,2.6999855041503906,25.0,1509.8024232201278,52
713,0.4608571226527934,3.4234316624127903,-1.0994038581848145,25.0,3.9875223636627197,2.6999855041503906,25.0,1509.0837094374,52
714,0.4639566742429526,3.4326556737606344,-1.0993726528607881,25.0,3.9876842498779297,2.6999855041503906,25.0,1519.270988102071,52
715,0.4645237110730366,3.43695316864894,-1.0993691912064185,25.0,3.9876842498779297,2.6999855041503906,25.0,1521.130437893793,52
716,0.4634148039823944,3.4327678084373474,-1.0994177208496974,25.0,3.9876842498779297,2.6999855041503906,25.0,1517.4274959592149,52
717,0.456287405319829,3.4280786701277193,-1.0993836019553391,25.0,3.9875223636627197,2.6999855041503906,25.0,1494.1465585455298,51
718,0.4539944285135443,3.421963289672253,-1.0993977411120546,25.0,3.9876842498779297,2.6999855041503906,25.0,1486.6133348597214,51
719,0.4508642566120357,3.415228745516609,-1.0994048118591309,25.0,3.9876842498779297,2.6999855041503906,25.0,1476.3501236988232,51
720,0.4483595762072487,3.422852215766907,-1.0993985891342164,25.0,3.9875223636627197,2.6999855041503906,25.0,1468.1624894188717,50
721,0.4459512854090043,3.418356909751892,-1.0994021964073182,25.0,3.9875223636627197,2.6998236179351807,25.0,1460.2721225498244,50
722,0.43601049442693807,3.403023422980795,-1.099373712831614,25.0,3.9873604774475098,2.6999855041503906,25.0,1427.7570130601525,49
723,0.2932557392972624,3.379769549225316,-1.0994044939676921,25.0,3.854574680328369,2.6996617317199707,25.0,960.2645624708384,33
724,0.4299354266659322,3.40213451286157,-1.099370338022709,25.0,3.9870364665985107,2.6999855041503906,25.0,1407.866606414318,48
725,0.42993809301592006,3.4038921842972436,-1.0993928785125415,25.0,3.9873604774475098,2.6998236179351807,25.0,1407.850952083245,48
726,0.4264288460746043,3.395943909883499,-1.0993891259034474,25.0,3.9873604774475098,2.6999855041503906,25.0,1396.3666764944792,48
727,0.4216018837656788,3.3978416260252606,-1.0993783372513792,25.0,3.986874580383301,2.6998236179351807,25.0,1380.5700385635719,47
728,0.41798742780985754,3.3898310610588562,-1.0993936772042132,25.0,3.9871985912323,2.6999855041503906,25.0,1368.7108452739194,47
729,0.41546004663688013,3.382778319906681,-1.0994013471806303,25.0,3.9871985912323,2.6999855041503906,25.0,1360.4298281660303,47
730,0.41184048176520777,3.389102500417958,-1.099445464818374,25.0,3.9870364665985107,2.6999855041503906,25.0,1348.5238576717675,46
731,0.4099026027828066,3.384135365486145,-1.099457227665445,25.0,3.9870364665985107,2.6999855041503906,25.0,1342.1644353149459,46
732,0.437238164776632,3.3937998012620576,-1.0994951311422854,25.0,3.9871985912323,2.6999855041503906,25.0,1431.6165711870417,49
733,0.4204297765611761,3.3870196088831475,-1.0994819022239524,25.0,3.9873604774475098,2.6999855041503906,25.0,1376.601701632142,47
734,0.4103726901775214,3.3810374788616016,-1.0994611382484436,25.0,3.9873604774475098,2.6999855041503906,25.0,1343.6961819538847,46
735,0.4038022832102123,3.3686354523119717,-1.0994885693425718,25.0,3.9873604774475098,2.6999855041503906,25.0,1322.1495045898482,46
736,0.39091649342032686,3.3660456213084133,-1.0994167788462206,25.0,3.9871985912323,2.6998236179351807,25.0,1280.0428086798638,44
737,0.38304399751652085,3.36581275074981,-1.099451749823814,25.0,3.986874580383301,2.6998236179351807,25.0,1254.2288931384683,43
738,0.37804827419325476,3.353027476820835,-1.0994349773540053,25.0,3.986874580383301,2.6999855041503906,25.0,1237.8852488081902,43
739,0.37551968687205384,3.3635137421744212,-1.0994497594379244,25.0,3.986874580383301,2.6999855041503906,25.0,1229.58837792743,42
740,0.37145604041543656,3.354268096742176,-1.0994111214365279,25.0,3.9870364665985107,2.6999855041503906,25.0,1216.3232186129317,42
741,0.36712784183607644,3.344305299577259,-1.0994454622268677,25.0,3.9870364665985107,2.6999855041503906,25.0,1202.1201134556904,42
742,0.36243770817692117,3.3495184037743546,-1.0994256792998895,25.0,3.986874580383301,2.6999855041503906,25.0,1186.7765961233526,41
743,0.35948903273724897,3.342930456487144,-1.0993861018157587,25.0,3.986712694168091,2.6999855041503906,25.0,1177.1674890788272,41
744,0.35931919913759536,3.3434044093620487,-1.0994476603298653,25.0,3.986712694168091,2.6999855041503906,25.0,1176.5424372199923,41
745,0.3698422918772018,3.3481107382547286,-1.099398238318307,25.0,3.9870364665985107,2.6999855041503906,25.0,1211.0576000474393,42
746,0.36910438826258973,3.3545996802193776,-1.0994454565502347,25.0,3.9871985912323,2.6999855041503906,25.0,1208.5915492363274,42
747,0.3614928347468753,3.355972069065745,-1.0993992962488315,25.0,3.9870364665985107,2.6999855041503906,25.0,1183.7144657168537,41
748,0.36067133009192964,3.350655898815248,-1.0993948971352927,25.0,3.9870364665985107,2.6999855041503906,25.0,1181.026790224947,41
749,0.35560015216311547,3.354587322473526,-1.0994319409132003,25.0,3.9870364665985107,2.6999855041503906,25.0,1164.3865299094468,40
750,0.3494580893557898,3.336891996860504,-1.0994274377822877,25.0,3.9870364665985107,2.6999855041503906,25.0,1144.2775522414595,40
751,0.3447915303086274,3.3417712969657702,-1.0994154184292524,25.0,3.9870364665985107,2.6999855041503906,25.0,1129.012238916941,39
752,0.34133059384832903,3.3337202744606214,-1.099410796776796,25.0,3.9870364665985107,2.6999855041503906,25.0,1117.6841618977487,39
753,0.3388138419217623,3.344521014313949,-1.099421739578247,25.0,3.986712694168091,2.6999855041503906,25.0,1109.4342037690803,38
754,0.33646998135217504,3.3382822839837325,-1.0993695478690297,25.0,3.986874580383301,2.6999855041503906,25.0,1101.8093655603006,38
755,0.33287128777418734,3.330522248619481,-1.0994217427153337,25.0,3.986874580383301,2.6999855041503906,25.0,1089.9659526487812,38
756,0.330711063332147,3.3250292853305212,-1.0994312292651127,25.0,3.986712694168091,2.6999855041503906,25.0,1082.887784796767,38
757,0.3264069078871026,3.3336899538297913,-1.0994186659117002,25.0,3.986874580383301,2.6999855041503906,25.0,1068.8100761985406,37
758,0.3239376281534377,3.327847229467856,-1.0994040482753031,25.0,3.986712694168091,2.6999855041503906,25.0,1060.7319813193753,37
759,0.32525015416909375,3.329396544276057,-1.0994089197468113,25.0,3.986874580383301,2.6999855041503906,25.0,1065.0288497135043,37
760,0.33234321709170744,3.3331344880555807,-1.0993695572802895,25.0,3.986874580383301,2.6999855041503906,25.0,1088.2942272759974,38
761,0.3283237619926533,3.346697201599946,-1.0994284120765891,25.0,3.986874580383301,2.6999855041503906,25.0,1075.075776167214,37
762,0.3336270327090982,3.342373245640805,-1.0994359631287425,25.0,3.9870364665985107,2.6999855041503906,25.0,1092.4348060293123,38
763,0.33389929789834366,3.3397482319882044,-1.0994644416005988,25.0,3.986874580383301,2.6999855041503906,25.0,1093.2942308681086,38
764,0.32746365025624286,3.3446927328367493,-1.099564851941289,25.0,3.9870364665985107,2.6999855041503906,25.0,1072.1223164182156,37
765,0.32745497136248236,3.3375194910410286,-1.0995697201909245,25.0,3.9870364665985107,2.6999855041503906,25.0,1072.0914450138807,37
766,0.3079038708428775,3.32510610307966,-1.099587116922651,25.0,3.986550807952881,2.6999855041503906,25.0,1008.0628012223169,35
767,0.30846544041936075,3.323819875717163,-1.099566514151437,25.0,3.986550807952881,2.6998236179351807,25.0,1009.9201050456613,35
768,0.30482859602055373,3.315130969456264,-1.0996025800704956,25.0,3.986226797103882,2.6999855041503906,25.0,997.9831433789805,35
769,0.3036454967850221,3.3102174350193567,-1.0995665175574167,25.0,3.986550807952881,2.6999855041503906,25.0,994.1390782315284,35
770,0.30139424466200865,3.320764092838063,-1.0995568142217749,25.0,3.986550807952881,2.6999855041503906,25.0,986.7780838692561,34
771,0.29892655470927165,3.318716112305136,-1.0995568142217749,25.0,3.986388921737671,2.6999855041503906,25.0,978.7020238889381,34
772,0.2963365321325415,3.3126292929929844,-1.0995409103000866,25.0,3.986226797103882,2.6998236179351807,25.0,970.2333383178338,34
773,0.2925554482390378,3.3222584507682105,-1.0995356097365871,25.0,3.986388921737671,2.6999855041503906,25.0,957.8587911427021,33
774,0.29188417747243134,3.321645057562626,-1.0995793161970195,25.0,3.986388921737671,2.6999855041503906,25.0,955.6242481078953,33
775,0.2956799068393561,3.3110052206937004,-1.099535601980546,25.0,3.986388921737671,2.6999855041503906,25.0,968.0926998462528,34
776,0.2028851480945641,3.302494535843531,-1.0995806852976482,25.0,3.8604042530059814,2.6998236179351807,25.0,664.238660460338,24
777,0.29835113488552745,3.32196910942302,-1.0995939409031588,25.0,3.986550807952881,2.6999855041503906,25.0,976.7801503064111,34
778,0.29720087862719996,3.315506009494557,-1.0995568072094637,25.0,3.986550807952881,2.6999855041503906,25.0,973.0460887867957,34
779,0.2894486874239573,3.318313136245265,-1.0995738506317139,25.0,3.986712694168091,2.6999855041503906,25.0,947.6557653136551,33
780,0.2933743121197634,3.30948110888986,-1.0995674273547005,25.0,3.986712694168091,2.6999855041503906,25.0,960.5150147341192,34
781,0.2880121388603821,3.3126896366928564,-1.099551999207699,25.0,3.986712694168091,2.6999855041503906,25.0,942.968518499285,33
782,0.437238164776632,3.3937998012620576,-1.0994951311422854,25.0,3.9871985912323,2.6999855041503906,25.0,1431.6165711870417,49
783,0.4204297765611761,3.3870196088831475,-1.0994819022239524,25.0,3.9873604774475098,2.6999855041503906,25.0,1376.601701632142,47
784,0.4103726901775214,3.3810374788616016,-1.0994611382484436,25.0,3.9873604774475098,2.6999855041503906,25.0,1343.6961819538847,46
785,0.4038022832102123,3.3686354523119717,-1.0994885693425718,25.0,3.9873604774475098,2.6999855041503906,25.0,1322.1495045898482,46
786,0.39091649342032686,3.3660456213084133,-1.0994167788462206,25.0,3.9871985912323,2.6998236179351807,25.0,1280.0428086798638,44
787,0.38304399751652085,3.36581275074981,-1.099451749823814,25.0,3.986874580383301,2.6998236179351807,25.0,1254.2288931384683,43
788,0.37804827419325476,3.353027476820835,-1.0994349773540053,25.0,3.986874580383301,2.6999855041503906,25.0,1237.8852488081902,43
789,0.37551968687205384,3.3635137421744212,-1.0994497594379244,25.0,3.986874580383301,2.6999855041503906,25.0,1229.58837792743,42
790,0.37145604041543656,3.354268096742176,-1.0994111214365279,25.0,3.9870364665985107,2.6999855041503906,25.0,1216.3232186129317,42
791,0.36712784183607644,3.344305299577259,-1.0994454622268677,25.0,3.9870364665985107,2.6999855041503906,25.0,1202.1201134556904,42
792,0.36243770817692117,3.3495184037743546,-1.0994256792998895,25.0,3.986874580383301,2.6999855041503906,25.0,1186.7765961233526,41
793,0.35948903273724897,3.342930456487144,-1.0993861018157587,25.0,3.986712694168091,2.6999855041503906,25.0,1177.1674890788272,41
794,0.35931919913759536,3.3434044093620487,-1.0994476603298653,25.0,3.986712694168091,2.6999855041503906,25.0,1176.5424372199923,41
795,0.3698422918772018,3.3481107382547286,-1.099398238318307,25.0,3.9870364665985107,2.6999855041503906,25.0,1211.0576000474393,42
796,0.36910438826258973,3.3545996802193776,-1.0994454565502347,25.0,3.9871985912323,2.6999855041503906,25.0,1208.5915492363274,42
797,0.3614928347468753,3.355972069065745,-1.0993992962488315,25.0,3.9870364665985107,2.6999855041503906,25.0,1183.7144657168537,41
798,0.36067133009192964,3.350655898815248,-1.0993948971352927,25.0,3.9870364665985107,2.6999855041503906,25.0,1181.026790224947,41
799,0.35560015216311547,3.354587322473526,-1.0994319409132003,25.0,3.9870364665985107,2.6999855041503906,25.0,1164.3865299094468,40
800,0.3494580893557898,3.336891996860504,-1.0994274377822877,25.0,3.9870364665985107,2.6999855041503906,25.0,1144.2775522414595,40
801,0.3447915303086274,3.3417712969657702,-1.0994154184292524,25.0,3.9870364665985107,2.6999855041503906,25.0,1129.012238916941,39
802,0.34133059384832903,3.3337202744606214,-1.099410796776796,25.0,3.9870364665985107,2.6999855041503906,25.0,1117.6841618977487,39
803,0.3388138419217623,3.344521014313949,-1.099421739578247,25.0,3.986712694168091,2.6999855041503906,25.0,1109.4342037690803,38
804,0.33646998135217504,3.3382822839837325,-1.0993695478690297,25.0,3.986874580383301,2.6999855041503906,25.0,1101.8093655603006,38
805,0.33287128777418734,3.330522248619481,-1.0994217427153337,25.0,3.986874580383301,2.6999855041503906,25.0,1089.9659526487812,38
806,0.330711063332147,3.3250292853305212,-1.0994312292651127,25.0,3.986712694168091,2.6999855041503906,25.0,1082.887784796767,38
807,0.3264069078871026,3.3336899538297913,-1.0994186659117002,25.0,3.986874580383301,2.6999855041503906,25.0,1068.8100761985406,37
808,0.3239376281534377,3.327847229467856,-1.0994040482753031,25.0,3.986712694168091,2.6999855041503906,25.0,1060.7319813193753,37
809,0.32525015416909375,3.329396544276057,-1.0994089197468113,25.0,3.986874580383301,2.6999855041503906,25.0,1065.0288497135043,37
810,0.33234321709170744,3.3331344880555807,-1.0993695572802895,25.0,3.986874580383301,2.6999855041503906,25.0,1088.2942272759974,38
811,0.3283237619926533,3.346697201599946,-1.0994284120765891,25.0,3.986874580383301,2.6999855041503906,25.0,1075.075776167214,37
812,0.3336270327090982,3.342373245640805,-1.0994359631287425,25.0,3.9870364665985107,2.6999855041503906,25.0,1092.4348060293123,38
813,0.33389929789834366,3.3397482319882044,-1.0994644416005988,25.0,3.986874580383301,2.6999855041503906,25.0,1093.2942308681086,38
814,0.32746365025624286,3.3446927328367493,-1.099564851941289,25.0,3.9870364665985107,2.6999855041503906,25.0,1072.1223164182156,37
815,0.32745497136248236,3.3375194910410286,-1.0995697201909245,25.0,3.9870364665985107,2.6999855041503906,25.0,1072.0914450138807,37
816,0.3079038708428775,3.32510610307966,-1.099587116922651,25.0,3.986550807952881,2.6999855041503906,25.0,1008.0628012223169,35
817,0.30846544041936075,3.323819875717163,-1.099566514151437,25.0,3.986550807952881,2.6998236179351807,25.0,1009.9201050456613,35
818,0.30482859602055373,3.315130969456264,-1.0996025800704956,25.0,3.986226797103882,2.6999855041503906,25.0,997.9831433789805,35
819,0.3036454967850221,3.3102174350193567,-1.0995665175574167,25.0,3.986550807952881,2.6999855041503906,25.0,994.1390782315284,35
820,0.30139424466200865,3.320764092838063,-1.0995568142217749,25.0,3.986550807952881,2.6999855041503906,25.0,986.7780838692561,34
821,0.29892655470927165,3.318716112305136,-1.0995568142217749,25.0,3.986388921737671,2.6999855041503906,25.0,978.7020238889381,34
822,0.2963365321325415,3.3126292929929844,-1.0995409103000866,25.0,3.986226797103882,2.6998236179351807,25.0,970.2333383178338,34
823,0.2925554482390378,3.3222584507682105,-1.0995356097365871,25.0,3.986388921737671,2.6999855041503906,25.0,957.8587911427021,33
824,0.29188417747243134,3.321645057562626,-1.0995793161970195,25.0,3.986388921737671,2.6999855041503906,25.0,955.6242481078953,33
825,0.2956799068393561,3.3110052206937004,-1.099535601980546,25.0,3.986388921737671,2.6999855041503906,25.0,968.0926998462528,34
826,0.2028851480945641,3.302494535843531,-1.0995806852976482,25.0,3.8604042530059814,2.6998236179351807,25.0,664.238660460338,24
827,0.29835113488552745,3.32196910942302,-1.0995939409031588,25.0,3.986550807952881,2.6999855041503906,25.0,976.7801503064111,34
828,0.29720087862719996,3.315506009494557,-1.0995568072094637,25.0,3.986550807952881,2.6999855041503906,25.0,973.0460887867957,34
829,0.2894486874239573,3.318313136245265,-1.0995738506317139,25.0,3.986712694168091,2.6999855041503906,25.0,947.6557653136551,33
830,0.2933743121197634,3.30948110888986,-1.0995674273547005,25.0,3.986712694168091,2.6999855041503906,25.0,960.5150147341192,34
831,0.2880121388603821,3.3126896366928564,-1.099551999207699,25.0,3.986712694168091,2.6999855041503906,25.0,942.968518499285,33
832,1.139519216614238,3.6380784307571656,-1.0995886386397051,25.0,4.081768035888672,2.6996617317199707,25.0,3730.72593506705,374
833,1.1290346332229213,3.629867259979248,-1.0995413732528687,25.0,4.013431549072266,2.6998236179351807,25.0,3696.5699797226116,125
834,1.1286171795937956,3.6313143157958985,-1.0995183019638062,25.0,4.013917446136475,2.6999855041503906,25.0,3695.2730934014544,125
835,1.1274162525341886,3.6296703605651857,-1.0995168552398682,25.0,4.013593673706055,2.6999855041503906,25.0,3691.351193721406,125
836,1.1257287272504524,3.6411896896362306,-1.0994980993270873,25.0,4.016022682189941,2.6999855041503906,25.0,3685.8879876155406,125
837,1.1244443253494814,3.645871519088745,-1.099477907180786,25.0,4.021852493286133,2.6996617317199707,25.0,3681.7507578069344,125
838,1.1163305943731725,3.643107129681495,-1.0994992525346818,25.0,4.0239577293396,2.6994998455047607,25.0,3655.1086715897545,124
839,1.104957799506028,3.638285249960227,-1.099500135320132,25.0,4.014403343200684,2.6998236179351807,25.0,3617.868524436839,122
840,1.1005565449972912,3.634945695517493,-1.0995030901471123,25.0,4.015050888061523,2.6998236179351807,25.0,3603.44616707135,122
841,1.0974623545995903,3.6331007128856223,-1.0994986598608925,25.0,4.015375137329102,2.6998236179351807,25.0,3593.3372337240726,122
842,1.093060256189946,3.635627845102105,-1.0995147454837138,25.0,4.013917446136475,2.6999855041503906,25.0,3578.867898135446,121
843,1.1007279390021865,3.6469593302148287,-1.0995016117564966,25.0,4.019908905029297,2.6998236179351807,25.0,3604.0170409539714,122
844,1.1029172266239562,3.6527239279668837,-1.099495705033912,25.0,4.022985935211182,2.6994998455047607,25.0,3611.204681736417,122
845,1.1032537331861985,3.6471938098349224,-1.0994960263492615,25.0,4.024929046630859,2.6999855041503906,25.0,3612.299928196706,123
846,1.102922328570245,3.648157507423463,-1.099490164741268,25.0,4.026062488555908,2.6993377208709717,25.0,3611.238613517955,123
847,1.1023898003231805,3.656550602834733,-1.0994868385987204,25.0,4.026710510253906,2.6998236179351807,25.0,3609.5051935128868,122
848,1.1020844493964874,3.6574651354649026,-1.0994705802104512,25.0,4.028006076812744,2.6999855041503906,25.0,3608.5537755442783,122
849,1.1013949611492244,3.6575806121357153,-1.099436595791676,25.0,4.028653621673584,2.6991758346557617,25.0,3606.416983240284,122
850,1.1008671459205237,3.657961548351851,-1.0994691037740865,25.0,4.029301166534424,2.6993377208709717,25.0,3604.57039108593,122
851,1.100057746759243,3.6577823689726534,-1.0994720605553174,25.0,4.029625415802002,2.6998236179351807,25.0,3601.9145230194554,122
852,1.09931120158459,3.6574266406356313,-1.0994617137752596,25.0,4.030110836029053,2.6998236179351807,25.0,3599.5089027537033,122
853,1.0986368705451923,3.6572859443602015,-1.0994631882573738,25.0,4.030110836029053,2.6999855041503906,25.0,3597.2904979921877,122
854,1.0980494043417455,3.65715850572117,-1.0994572864204157,25.0,4.030596733093262,2.6994998455047607,25.0,3595.3849791400135,122
855,1.0974972924727076,3.6570523312834444,-1.099454327684934,25.0,4.031082630157471,2.6998236179351807,25.0,3593.589410856366,122
856,1.096901284394811,3.656989963328252,-1.0994853562996036,25.0,4.03124475479126,2.6998236179351807,25.0,3591.5422913618386,122
857,1.0961049554394464,3.656390006424951,-1.0994469347547313,25.0,4.03156852722168,2.6996617317199707,25.0,3589.0580569840968,122
858,1.0953893268332766,3.6557329756314636,-1.099454324753558,25.0,4.0317301750183105,2.6999855041503906,25.0,3586.683010207489,122
859,1.0809500628963853,3.6462438702583313,-1.099475508928299,25.0,4.0239577293396,2.6994998455047607,25.0,3539.3414528630674,120
860,1.0754409108541818,3.6458430871242236,-1.0994840930489933,25.0,4.021042823791504,2.6999855041503906,25.0,3521.2769849151373,119
861,1.0723260934012453,3.6421512756027092,-1.0995007553020446,25.0,4.020233154296875,2.6998236179351807,25.0,3511.0262858830392,119
862,1.0697750920410594,3.639020088340054,-1.0994689424498743,25.0,4.019261360168457,2.6994998455047607,25.0,3502.7763245310634,119
863,1.0673450995161007,3.6357256204140285,-1.099478029403366,25.0,4.017642021179199,2.6998236179351807,25.0,3494.791786555201,119
864,1.0797341795504993,3.6519574403762816,-1.0994920323292414,25.0,4.025577068328857,2.6999855041503906,25.0,3535.2994173970073,120
865,1.0818209633710443,3.65623113711675,-1.0994770089785257,25.0,4.027196407318115,2.6998236179351807,25.0,3542.1923030018806,120
866,1.0679234430667113,3.639063626778226,-1.0994901556928618,25.0,4.020394802093506,2.6993377208709717,25.0,3496.6519744060934,119
867,1.0618788928555354,3.636659517126568,-1.0994851841764934,25.0,4.018289566040039,2.6998236179351807,25.0,3476.8693214524537,118
868,1.0618260009582166,3.6392518423371394,-1.0994729611833216,25.0,4.017642021179199,2.6999855041503906,25.0,3476.7291167434305,118
869,1.0601184337442895,3.6372015940940985,-1.0994821271653903,25.0,4.01715612411499,2.6999855041503906,25.0,3471.119458336383,118
870,1.0595397644915718,3.6367432404372653,-1.0994607381901498,25.0,4.016670227050781,2.6996617317199707,25.0,3469.2915802206844,118
871,1.0711978684510584,3.6511937149432527,-1.0994522791950643,25.0,4.0237956047058105,2.6996617317199707,25.0,3507.486457152292,119
872,1.0731869686965374,3.6549753561741163,-1.0994704611161177,25.0,4.025577068328857,2.6998236179351807,25.0,3513.940829625353,119
873,1.05937015403026,3.6375625072899513,-1.0994714326777701,25.0,4.018289566040039,2.6998236179351807,25.0,3468.698162790388,118
874,1.0560776012705353,3.640938029330001,-1.099477050650833,25.0,4.01650857925415,2.6999855041503906,25.0,3457.9002938233316,117
875,1.0557996077987275,3.6365215370797705,-1.0994493095283835,25.0,4.011002540588379,2.6994998455047607,25.0,3457.0727222450078,117
876,1.055811312187615,3.633309146277925,-1.0994539383130195,25.0,4.011002540588379,2.6998236179351807,25.0,3457.1042447425425,117
877,1.0523100408567312,3.6350212178678594,-1.0994446909325755,25.0,4.011974334716797,2.6994998455047607,25.0,3445.6662369556725,117
878,1.0639621060942717,3.646335771528341,-1.0994546322499292,25.0,4.0161848068237305,2.6994998455047607,25.0,3483.782077796757,118
879,1.0663775513779348,3.6401345749863054,-1.0994553105169986,25.0,4.014889240264893,2.6996617317199707,25.0,3491.690405651927,119
880,1.0555000128424115,3.632585293207413,-1.0994755080622485,25.0,4.004363536834717,2.6998236179351807,25.0,3456.0116168148816,117
881,1.0518737180388655,3.6241785562955418,-1.099477045556419,25.0,3.9985339641571045,2.6996617317199707,25.0,3444.1357997786254,117
882,1.050420786808667,3.6129317650428185,-1.0994585558899448,25.0,3.992542266845703,2.6994998455047607,25.0,3439.4328600335866,117
883,1.0502262076716173,3.6141234442719026,-1.0994708843720264,25.0,3.9897894859313965,2.6998236179351807,25.0,3438.761158954352,117
884,1.0498314878772352,3.605877256800986,-1.0996018760224693,25.0,3.9889798164367676,2.6996617317199707,25.0,3437.0565065331757,117
885,1.0414524192406185,3.592423067010682,-1.0994128235455216,25.0,3.9805591106414795,2.6998236179351807,25.0,3410.208699505776,116
886,1.038284101849086,3.6016182816546896,-1.0994337030079053,25.0,3.9889798164367676,2.6996617317199707,25.0,3399.7715049758554,115
887,1.039126320642477,3.588597368157428,-1.0994274357090825,25.0,3.9881701469421387,2.6998236179351807,25.0,3402.552874032408,115
888,1.0479991855035464,3.5876153090904497,-1.0994314767163376,25.0,3.9870364665985107,2.6998236179351807,25.0,3431.588081592694,116
889,1.0487274168479075,3.5876027530637282,-1.0994283649428138,25.0,3.984607458114624,2.6999855041503906,25.0,3433.9801768921316,116
890,1.0410183774273019,3.5718797774150453,-1.0994221506447628,25.0,3.982988119125366,2.6999855041503906,25.0,3408.7590354774147,116
891,1.0379310136476765,3.570701553510583,-1.0994180275046308,25.0,3.9698715209960938,2.6994998455047607,25.0,3398.6626853179187,115
892,1.0369108733775534,3.569911596049433,-1.0994039183077604,25.0,3.968414068222046,2.6999855041503906,25.0,3395.3660901114345,115
893,1.0358663355236457,3.5799514977828317,-1.0994039203809656,25.0,3.9876842498779297,2.6998236179351807,25.0,3391.944008592516,115
894,1.0334875128224201,3.5699496248494023,-1.099378836673239,25.0,3.9812068939208984,2.6999855041503906,25.0,3384.224648181349,115
895,1.0430055674097105,3.582559049129486,-1.0993895099080842,25.0,3.9812068939208984,2.6993377208709717,25.0,3415.3698169458658,116
896,1.0437598943842672,3.589515242083319,-1.09939417756837,25.0,3.9878461360931396,2.6999855041503906,25.0,3417.8243528101593,116
897,1.0344472032531424,3.576729737157407,-1.0993819692860478,25.0,3.9871985912323,2.6998236179351807,25.0,3387.3627315256745,115
898,1.030894749470987,3.5757257624676355,-1.0994011801585817,25.0,3.9812068939208984,2.6994998455047607,25.0,3375.678187929094,114
899,1.0276359209045751,3.5714359220705534,-1.0994011822499727,25.0,3.983959913253784,2.6998236179351807,25.0,3365.0062295328826,114
900,1.0278674311991647,3.5727171897888184,-1.0994027570674294,25.0,3.9870364665985107,2.6994998455047607,25.0,3365.7561869211495,114
901,1.0239332712620295,3.562511084372537,-1.0994217406239426,25.0,3.9828262329101562,2.6998236179351807,25.0,3352.818372806534,114
902,1.0361752285779817,3.5885156942450482,-1.0993913754172948,25.0,3.9876842498779297,2.6999855041503906,25.0,3392.9943313281983,115
903,1.0369384681006868,3.5921528754026992,-1.0994133244390074,25.0,3.9878461360931396,2.6994998455047607,25.0,3395.4298137482256,115
904,1.0273846905518835,3.583252839874803,-1.0994248996701157,25.0,3.9881701469421387,2.6994998455047607,25.0,3364.116308623925,114
905,1.023833598630002,3.574130560222425,-1.099412250937077,25.0,3.9876842498779297,2.6999855041503906,25.0,3352.5215414781123,114
906,1.0233784746347299,3.5720580920838474,-1.0994027664786892,25.0,3.9876842498779297,2.6996617317199707,25.0,3351.0529995243996,114
907,1.0215638683511141,3.590070524046906,-1.0993999928499745,25.0,3.9884939193725586,2.6998236179351807,25.0,3345.1314162276685,113
908,1.0123783932209165,3.6112803859370097,-1.0994036101869173,25.0,3.992704153060913,2.6999855041503906,25.0,3315.037441983819,112
909,0.8782745249116332,3.5575761527431253,-1.0994068347677892,25.0,3.8678531646728516,2.6999855041503906,25.0,2875.904777124524,98
910,1.028031059360586,3.6043837907021508,-1.0993932705176503,25.0,3.9888179302215576,2.6999855041503906,25.0,3366.3230693694204,114
911,1.0306448352689546,3.598427749516671,-1.0993885324712385,25.0,3.9883320331573486,2.6998236179351807,25.0,3374.901755200699,114
912,1.0344264382212953,3.593946823866471,-1.099380404016246,25.0,3.9881701469421387,2.6994998455047607,25.0,3387.309027025476,115
913,1.0354804011966217,3.595070513435032,-1.0993882407312807,25.0,3.9883320331573486,2.6996617317199707,25.0,3390.732071708888,115
914,1.036619230091193,3.5940439970596976,-1.09937569991402,25.0,3.9880082607269287,2.6994998455047607,25.0,3394.502192141488,115
915,1.0372752809782082,3.5942974443021027,-1.0993631549503493,25.0,3.9883320331573486,2.6999855041503906,25.0,3396.686912527308,115
916,1.038115897130891,3.5972207090129023,-1.099378836673239,25.0,3.9883320331573486,2.6994998455047607,25.0,3399.391166130081,115
917,1.03830221464265,3.5952732666679053,-1.0993882417678833,25.0,3.9878461360931396,2.6994998455047607,25.0,3399.969497056678,115
918,1.0387381539172529,3.5938806430153223,-1.099375701987225,25.0,3.9881701469421387,2.6994998455047607,25.0,3401.4386779684573,115
919,1.0392571294219584,3.5924711185952893,-1.0993835355924524,25.0,3.9875223636627197,2.6999855041503906,25.0,3403.1110500823706,115
920,1.0394406590089147,3.5933413484822148,-1.0993819692860478,25.0,3.9876842498779297,2.6994998455047607,25.0,3403.7209414672107,115
921,1.039693427248281,3.5916192013284434,-1.0993929469067119,25.0,3.9870364665985107,2.6998236179351807,25.0,3404.518000209704,115
922,1.0397897242316994,3.593815874016803,-1.0993725683378137,25.0,3.9878461360931396,2.6998236179351807,25.0,3404.8934182245284,115
923,1.039634702107504,3.5936215504356053,-1.0993788418562516,25.0,3.9880082607269287,2.6996617317199707,25.0,3404.3622383717448,115
924,1.0398379769724304,3.592382402005403,-1.099407051957172,25.0,3.9880082607269287,2.6998236179351807,25.0,3404.9406958185136,115
925,1.0398302564393356,3.5921923098356827,-1.099405488760575,25.0,3.9878461360931396,2.6994998455047607,25.0,3404.9252416305244,115
926,1.0221613845319837,3.5708491232542867,-1.0994079714327787,25.0,3.986712694168091,2.6994998455047607,25.0,3347.054713634774,113
927,1.0216382416418848,3.5749562187532407,-1.0994175419343257,25.0,3.9875223636627197,2.6999855041503906,25.0,3345.3196865022182,113
928,1.0197277033819117,3.567318097680016,-1.0994143528220928,25.0,3.9795875549316406,2.6999855041503906,25.0,3339.069728679955,113
929,1.009752068224544,3.5980668791702817,-1.0994100464241845,25.0,3.9899513721466064,2.6996617317199707,25.0,3306.41407000646,112
930,1.023985944108872,3.5827045357018186,-1.099412253028468,25.0,3.9881701469421387,2.6999855041503906,25.0,3353.0086761265993,114
931,1.03051609612452,3.5945029990714894,-1.0994201584866172,25.0,3.9880082607269287,2.6998236179351807,25.0,3374.372655082494,114
932,1.0319471953794486,3.5869653681050178,-1.0994384019271186,25.0,3.9880082607269287,2.6996617317199707,25.0,3379.014559371397,115
933,1.0154297561032142,3.564186893733202,-1.0995292252143927,25.0,3.977968215942383,2.6999855041503906,25.0,3324.6481610648334,113
934,1.0191242329199186,3.5717046450724643,-1.099601031404681,25.0,3.9742438793182373,2.6996617317199707,25.0,3336.5266569610685,113
935,1.0123499332727877,3.631141877600125,-1.0994148797222547,25.0,4.011164665222168,2.6998236179351807,25.0,3314.9134562518448,112
936,1.0155661158190856,3.626196137571757,-1.0994143528220928,25.0,4.0066304206848145,2.6994998455047607,25.0,3325.445283966139,113
937,1.022032366043261,3.634976531329908,-1.0994185763492919,25.0,4.0161848068237305,2.6998236179351807,25.0,3346.6064228750765,114
938,1.0227736557117058,3.6361739886434457,-1.0994407210433692,25.0,4.0161848068237305,2.6998236179351807,25.0,3348.9670432396233,114
939,1.0078043488469663,3.6193452945777347,-1.0994132650750024,25.0,4.004039764404297,2.6998236179351807,25.0,3300.0231522358954,112
940,1.0063614887193995,3.613910381283079,-1.0994020008615084,25.0,3.9991815090179443,2.6998236179351807,25.0,3295.335151163861,112
941,1.0086124278769713,3.6199019317116057,-1.099405220576695,25.0,4.003067970275879,2.6998236179351807,25.0,3302.6947592999786,112
942,1.0044591382065762,3.6280058664934978,-1.0994309751050813,25.0,4.015050888061523,2.6996617317199707,25.0,3289.023169722408,112
943,1.0027966851468124,3.631352289302929,-1.0994251579851717,25.0,4.011974334716797,2.6996617317199707,25.0,3283.6008446458727,111
944,1.0158945705918314,3.6448916249570593,-1.0994095654614204,25.0,4.021204471588135,2.6996617317199707,25.0,3326.5272206347436,113
945,1.0173785585156188,3.6488282005343815,-1.0994063795140359,25.0,4.023309707641602,2.6994998455047607,25.0,3331.4042215645313,113
946,1.0052128846551314,3.6293374874762128,-1.0994390196033887,25.0,4.016670227050781,2.6998236179351807,25.0,3291.4641626980156,112
947,1.0021402816258733,3.6312983078999563,-1.0994202865136635,25.0,4.011650562286377,2.6998236179351807,25.0,3281.460416248068,111
948,1.0045800023346463,3.6287620344332288,-1.0994052227054323,25.0,4.012460231781006,2.6999855041503906,25.0,3289.4917462859303,112
949,1.0030737796709386,3.636487492569932,-1.099417037792034,25.0,4.014889240264893,2.6998236179351807,25.0,3284.5235488303006,111
950,0.9963683464155563,3.6226516263978974,-1.099413792292277,25.0,4.013917446136475,2.6999855041503906,25.0,3262.5857379958034,111
951,1.0091304657406717,3.643101860369955,-1.0995114584054266,25.0,4.01715612411499,2.6996617317199707,25.0,3304.07341019623,112
952,1.0128492401630473,3.6430530210511876,-1.0994973119381255,25.0,4.022662162780762,2.6998236179351807,25.0,3316.294613610953,113
953,1.009871033859924,3.6497209072113037,-1.0994921433074134,25.0,4.0241193771362305,2.6994998455047607,25.0,3306.5611511170864,112
954,0.9955999718621185,3.621284667436067,-1.0994966234172787,25.0,4.012946128845215,2.6996617317199707,25.0,3259.820026146248,111
955,0.9961735200529974,3.623957298897408,-1.0994982461671572,25.0,4.012784004211426,2.6999855041503906,25.0,3261.6953965928406,111
956,0.9966740668370103,3.6255839343543523,-1.0993650636157475,25.0,4.014079570770264,2.6999855041503906,25.0,3263.726615300402,111
957,0.9961533767341958,3.6249478722477817,-1.0993894274170335,25.0,4.013431549072266,2.6998236179351807,25.0,3261.945299388841,111
958,1.0003540241117586,3.631878936612928,-1.099391050166912,25.0,4.011650562286377,2.6996617317199707,25.0,3275.695343317464,111
959,1.0085661036219575,3.645979091525078,-1.0993859012212073,25.0,4.021690368652344,2.6996617317199707,25.0,3302.605577480048,112
960,1.0100274256221689,3.6494433156081607,-1.0993875148040908,25.0,4.023471832275391,2.6996617317199707,25.0,3307.388241780922,112
961,1.0109918682391767,3.643283744828891,-1.0993648936263227,25.0,4.02444314956665,2.6994998455047607,25.0,3310.6072108894587,113
962,1.011508959916181,3.6445261925722647,-1.0993983988213327,25.0,4.025252819061279,2.6993377208709717,25.0,3312.201587047428,113
963,1.0119353500059483,3.6457156248852214,-1.0993808539567795,25.0,4.025738716125488,2.6999855041503906,25.0,3313.6552848089486,113
964,0.8998931935005627,3.6222204303741456,-1.0993895781040193,25.0,3.9386184215545654,2.6996617317199707,25.0,2946.738089926541,100
965,1.0128469848470794,3.6480572118168384,-1.0993856307679573,25.0,4.027358055114746,2.6994998455047607,25.0,3316.625920223072,113
966,1.0132454305093348,3.649275294447367,-1.0993904181286298,25.0,4.027681827545166,2.6999855041503906,25.0,3317.9230471253395,113
967,1.0132919279626744,3.649286768077749,-1.0993872290163968,25.0,4.028006076812744,2.6999855041503906,25.0,3318.079273417592,113
968,1.013372396310988,3.6495303791181177,-1.0994015900434646,25.0,4.028167724609375,2.6998236179351807,25.0,3318.2982811406255,113
969,1.0133641594391567,3.649643585745212,-1.0994079724877281,25.0,4.028329849243164,2.6999855041503906,25.0,3318.2516172546893,113
970,1.013545970626276,3.6502067873963213,-1.0993760560466126,25.0,4.028653621673584,2.6999855041503906,25.0,3318.9391990806907,113
971,1.013845487658248,3.6509533877921316,-1.09937606132136,25.0,4.028815746307373,2.6996617317199707,25.0,3319.9240026958287,113
972,1.0145536676341265,3.652364941824854,-1.0993936125156099,25.0,4.028977394104004,2.6996617317199707,25.0,3322.190072309226,113
973,1.0150333899445618,3.6532921347997886,-1.0993936093507615,25.0,4.029625415802002,2.6998236179351807,25.0,3323.7529054190964,113
974,1.016543428007969,3.656837471818502,-1.0993983946015349,25.0,4.031082630157471,2.6999855041503906,25.0,3328.691699218005,113
975,1.01689538816193,3.6572186756977993,-1.0994063668546423,25.0,4.03156852722168,2.6996617317199707,25.0,3329.8169908337295,113
976,1.0013643069386478,3.639292895256936,-1.0994056710251816,25.0,4.020556926727295,2.6999855041503906,25.0,3278.962964683771,111
977,0.9995701441308992,3.6355625680975012,-1.099381306149938,25.0,4.017804145812988,2.6998236179351807,25.0,3273.1648732684553,111
978,0.9990933951607261,3.634523853525385,-1.0994121620246955,25.0,4.017804145812988,2.6996617317199707,25.0,3271.508538706228,111
979,0.9988827310846726,3.6343867263278447,-1.099413790144362,25.0,4.01650857925415,2.6994998455047607,25.0,3270.8205729257315,111
980,0.9950397557973557,3.625384081591357,-1.0994121663205259,25.0,4.013755798339844,2.6998236179351807,25.0,3258.226231167093,111
981,1.0075462030264464,3.6471907049417496,-1.0993826815060206,25.0,4.022823810577393,2.6996617317199707,25.0,3299.2781925685704,112
982,1.0092918705646317,3.6513865228210176,-1.0993859033499445,25.0,4.025414943695068,2.6996617317199707,25.0,3304.9829876665026,112
983,0.9995844486318427,3.6376268627407313,-1.0994251612070445,25.0,4.025252819061279,2.6999855041503906,25.0,3273.074633333832,111
984,0.9945481035224294,3.633656930923462,-1.099499552900141,25.0,4.013107776641846,2.6998236179351807,25.0,3256.366519410163,110
985,1.000634205202939,3.629810260222839,-1.0994235363092508,25.0,4.013593673706055,2.6999855041503906,25.0,3276.5222411602736,111
986,1.0118654980833268,3.64024139505572,-1.099411161599961,25.0,4.021690368652344,2.6999855041503906,25.0,3313.3412076141685,113
987,1.0137305340623555,3.6453989227261165,-1.0993983956564843,25.0,4.0247673988342285,2.6999855041503906,25.0,3319.4821243267506,113
988,1.0045888655232338,3.6350022745983943,-1.0994164869189262,25.0,4.026224613189697,2.6996617317199707,25.0,3289.495705028996,112
989,0.9992164031767717,3.6298773761268133,-1.0994072927011025,25.0,4.013917446136475,2.6999855041503906,25.0,3271.929633066058,111
990,1.0010177002055167,3.6339797050029308,-1.0994202865136635,25.0,4.0161848068237305,2.6999855041503906,25.0,3277.789055723697,111
991,1.0018649609684973,3.6375436997628428,-1.0994072959229753,25.0,4.01650857925415,2.6998236179351807,25.0,3280.60224266164,111
992,0.999713854045909,3.632205713976611,-1.0993796834000595,25.0,4.016346454620361,2.6998236179351807,25.0,3273.6332942806184,111
993,1.0064715668715212,3.64001932314464,-1.0993907366480147,25.0,4.01715612411499,2.6999855041503906,25.0,3295.7302507162094,112
994,1.0110111884619728,3.6508515498467853,-1.0993875116109848,25.0,4.024929046630859,2.6996617317199707,25.0,3310.607896409929,112
995,1.012868023235802,3.646592646573497,-1.0993728658794302,25.0,4.026386737823486,2.6996617317199707,25.0,3316.734336491674,113
996,0.9989532793528503,3.6312122366449855,-1.0993731881047155,25.0,4.01683235168457,2.6998236179351807,25.0,3271.1646660547704,111
997,0.9994009262487245,3.632681318231531,-1.0993845537976101,25.0,4.016022682189941,2.6994998455047607,25.0,3272.602063825354,111
998,0.8803463165125317,3.6010289873395647,-1.099384753071532,25.0,3.924691915512085,2.6996617317199707,25.0,2882.747772557661,98
999,0.998577430666493,3.631995643581356,-1.0993829342696044,25.0,4.017318248748779,2.6998236179351807,25.0,3269.8992863968015,111
1000,0.9977881517718016,3.630377773766045,-1.0994040450534306,25.0,4.01650857925415,2.6999855041503906,25.0,3267.258228795603,111
1001,1.0095650350211154,3.649950800197465,-1.0993762442043848,25.0,4.0246052742004395,2.6996617317199707,25.0,3305.90422870405,112
1002,1.012501942878408,3.6475541992525082,-1.0993792441038959,25.0,4.027681827545166,2.6994998455047607,25.0,3315.515993900597,113
1003,1.0043396868116687,3.637477559702737,-1.0993907334549087,25.0,4.028006076812744,2.6998236179351807,25.0,3288.7467221114784,112
1004,0.9983641927591682,3.631457322352641,-1.0993910512408696,25.0,4.01650857925415,2.6999855041503906,25.0,3269.1807151027024,111
1005,1.002475499056417,3.641392185881331,-1.0993796834000595,25.0,4.019099235534668,2.6999855041503906,25.0,3282.685257749632,111
1006,1.0096626000438669,3.650128651942526,-1.0993891230651311,25.0,4.0241193771362305,2.6999855041503906,25.0,3306.187147796154,112
1007,1.0131714434954169,3.649766831271416,-1.0993904202385287,25.0,4.029463291168213,2.6999855041503906,25.0,3317.674915747717,113
1008,0.902608963728196,3.6178993092905176,-1.0994017289416624,25.0,3.941857099533081,2.6998236179351807,25.0,2955.5997269060463,101
1009,1.013528674425097,3.6503830525727397,-1.0993632974877823,25.0,4.029625415802002,2.6994998455047607,25.0,3318.925690697506,113
1010,1.0139486588254991,3.651479307529146,-1.0993505315443055,25.0,4.029787063598633,2.6999855041503906,25.0,3320.332298297435,113
1011,1.0145568923354102,3.6526085718543126,-1.0993744651828192,25.0,4.030272960662842,2.6993377208709717,25.0,3322.2548974864185,113
1012,1.0149654796791414,3.6535973464493203,-1.099356913988569,25.0,4.030758857727051,2.6994998455047607,25.0,3323.6457298137248,113
1013,1.0154515958725914,3.6544987416900363,-1.0993983988213327,25.0,4.030920505523682,2.6993377208709717,25.0,3325.1150626018643,113
1014,1.0167186247730329,3.6575239042265224,-1.0993904212934782,25.0,4.0325398445129395,2.6999855041503906,25.0,3329.288396716118,113
1015,1.0164235131754684,3.656652613023741,-1.0993920195419176,25.0,4.0322160720825195,2.6994998455047607,25.0,3328.3196261134,113
1016,1.0164667603768347,3.6568947872229383,-1.0993856318229067,25.0,4.0325398445129395,2.6996617317199707,25.0,3328.47601836361,113
1017,0.9081003990697866,3.6277932979092737,-1.0993767433827466,25.0,3.9465529918670654,2.6998236179351807,25.0,2973.650487979874,101
1018,1.0165344850845777,3.6569478216424454,-1.0993760581565115,25.0,4.032378196716309,2.6999855041503906,25.0,3328.7263858504593,113
1019,1.016787264743409,3.657502400136627,-1.0993696809869953,25.0,4.032864093780518,2.6998236179351807,25.0,3329.5702598653734,113
1020,1.0170017041038641,3.6578893345014185,-1.0993824469304718,25.0,4.032864093780518,2.6999855041503906,25.0,3330.2423729281873,113
1021,1.017249631774395,3.658259054200839,-1.0994015889885151,25.0,4.033025741577148,2.6998236179351807,25.0,3330.992670316249,113
1022,1.01726305790749,3.65850983889757,-1.0993856339328056,25.0,4.0331878662109375,2.6999855041503906,25.0,3331.086636973545,113
1023,1.0172070680091496,3.6583607956371478,-1.0994941196610442,25.0,4.0331878662109375,2.6999855041503906,25.0,3330.571115816012,113
1024,1.017274167543687,3.6585556870013214,-1.0994941228258925,25.0,4.0331878662109375,2.6998236179351807,25.0,3330.7900070361793,113
1025,1.0172386306011747,3.6585298892671028,-1.099484545994649,25.0,4.033349514007568,2.6994998455047607,25.0,3330.696526955813,113
1026,1.00357047822707,3.6432332756283046,-1.0995079944799613,25.0,4.023471832275391,2.6998236179351807,25.0,3285.887006359175,111
1027,1.0044628499086323,3.637424051761627,-1.0995114573410578,25.0,4.022176265716553,2.6994998455047607,25.0,3288.792753016576,112
1028,1.0030683780185439,3.643242041269938,-1.0995226056726128,25.0,4.021690368652344,2.6998236179351807,25.0,3284.1990107204765,111
1029,0.9990614012571797,3.63494839109816,-1.0993991757298376,25.0,4.019423484802246,2.6994998455047607,25.0,3271.4473666772246,111
1030,0.9963345007134742,3.6289320292773546,-1.099379682326102,25.0,4.01650857925415,2.6998236179351807,25.0,3262.57186771743,111
1031,1.0083328028711245,3.6498828466449464,-1.09940683309521,25.0,4.025414943695068,2.6998236179351807,25.0,3301.7818243056536,112
1032,1.0104570452897264,3.654662787914276,-1.09939556568861,25.0,4.028167724609375,2.6998236179351807,25.0,3308.76881268993,112
1033,1.0030885849223712,3.6453953218889668,-1.0994073002188056,25.0,4.028653621673584,2.6998236179351807,25.0,3284.606940936297,111
1034,0.9964000958176912,3.6296541776743023,-1.0993894317128636,25.0,4.017318248748779,2.6994998455047607,25.0,3262.7593609634787,111
1035,1.0938828979709019,3.628588406507634,-1.0995177217751495,25.0,4.003877639770508,2.6998236179351807,25.0,3581.5554468799382,121
1036,1.0949853868382997,3.6174430669831836,-1.0995058018313952,25.0,3.9894654750823975,2.6998236179351807,25.0,3585.1967076845467,121
1037,1.0976269872454278,3.6169378562051744,-1.0994927462984303,25.0,3.9896275997161865,2.6994998455047607,25.0,3593.8905995134264,122
1038,1.0986124355237805,3.6136872240754423,-1.0994750114737963,25.0,3.9891417026519775,2.6998236179351807,25.0,3597.1739377975464,122
1039,1.0890414011575418,3.5952902372218363,-1.0995072934253156,25.0,3.9884939193725586,2.6996617317199707,25.0,3565.7280992008746,121
1040,1.084273616013992,3.6112863699595135,-1.0994740058978398,25.0,3.9888179302215576,2.6996617317199707,25.0,3550.2305888738483,120
1041,1.0837747563839384,3.6022679964701334,-1.0994830181201298,25.0,3.9883320331573486,2.6993377208709717,25.0,3548.5716603547335,120
1042,1.079428933648009,3.5913077731927237,-1.0994785100221633,25.0,3.9884939193725586,2.6996617317199707,25.0,3534.3525160066783,120
1043,1.0797683435937022,3.5851272920767467,-1.0994725008805593,25.0,3.9875223636627197,2.6994998455047607,25.0,3535.4786361008883,120
1044,1.0789352056534018,3.5826955854892732,-1.099475504954656,25.0,3.985903024673462,2.6993377208709717,25.0,3532.7454846277833,120
1045,1.0734223348645835,3.58497497815044,-1.0994810607253003,25.0,3.9876842498779297,2.6999855041503906,25.0,3514.6817027758807,119
1046,1.0679645282407955,3.5780051380901012,-1.099466855243101,25.0,3.985579252243042,2.6998236179351807,25.0,3496.850604776293,118
1047,1.0663609597471908,3.576623199349743,-1.0994912901167142,25.0,3.985903024673462,2.6999855041503906,25.0,3491.522744756192,118
1048,1.0629439188308847,3.6025092985670444,-1.0994103146811662,25.0,3.986712694168091,2.6994998455047607,25.0,3480.5858044587076,118
1049,1.0547208883818338,3.593852623915061,-1.0994107947390304,25.0,3.9891417026519775,2.6996617317199707,25.0,3453.6637516524643,117
1050,0.8970775357640427,3.530220901966095,-1.0993859720230104,25.0,3.856355905532837,2.6999855041503906,25.0,2937.5326524879783,100
1051,1.0620850035458202,3.581426323470423,-1.0993812922704018,25.0,3.9878461360931396,2.6994998455047607,25.0,3477.8692168239504,118
1052,1.0593587934634685,3.570163686396712,-1.0993858777870567,25.0,3.9781301021575928,2.6996617317199707,25.0,3468.9319934416562,118
1053,1.0524684999783347,3.5668733303363505,-1.0993984662569487,25.0,3.985903024673462,2.6999855041503906,25.0,3446.3197730425745,117
1054,1.0524457940754133,3.5670906295124283,-1.0993815151035276,25.0,3.976186990737915,2.6999855041503906,25.0,3446.304655207321,117
1055,1.0519253016149928,3.5689272473001075,-1.0993784329830072,25.0,3.9802353382110596,2.6996617317199707,25.0,3444.6173635683954,117
1056,1.0483334433718925,3.572044518487207,-1.099394174485371,25.0,3.9802353382110596,2.6999855041503906,25.0,3432.804745035246,116
1057,1.054422363698384,3.582387145767864,-1.0993768914133055,25.0,3.9876842498779297,2.6998236179351807,25.0,3452.791011856869,117
1058,1.0544247122832004,3.5827054834773397,-1.0993953831175454,25.0,3.9875223636627197,2.6998236179351807,25.0,3452.747385652736,117
1059,1.0532174445454352,3.5830847177750025,-1.099389221933153,25.0,3.9880082607269287,2.6999855041503906,25.0,3448.807168604806,117
1060,1.0524004785178571,3.581335275601118,-1.099392299978142,25.0,3.9875223636627197,2.6998236179351807,25.0,3446.119724713266,117
1061,1.0514721298833571,3.581375407357501,-1.0994107927012646,25.0,3.9873604774475098,2.6998236179351807,25.0,3443.0261689741164,117
1062,1.051666517368081,3.582192009330815,-1.0993938395100782,25.0,3.9878461360931396,2.6996617317199707,25.0,3443.713913405314,117
1063,1.0507170983922385,3.5804037925524588,-1.0994000098644159,25.0,3.9876842498779297,2.6994998455047607,25.0,3440.5890524294227,117
1064,1.0491525413725737,3.586413367041226,-1.0993817448616028,25.0,3.9876842498779297,2.6999855041503906,25.0,3435.5262107457966,116
1065,1.04826991018475,3.5849713107635237,-1.0994003928940872,25.0,3.9876842498779297,2.6999855041503906,25.0,3432.5729809105396,116
1066,1.0475050188988375,3.5818177893243988,-1.0993770792566497,25.0,3.985255241394043,2.6996617317199707,25.0,3430.1356350500137,116
1067,1.046509360402766,3.581947610296052,-1.0993926155156102,25.0,3.984769582748413,2.6998236179351807,25.0,3426.8387147616595,116
1068,1.0456646988945109,3.5803198999372023,-1.099391068877845,25.0,3.985255241394043,2.6998236179351807,25.0,3424.073243469,116
1069,0.8883323306050662,3.5411686150714603,-1.0994044915594237,25.0,3.8605661392211914,2.6999855041503906,25.0,2908.846545036882,99
1070,1.0452686389612,3.5817047316452553,-1.0993910678501786,25.0,3.986388921737671,2.6993377208709717,25.0,3422.776861652732,116
1071,1.0436736507159585,3.578767581232663,-1.0993957293444667,25.0,3.983474016189575,2.6994998455047607,25.0,3417.5419620331377,116
1072,1.0426526627125896,3.5755805434851813,-1.0994081599959011,25.0,3.9786159992218018,2.6996617317199707,25.0,3414.151496378705,116
1073,1.0420355954252187,3.5770393486680656,-1.099386407383557,25.0,3.9815309047698975,2.6999855041503906,25.0,3412.198232129216,116
1074,1.0287994983328088,3.5646119661498488,-1.0994075066164921,25.0,3.9791018962860107,2.6994998455047607,25.0,3368.7893469259143,114
1075,1.0274865320842206,3.562873304935924,-1.0994075066164921,25.0,3.9701955318450928,2.6999855041503906,25.0,3364.492467265576,114
1076,1.0262567630156068,3.562336382113005,-1.0994138309830113,25.0,3.985579252243042,2.6999855041503906,25.0,3360.445609452203,114
