cycle,capacity,voltage,current,temperature,max_voltage,min_voltage,max_temperature,discharge_duration_s,num_points
1,1.0867182123306989,3.721671115313328,-0.5497902223678051,25.0,4.089940547943115,2.699627637863159,25.0,7115.777976504429,241
2,1.085555361572895,3.7229487668429173,-0.5497887184016438,25.0,4.089778423309326,2.699951410293579,25.0,7108.1743480480145,241
3,1.0842065371399032,3.726358642180761,-0.5497651102642218,25.0,4.090264320373535,2.699789524078369,25.0,7099.675989181844,240
4,1.0832404611980133,3.725792017579079,-0.5498013496398926,25.0,4.090425968170166,2.699951410293579,25.0,7092.865091538486,240
5,1.0822068028514227,3.7252888083457947,-0.549790779997905,25.0,4.090425968170166,2.699789524078369,25.0,7086.22609069098,240
6,1.0815314546615606,3.7251323173443476,-0.5497945547103882,25.0,4.090425968170166,2.699465751647949,25.0,7081.75895356448,240
7,1.0809001314830584,3.724909051259359,-0.5497922902305921,25.0,4.090264320373535,2.699627637863159,25.0,7077.667531711035,240
8,0.9463321589968647,3.6904146830240885,-0.5498194694519043,25.0,3.9879496097564697,2.6984944343566895,25.0,6196.220988010842,210
9,1.0800583613030685,3.7286827713874593,-0.549795891201147,25.0,4.090264320373535,2.699789524078369,25.0,7072.090149657422,239
10,1.0793910977068837,3.728211329073088,-0.5497989238056677,25.0,4.090425968170166,2.699789524078369,25.0,7067.668673813489,239
11,1.0789749540322862,3.7279383507732566,-0.5497996824555816,25.0,4.090588092803955,2.699627637863159,25.0,7064.935231435753,239
12,1.0787041536618869,3.727970866478637,-0.5498337992564405,25.0,4.090749740600586,2.699951410293579,25.0,7062.764030328777,239
13,1.0778234996299516,3.7269013077644124,-0.5499361521529353,25.0,4.090749740600586,2.699627637863159,25.0,7055.655146686564,239
14,1.077440759946478,3.7266242693657654,-0.5499444923141511,25.0,4.090911865234375,2.699789524078369,25.0,7053.061898785789,239
15,1.0751216936026329,3.7236311926561245,-0.5499502703422258,25.0,4.090749740600586,2.699951410293579,25.0,7037.809695961041,238
16,1.0732379506446974,3.7185228051257733,-0.5499038268037203,25.0,4.090264320373535,2.699789524078369,25.0,7026.049472388724,238
17,1.072068148899877,3.719972811670746,-0.5498559394466223,25.0,4.090102195739746,2.699789524078369,25.0,7019.017433903879,237
18,1.070846719386081,3.716239098255141,-0.5497481372788988,25.0,4.089940547943115,2.699951410293579,25.0,7012.403881178761,237
19,1.0732596051360388,3.7227176708333634,-0.5497683076297536,25.0,4.090264320373535,2.699951410293579,25.0,7027.935890563822,238
20,1.0731998920451626,3.724525669041802,-0.5497751596595059,25.0,4.090425968170166,2.699951410293579,25.0,7027.457793214184,238
21,1.0692464320785935,3.7145573459094083,-0.5498169464401051,25.0,4.089778423309326,2.699627637863159,25.0,7001.044678461272,237
22,1.0685223880464396,3.715402314431557,-0.549863585188419,25.0,4.089778423309326,2.699951410293579,25.0,6995.719554908574,237
23,1.0674273700240426,3.7172335042791853,-0.5498529460470555,25.0,4.090264320373535,2.699789524078369,25.0,6988.669861749804,236
24,1.0680030938588145,3.717071083527577,-0.5498781113684932,25.0,4.089616775512695,2.699951410293579,25.0,6992.129874970124,237
25,1.069574416945323,3.72275568764924,-0.5498811695646133,25.0,4.090102195739746,2.699627637863159,25.0,7002.373133123445,237
26,1.0656394734789534,3.713640369601169,-0.5498621592582282,25.0,4.089940547943115,2.699789524078369,25.0,6976.840560163197,236
27,1.0649906968582856,3.712583964153872,-0.5498445001194032,25.0,4.089778423309326,2.699789524078369,25.0,6972.808332096727,236
28,1.0637727494718532,3.714280060504345,-0.5498522398319651,25.0,4.089454650878906,2.699789524078369,25.0,6964.744925147388,235
29,1.063365737677747,3.7127824052851253,-0.5498360481668025,25.0,4.089454650878906,2.699789524078369,25.0,6962.291301545338,235
30,1.0661359692787429,3.721114755687067,-0.5498813544794664,25.0,4.089454650878906,2.699465751647949,25.0,6979.866974814853,236
31,1.064556242219858,3.7171265008085865,-0.5498867292525405,25.0,4.089940547943115,2.699951410293579,25.0,6969.441618947778,236
32,1.0618891817994727,3.7122547159803676,-0.5498537821972623,25.0,4.089454650878906,2.699951410293579,25.0,6952.40170417889,235
33,1.0622436920134555,3.714875271979799,-0.5498445292736621,25.0,4.089616775512695,2.699789524078369,25.0,6954.825423104223,235
34,1.061430259363317,3.7142890179410895,-0.549815999700668,25.0,4.089616775512695,2.699951410293579,25.0,6949.888060171739,235
35,1.0637737511395624,3.7191796191668107,-0.549876747495037,25.0,4.089778423309326,2.699789524078369,25.0,6964.461309669423,236
36,1.064391292922033,3.7216381572060664,-0.5498790516186569,25.0,4.090102195739746,2.699789524078369,25.0,6968.450398669345,236
37,1.0596902141110693,3.7101907953302913,-0.5498329634362079,25.0,4.089616775512695,2.699789524078369,25.0,6938.258272552746,235
38,1.0590977091106264,3.7139026945472784,-0.549832169062052,25.0,4.089293003082275,2.699789524078369,25.0,6934.4025510184,234
39,1.059186023955903,3.711001618365024,-0.5498514687761348,25.0,4.089454650878906,2.699465751647949,25.0,6934.747973962338,235
40,1.0616640168419818,3.6393508829622188,-0.5497090470077645,25.0,4.0365166664123535,2.699627637863159,25.0,6952.745380254346,234
41,1.0655516399355336,3.6510362039178106,-0.5497523654820555,25.0,4.044773101806641,2.699789524078369,25.0,6977.677331116633,236
42,1.0667070712578326,3.6623266682786455,-0.5497638818065999,25.0,4.056267261505127,2.699951410293579,25.0,6985.070547542302,236
43,1.0667333373498542,3.66742483741146,-0.5497554363840718,25.0,4.058047771453857,2.699951410293579,25.0,6985.3531972735655,236
44,1.0667478251699696,3.670898615303686,-0.5497623462293107,25.0,4.061933517456055,2.699789524078369,25.0,6985.370254247799,236
45,1.0668042311192059,3.6738702624531117,-0.549789986620515,25.0,4.064199924468994,2.699951410293579,25.0,6985.37031349563,236
46,1.0663874045435944,3.6751413799948613,-0.5497554361315097,25.0,4.064847469329834,2.699789524078369,25.0,6983.076373908552,236
47,1.0661155325240155,3.676193656557697,-0.5497915221978042,25.0,4.064361572265625,2.699789524078369,25.0,6980.843433915055,236
48,1.065579956234563,3.6763390868397083,-0.5497846123525651,25.0,4.064361572265625,2.699627637863159,25.0,6977.452631215565,236
49,1.0655568213057878,3.6779785691681557,-0.5497807731567803,25.0,4.065332889556885,2.699465751647949,25.0,6977.345386122353,236
50,1.0649899761525679,3.6778043336787465,-0.5497884515483501,25.0,4.067113876342773,2.699951410293579,25.0,6973.53567690053,236
51,1.0652126796264847,3.6793786459049937,-0.5497861479298544,25.0,4.069056510925293,2.699951410293579,25.0,6975.00430355873,236
52,1.0647750877210842,3.679725057997946,-0.5497631140179553,25.0,4.067923069000244,2.699789524078369,25.0,6972.443534134305,236
53,1.0586882494744487,3.671776656411652,-0.5497454415019761,25.0,4.064523696899414,2.699951410293579,25.0,6932.814450744889,234
54,1.0574867677280184,3.6720374761483607,-0.5496695540909075,25.0,4.084921836853027,2.699951410293579,25.0,6925.5956224134425,234
55,1.056353155551526,3.669535094856197,-0.5497276314303406,25.0,4.065818786621094,2.699951410293579,25.0,6917.750875544618,234
56,1.0562528150020367,3.669986866478227,-0.5497191135699933,25.0,4.072618007659912,2.699627637863159,25.0,6917.2053854072,234
57,1.0599841289294332,3.6790775633872825,-0.5497651105231427,25.0,4.072618007659912,2.699789524078369,25.0,6941.04376557935,235
58,1.0575360653216594,3.6753154076062717,-0.5497415697472727,25.0,4.073427677154541,2.699951410293579,25.0,6925.316682292847,234
59,1.0535133454261705,3.671600167843405,-0.5497131613702733,25.0,4.072780132293701,2.699789524078369,25.0,6899.328441035817,233
60,1.0538153924426261,3.6733899904423004,-0.5497108283472675,25.0,4.067599296569824,2.699951410293579,25.0,6901.34508664743,233
61,1.0520033504250166,3.669179460009792,-0.5497147167189439,25.0,4.069704055786133,2.699627637863159,25.0,6889.406591342529,233
62,1.0559792090768467,3.6785013196814775,-0.5497524109151628,25.0,4.072294235229492,2.699789524078369,25.0,6914.962528416421,234
63,1.0552635914118174,3.6823384209252223,-0.5497333809029903,25.0,4.071322917938232,2.699789524078369,25.0,6910.524936939124,233
64,1.0498858866180725,3.6711723465344,-0.549727464544362,25.0,4.067275524139404,2.699951410293579,25.0,6875.373657313408,232
65,1.0494962323487291,3.6713684293730506,-0.5497102819640061,25.0,4.072941780090332,2.699951410293579,25.0,6873.046481580706,232
66,1.0485009649062085,3.6697216126425514,-0.5497087199112465,25.0,4.071161270141602,2.699627637863159,25.0,6866.5463723836,232
67,1.052114592001129,3.6778339797335122,-0.5497598218303893,25.0,4.071161270141602,2.699789524078369,25.0,6889.584922931623,233
68,1.0533807490276281,3.6820771745346135,-0.5497403799720076,25.0,4.084435939788818,2.699627637863159,25.0,6898.07265502098,233
69,1.0479088100283023,3.6698653615754226,-0.5497219973597033,25.0,4.076503276824951,2.699951410293579,25.0,6862.499883489916,232
70,1.0476659791356988,3.6709923055665246,-0.5497212165902401,25.0,4.076503276824951,2.699951410293579,25.0,6860.907319620252,232
71,1.0470738603958663,3.6740332877997197,-0.5497081620352608,25.0,4.069380283355713,2.699627637863159,25.0,6857.202532086987,231
72,1.0484190913357394,3.676068127155304,-0.5497329317290207,25.0,4.07698917388916,2.699627637863159,25.0,6865.707222252851,232
73,1.0510860393850412,3.679048503417314,-0.5497481569711743,25.0,4.072456359863281,2.699951410293579,25.0,6882.977277746191,233
74,1.046180216635333,3.6739330745878673,-0.5497136528873856,25.0,4.069218635559082,2.699789524078369,25.0,6851.297034700401,231
75,1.045163846771158,3.672062574526964,-0.5499285872364457,25.0,4.068571090698242,2.699951410293579,25.0,6841.968592179939,231
76,1.0444890278831345,3.6710141406946883,-0.5499858494960901,25.0,4.073103904724121,2.699951410293579,25.0,6836.828102299944,231
77,1.0438838586952128,3.669705703661039,-0.5497003182188257,25.0,4.074884414672852,2.699789524078369,25.0,6836.42139622313,231
78,1.0481658899610053,3.679987683378417,-0.549727464544362,25.0,4.071161270141602,2.699627637863159,25.0,6864.131738774944,232
79,1.0489064194381994,3.682373469245845,-0.5497508953357565,25.0,4.0756940841674805,2.699951410293579,25.0,6868.680297269719,232
80,1.0492722544516961,3.6837523312404237,-0.5497665158633528,25.0,4.074722766876221,2.699951410293579,25.0,6870.868962527951,232
81,1.0495447048957551,3.6851981785790673,-0.5497727645882244,25.0,4.0753703117370605,2.699951410293579,25.0,6872.589112932328,232
82,1.049897075133243,3.6866726371748695,-0.5497594871397676,25.0,4.078770160675049,2.699951410293579,25.0,6875.043814053293,232
83,1.0498150715955654,3.6867361397578797,-0.549772764331308,25.0,4.07763671875,2.699627637863159,25.0,6874.357055302942,232
84,1.0497725217324891,3.687067590910813,-0.5497641727842134,25.0,4.076179504394531,2.699789524078369,25.0,6874.185562649276,232
85,1.049731646104226,3.687265761967363,-0.5497961961503687,25.0,4.0760178565979,2.699951410293579,25.0,6873.514033558546,232
86,1.049568249056422,3.687396252977437,-0.5497626107314537,25.0,4.076179504394531,2.699789524078369,25.0,6872.874015728012,232
87,1.0497375218198137,3.6881812810897827,-0.5497782317728832,25.0,4.07731294631958,2.699627637863159,25.0,6873.7814211722,232
88,1.049699830753292,3.688517619823587,-0.5497626109883703,25.0,4.076503276824951,2.699789524078369,25.0,6873.735188438091,232
89,1.0496067259896897,3.6887953445829194,-0.5497571435467951,25.0,4.076503276824951,2.699789524078369,25.0,6873.188828136772,232
90,1.0518225988225969,3.675234952877308,-0.5497102819640061,25.0,4.082817077636719,2.699789524078369,25.0,6888.264983145287,232
91,1.0513380895145144,3.676347945270867,-0.5497337130123171,25.0,4.072132587432861,2.699951410293579,25.0,6884.828931291122,232
92,1.0547372590260324,3.685188519596542,-0.5497497120640309,25.0,4.07634162902832,2.699951410293579,25.0,6906.883976779878,233
93,1.0515359051110855,3.680649897147869,-0.5497313696762611,25.0,4.080874443054199,2.699951410293579,25.0,6886.1429238596465,232
94,1.0469810174484186,3.6758778600981743,-0.5497332630735455,25.0,4.0760178565979,2.699789524078369,25.0,6856.281049361918,231
95,1.0456503542975053,3.674095658512859,-0.5497230657767423,25.0,4.078122138977051,2.699951410293579,25.0,6847.702440260444,231
96,1.0450783517517106,3.6746331953899167,-0.5497089464427073,25.0,4.0756940841674805,2.699627637863159,25.0,6844.125016024802,231
97,1.0487420584437763,3.6827502826164507,-0.5497571435467951,25.0,4.076827049255371,2.699951410293579,25.0,6867.538690394489,232
98,1.0478402929905535,3.682131332570109,-0.5497516766190529,25.0,4.07698917388916,2.699789524078369,25.0,6861.6805791296065,232
99,1.0421164143464086,3.6737664689188416,-0.5496855404066003,25.0,4.085083484649658,2.699951410293579,25.0,6825.014747384936,230
100,1.0416809380941128,3.674297899785249,-0.5497178409410559,25.0,4.072780132293701,2.699627637863159,25.0,6821.811796771362,230
101,1.0410751575522623,3.6747378121251644,-0.5497036602186121,25.0,4.077798366546631,2.699789524078369,25.0,6817.983790828148,230
102,1.0442554408089038,3.6808382814580742,-0.5497285566288671,25.0,4.082169532775879,2.699789524078369,25.0,6838.4904054966755,231
103,1.0454863986991465,3.684441919450636,-0.5497638552219837,25.0,4.080389022827148,2.699627637863159,25.0,6846.118767827749,231
104,1.0399038496608037,3.6731161003527433,-0.5496957820394764,25.0,4.0760178565979,2.699789524078369,25.0,6810.405951314839,230
105,1.0390170947990836,3.6728127261866694,-0.5497123264748117,25.0,4.07698917388916,2.699789524078369,25.0,6804.406989705982,230
106,1.038445987099994,3.6721102631610374,-0.5497099630210711,25.0,4.07796049118042,2.699789524078369,25.0,6800.687985716155,230
107,1.0385885387380374,3.67365244264188,-0.5497115383977476,25.0,4.073589324951172,2.699789524078369,25.0,6801.5953806573525,230
108,1.0421504207149168,3.680402371790502,-0.5497591490353341,25.0,4.076503276824951,2.699951410293579,25.0,6824.335210510297,231
109,1.0382682021482081,3.6774272262789798,-0.5497204830552813,25.0,4.076179504394531,2.699951410293579,25.0,6799.391477351543,229
110,1.0359246482874356,3.6731799075697187,-0.5497276043787794,25.0,4.077150821685791,2.699789524078369,25.0,6783.984332285123,229
111,1.0359486318740552,3.6735602424654896,-0.5497268131206129,25.0,4.07698917388916,2.699951410293579,25.0,6784.108804648975,229
112,1.0344144802981192,3.6705543120355064,-0.5497141529899497,25.0,4.078122138977051,2.699951410293579,25.0,6774.233259927249,229
113,1.0390372236461092,3.6803870812706325,-0.5497548686421436,25.0,4.075855731964111,2.699951410293579,25.0,6804.020619919524,230
114,1.039407509263296,3.6819876712301505,-0.5497509292934252,25.0,4.07634162902832,2.699951410293579,25.0,6806.459918281995,230
115,1.0396524175004118,3.6831089424050374,-0.5497595952904742,25.0,4.081684112548828,2.699789524078369,25.0,6807.976647909498,230
116,1.0400082057866329,3.6845110520072604,-0.5497556562009065,25.0,4.0792555809021,2.699627637863159,25.0,6810.337334941141,230
117,1.0407125123314716,3.6867021964943927,-0.5497580196546472,25.0,4.077474594116211,2.699951410293579,25.0,6814.932258546818,230
118,1.041054113818534,3.687906525446021,-0.5497525049292523,25.0,4.0799031257629395,2.699627637863159,25.0,6817.2458387038205,230
119,1.041168828089932,3.688527336327926,-0.549759595549625,25.0,4.082817077636719,2.699951410293579,25.0,6817.90312449052,230
120,1.041141647236508,3.688948951596799,-0.5497438389322032,25.0,4.080550670623779,2.699951410293579,25.0,6817.919487719657,230
121,1.0412116612650253,3.689342414814493,-0.5497753516487454,25.0,4.07763671875,2.699789524078369,25.0,6817.998093512375,230
122,1.0412739166738143,3.68956835684569,-0.5499045561189236,25.0,4.0795793533325195,2.699951410293579,25.0,6816.796168698696,230
123,1.0414878811286457,3.6902546322864036,-0.5499203132546466,25.0,4.07860803604126,2.699789524078369,25.0,6818.000457811868,230
124,1.0413330656375588,3.690269414238308,-0.5499077073905779,25.0,4.0795793533325195,2.699789524078369,25.0,6817.141464811983,230
125,1.0371561510617449,3.681309767685603,-0.5499001007413239,25.0,4.0800652503967285,2.699627637863159,25.0,6789.878903936595,229
126,1.0326336832327905,3.6768846794178613,-0.5498852742868557,25.0,4.076827049255371,2.699627637863159,25.0,6760.470001967624,228
127,1.031885671636953,3.675849435622232,-0.5498860690154528,25.0,4.07698917388916,2.699951410293579,25.0,6755.563949457835,228
128,1.0303707523573102,3.6722111628766645,-0.549863815830465,25.0,4.0760178565979,2.699951410293579,25.0,6745.907177784946,228
129,1.0355471818607713,3.6836440948419695,-0.5498993092228752,25.0,4.081684112548828,2.699951410293579,25.0,6779.385071146302,229
130,1.0355421879319249,3.6850579836483086,-0.5499064315875024,25.0,4.0795793533325195,2.699951410293579,25.0,6779.230892871972,229
131,1.0294758854860089,3.676310961467054,-0.5498647290704534,25.0,4.074722766876221,2.699951410293579,25.0,6740.048109876923,227
132,0.8370812198632844,3.6216704153245494,-0.5497148421502882,25.0,3.9272408485412598,2.699789524078369,25.0,5481.929007026833,186
133,1.0300212185292223,3.674368288433343,-0.5497128168741862,25.0,4.07666540145874,2.699951410293579,25.0,6745.4709327099845,228
134,1.0304447756948432,3.675372995828327,-0.5497191749643862,25.0,4.075855731964111,2.699627637863159,25.0,6748.175325902179,228
135,1.0346190075304453,3.6837826483114315,-0.5497552986748875,25.0,4.07893180847168,2.699951410293579,25.0,6775.058856454678,229
136,1.032318284023204,3.680953946029931,-0.5497438115508932,25.0,4.079417705535889,2.699951410293579,25.0,6760.130573385395,228
137,1.028687635062192,3.677846424380063,-0.5496899167871685,25.0,4.0760178565979,2.699951410293579,25.0,6737.033778215293,227
138,1.0283564667115628,3.6783085625602285,-0.5497098725272695,25.0,4.07634162902832,2.699951410293579,25.0,6734.6123293424025,227
139,1.0274428614616347,3.6768187457769455,-0.549700293772021,25.0,4.074398994445801,2.699789524078369,25.0,6728.752966884058,227
140,1.0407028845174726,3.6742148337156877,-0.5497123262156611,25.0,4.081845760345459,2.699951410293579,25.0,6815.437815393321,230
141,1.0412452433960453,3.6800668198129407,-0.5497635346391927,25.0,4.084598064422607,2.699951410293579,25.0,6818.333167233504,230
142,1.0365110794066292,3.6726214229800296,-0.5496991193450694,25.0,4.082331657409668,2.699627637863159,25.0,6788.155977409333,229
143,1.0349039283589283,3.6703804101485873,-0.5498225556190357,25.0,4.0795793533325195,2.699951410293579,25.0,6776.108792826999,229
144,1.0345662672916003,3.671741985337703,-0.5497062404082852,25.0,4.07698917388916,2.699951410293579,25.0,6775.3125401875,229
145,1.0334980940346314,3.674937735524094,-0.5497128168741862,25.0,4.07828426361084,2.699789524078369,25.0,6768.249993440695,228
146,1.0338407872071609,3.6737277892999773,-0.5497078229246182,25.0,4.0800652503967285,2.699789524078369,25.0,6770.548954134807,229
147,1.0363249449017249,3.6820923511638393,-0.5497434303229553,25.0,4.076503276824951,2.699951410293579,25.0,6786.381977735087,229
148,1.0364414090846994,3.6833386910534323,-0.54974184754634,25.0,4.077474594116211,2.699951410293579,25.0,6787.1645550411195,229
149,1.0363007835957638,3.684086641369949,-0.5497410560278914,25.0,4.078122138977051,2.699951410293579,25.0,6786.243673862889,229
150,1.036128461855588,3.684577964799373,-0.5497418472860578,25.0,4.080874443054199,2.699951410293579,25.0,6785.119592545088,229
151,1.038521442728866,3.683715678297955,-0.5497265069381051,25.0,4.07796049118042,2.699789524078369,25.0,6800.967077040579,230
152,1.0348634425958525,3.6854065110069176,-0.5497640022544361,25.0,4.081036567687988,2.699951410293579,25.0,6776.547968320083,229
153,1.0358445963892131,3.688743277928715,-0.549779036419881,25.0,4.083302974700928,2.699951410293579,25.0,6782.7865793816745,229
154,1.0329167758303344,3.6853335029200505,-0.5497620903086244,25.0,4.079741477966309,2.699951410293579,25.0,6763.84251857223,228
155,1.0311827309138444,3.6827936716247023,-0.5497517588368633,25.0,4.082169532775879,2.699951410293579,25.0,6752.591450524051,228
156,1.0318776677040242,3.6855252123715583,-0.5497565272084454,25.0,4.082817077636719,2.699951410293579,25.0,6757.093653317541,228
157,1.031941464373675,3.6866165483207034,-0.5497732162475586,25.0,4.0795793533325195,2.699789524078369,25.0,6757.298244006466,228
158,1.034101807684353,3.688119755041131,-0.5497806186759315,25.0,4.082169532775879,2.699789524078369,25.0,6771.35305943992,229
159,1.0337559012738882,3.6884145549291087,-0.5497988178740423,25.0,4.080712795257568,2.699951410293579,25.0,6768.8854934186675,229
160,1.0290966013789706,3.6815468271573386,-0.5497859319051107,25.0,4.083140850067139,2.699789524078369,25.0,6738.530361555982,228
161,1.029151173917048,3.683028699013225,-0.5497771904133913,25.0,4.079093933105469,2.699789524078369,25.0,6739.001188638154,228
162,1.0288711261814307,3.68310964212083,-0.5497740109761556,25.0,4.083302974700928,2.699951410293579,25.0,6737.189948224928,228
163,1.0301734795755877,3.686968021225511,-0.5497962636382956,25.0,4.081684112548828,2.699789524078369,25.0,6745.446400384419,228
164,1.0308520529222873,3.6890065670013428,-0.5497835477193197,25.0,4.080712795257568,2.699951410293579,25.0,6750.075080751907,228
165,1.0265256461747705,3.6836031491535874,-0.5497609592219281,25.0,4.081521987915039,2.699951410293579,25.0,6722.016853528097,227
166,1.0248990263297857,3.681855170212128,-0.5497697410604502,25.0,4.081036567687988,2.699951410293579,25.0,6711.236283158418,227
167,1.0250614844708474,3.681821654021477,-0.5497545736476713,25.0,4.079741477966309,2.699951410293579,25.0,6712.501445955131,227
168,1.0238330171073189,3.68314903077826,-0.5497501972502312,25.0,4.081036567687988,2.699789524078369,25.0,6704.500227839686,226
169,1.0272747387308927,3.6887265858671214,-0.5497697400101481,25.0,4.080712795257568,2.699789524078369,25.0,6726.808530258946,227
170,1.0253563516646111,3.6856713505043333,-0.5497641521403442,25.0,4.080712795257568,2.699789524078369,25.0,6714.305935962126,227
171,1.0223670371667517,3.682540152980163,-0.5497638277247944,25.0,4.079417705535889,2.699789524078369,25.0,6694.735147470143,226
172,1.022525538849059,3.6838438711335173,-0.5497622239378701,25.0,4.080550670623779,2.699951410293579,25.0,6695.78319321014,226
173,1.0230198687521814,3.685830251305504,-0.5497718450769914,25.0,4.081521987915039,2.699627637863159,25.0,6698.910477025434,226
174,1.0248203392204203,3.686363848295506,-0.5497825119463883,25.0,4.082655429840088,2.699951410293579,25.0,6710.5738898771815,227
175,1.0257973668727218,3.688688077590539,-0.5498048621127258,25.0,4.081036567687988,2.699951410293579,25.0,6716.701731113717,227
176,1.025974591966565,3.6893948300819566,-0.5498008709647056,25.0,4.082979202270508,2.699789524078369,25.0,6717.905676148832,227
177,1.025792404709113,3.6893605986355684,-0.5498072565389625,25.0,4.083464622497559,2.699789524078369,25.0,6716.641649438068,227
178,1.0264319119063405,3.691163495773786,-0.5498168355567865,25.0,4.084759712219238,2.699951410293579,25.0,6720.690296140034,227
179,1.026758552756056,3.692029289211996,-0.5498160370646069,25.0,4.082655429840088,2.699789524078369,25.0,6722.848232075572,227
180,1.0266640150883295,3.692173348649483,-0.5498040641456974,25.0,4.081845760345459,2.699951410293579,25.0,6722.380084291566,227
181,1.0266178653487832,3.692253227275899,-0.5498296074930267,25.0,4.082007884979248,2.699789524078369,25.0,6721.7557681193575,227
182,1.0262112524378932,3.6919451390068962,-0.5497968803418365,25.0,4.084435939788818,2.699951410293579,25.0,6719.490235234611,227
183,1.0260306144971418,3.6917575739553845,-0.5498048621127258,25.0,4.085407257080078,2.699951410293579,25.0,6718.208615093958,227
184,1.0260711584248927,3.692082775846977,-0.5498176343115416,25.0,4.084598064422607,2.699627637863159,25.0,6718.335356682539,227
185,1.0258202914086185,3.691947276371691,-0.5498056600797544,25.0,4.083626747131348,2.699789524078369,25.0,6716.836117526051,227
186,1.0255746417016431,3.69151295334232,-0.5498200287377781,25.0,4.081845760345459,2.699951410293579,25.0,6715.0393100054935,227
187,1.0189761107781026,3.6860344452328153,-0.5499132919311523,25.0,4.079093933105469,2.699951410293579,25.0,6670.7079374510795,225
188,1.0176683643314997,3.6840802563561335,-0.5499020171165466,25.0,4.081198215484619,2.699951410293579,25.0,6662.284658035729,225
189,1.0175167346272074,3.6849616538153755,-0.5498955739869011,25.0,4.084112167358398,2.699951410293579,25.0,6661.364784290548,225
190,1.0160479167523813,3.68180803404914,-0.5498826879925198,25.0,4.080226898193359,2.699951410293579,25.0,6651.910261005163,225
191,1.0197406603020482,3.6867586121094966,-0.5499121541470553,25.0,4.081036567687988,2.699951410293579,25.0,6675.719690126367,226
192,1.018032351689317,3.689211809370253,-0.5499092647764418,25.0,4.082331657409668,2.699951410293579,25.0,6664.593417687807,225
193,1.0143611417835567,3.6846750463758196,-0.5498942152730056,25.0,4.084112167358398,2.699951410293579,25.0,6640.722595174331,224
194,1.0156150337063428,3.6838658406999376,-0.5499197337362501,25.0,4.080389022827148,2.699951410293579,25.0,6648.616410013288,225
195,1.014680763233767,3.6868099719285965,-0.5499112036611352,25.0,4.080874443054199,2.699789524078369,25.0,6642.631930769421,224
196,1.0168903781400978,3.6878159628974068,-0.5499245656861199,25.0,4.081845760345459,2.699789524078369,25.0,6656.906597557012,225
197,1.0179795846078248,3.6903795782725015,-0.5499422854847378,25.0,4.081360340118408,2.699789524078369,25.0,6663.832549566403,225
198,1.0131881693962543,3.684524725590433,-0.5500050482473203,25.0,4.081360340118408,2.699951410293579,25.0,6631.70972472569,224
199,1.0133339365504725,3.6854859505380904,-0.5500390260879483,25.0,4.082655429840088,2.699951410293579,25.0,6632.2572672767565,224
200,1.013433975241014,3.686221671955926,-0.5500422625669411,25.0,4.080226898193359,2.699951410293579,25.0,6632.867916959338,224
201,1.028832320923026,3.6872389106498416,-0.5499078355696758,25.0,4.082493305206299,2.699951410293579,25.0,6735.301776658744,227
202,1.0267024464605488,3.684802000743177,-0.5498918704524439,25.0,4.084759712219238,2.699789524078369,25.0,6721.55112527404,227
203,1.028897923291927,3.6869808132188364,-0.5499202436522433,25.0,4.085407257080078,2.699789524078369,25.0,6735.57816048339,228
204,1.0286711161987077,3.6921619360667495,-0.54993896731196,25.0,4.082817077636719,2.699951410293579,25.0,6733.862782045733,227
205,1.0215442658955691,3.6825251115106905,-0.5498889027971082,25.0,4.081521987915039,2.699951410293579,25.0,6687.83139420161,226
206,1.020667014813211,3.682502904824451,-0.5499001285143658,25.0,4.085731029510498,2.699789524078369,25.0,6681.926185567398,226
207,1.0200480493411774,3.6874597962697346,-0.5499004069964091,25.0,4.082493305206299,2.699789524078369,25.0,6677.896402781364,225
208,1.0199925100659106,3.687513762580024,-0.5498987952868144,25.0,4.083464622497559,2.699951410293579,25.0,6677.554643446114,225
209,1.0218230437731823,3.688992121578318,-0.5499346061090452,25.0,4.081684112548828,2.699951410293579,25.0,6689.095879743807,226
210,1.0216738322800314,3.6894828091680476,-0.5499265877018987,25.0,4.082493305206299,2.699789524078369,25.0,6688.191548578441,226
211,1.0212934678199754,3.689425504313106,-0.5499273894634922,25.0,4.082655429840088,2.699951410293579,25.0,6685.708535598125,226
212,1.0211723423120402,3.6897958422129133,-0.5499458307713534,25.0,4.086054801940918,2.699789524078369,25.0,6684.695334560238,226
213,1.0212128180562852,3.6905386764391332,-0.5499305959823912,25.0,4.083626747131348,2.699951410293579,25.0,6685.134422648698,226
214,1.0204717009779642,3.689671916244304,-0.5499378139466311,25.0,4.083140850067139,2.699951410293579,25.0,6680.213254568167,226
215,1.0200284197810212,3.6894154696337944,-0.5499297955394846,25.0,4.085893154144287,2.699627637863159,25.0,6677.400667660404,226
216,1.0194040438672962,3.6930460940466987,-0.5499382578002082,25.0,4.082655429840088,2.699789524078369,25.0,6673.213187960442,225
217,1.0189218637068607,3.6928295199076335,-0.5499181236161126,25.0,4.082331657409668,2.699789524078369,25.0,6670.307115267497,225
218,1.018621285336385,3.6926697858174644,-0.5499382583300273,25.0,4.085245609283447,2.699951410293579,25.0,6668.074167991057,225
219,1.0181713842985518,3.692354638841417,-0.5499173182911343,25.0,4.082817077636719,2.699789524078369,25.0,6665.387253435794,225
220,1.0178132679063236,3.6920373312632244,-0.5499285936355591,25.0,4.0837883949279785,2.699789524078369,25.0,6662.919044765644,225
221,0.8408286774059959,3.6430721321413593,-0.5499340363087193,25.0,3.947638988494873,2.699789524078369,25.0,5504.266120816581,186
222,1.0094957391623867,3.6844889561691625,-0.5498977199263637,25.0,4.083302974700928,2.699951410293579,25.0,6608.818654493429,223
223,1.0096815443034848,3.6861470622332106,-0.549895282818063,25.0,4.081360340118408,2.699951410293579,25.0,6610.087352097034,223
224,1.0085225161425604,3.6847372397179026,-0.5499066571483697,25.0,4.081360340118408,2.699951410293579,25.0,6602.367539506871,223
225,1.0109523457312002,3.686080745288304,-0.549915247197662,25.0,4.080874443054199,2.699951410293579,25.0,6618.159558338113,224
226,1.0122221951220753,3.689094507268497,-0.549925764224359,25.0,4.082169532775879,2.699951410293579,25.0,6626.370518095326,224
227,1.0062400784194194,3.686145430212622,-0.5498988059189942,25.0,4.080550670623779,2.699951410293579,25.0,6587.50798569154,222
228,1.0050800319761515,3.684862706038329,-0.5498571787868534,25.0,4.080226898193359,2.699951410293579,25.0,6580.413806008641,222
229,1.0043726398132802,3.6842895241471023,-0.5497739255965293,25.0,4.081521987915039,2.699789524078369,25.0,6576.773981415667,222
230,1.0029081224477148,3.681970555503089,-0.5497584171123333,25.0,4.080389022827148,2.699789524078369,25.0,6567.366621224675,222
231,1.007895006778791,3.6885209650202184,-0.5498172761078908,25.0,4.084435939788818,2.699951410293579,25.0,6599.304522416554,223
232,1.00664465034879,3.6876832059680615,-0.549819714285333,25.0,4.082169532775879,2.699789524078369,25.0,6591.117961881217,223
233,1.002097937002672,3.6815439570057498,-0.5497731091202916,25.0,4.082007884979248,2.699951410293579,25.0,6561.883616680279,222
234,1.002126794312292,3.6827479246500374,-0.5497853525050052,25.0,4.080550670623779,2.699627637863159,25.0,6561.947458954528,222
235,1.000908013759063,3.685577531745531,-0.5497662581469678,25.0,4.0799031257629395,2.699789524078369,25.0,6554.180636813398,221
236,1.0033315210479512,3.6866456817936255,-0.5497894330067677,25.0,4.082007884979248,2.699789524078369,25.0,6569.78301511379,222
237,1.0054860964437957,3.691110788164912,-0.5498073898457192,25.0,4.083626747131348,2.699951410293579,25.0,6583.679658965208,222
238,0.9996207294242505,3.684091222771692,-0.5497892151051517,25.0,4.080550670623779,2.699951410293579,25.0,6545.477585226297,221
239,0.9982935435168967,3.682029864367317,-0.5497818359961877,25.0,4.082493305206299,2.699951410293579,25.0,6536.882786735427,221
240,0.9971192044697239,3.685927241498774,-0.5497807597572153,25.0,4.081360340118408,2.699789524078369,25.0,6529.195805222727,220
241,0.9898640185511078,3.6742056493889796,-0.5497349930680506,25.0,4.078122138977051,2.699951410293579,25.0,6482.219069169834,219
242,0.9980215248121067,3.6844391768874085,-0.5497785566619079,25.0,4.084921836853027,2.699951410293579,25.0,6535.154906352982,221
243,0.999029743721682,3.687430107755359,-0.5497834760678839,25.0,4.081845760345459,2.699789524078369,25.0,6541.674333937466,221
244,0.9873413343327642,3.6750306930017036,-0.5498833049327956,25.0,4.07731294631958,2.699627637863159,25.0,6463.968457131181,218
245,0.9855630969810927,3.674224953038977,-0.5498650191573922,25.0,4.076827049255371,2.699951410293579,25.0,6452.531340630259,218
246,0.9841150725531074,3.676213230405535,-0.5497390575672624,25.0,4.07796049118042,2.699789524078369,25.0,6444.530334122479,217
247,0.9869964538510863,3.6779967043377937,-0.5497361848113733,25.0,4.085407257080078,2.699951410293579,25.0,6463.455653430894,218
248,0.9924242861868957,3.687119911794793,-0.5497606423891843,25.0,4.082331657409668,2.699951410293579,25.0,6498.6996759381145,219
249,0.9936255712203872,3.6854010982946916,-0.5497774644331499,25.0,4.082169532775879,2.699951410293579,25.0,6506.3584813768975,220
250,0.9942252623305801,3.686833824894645,-0.549800526283004,25.0,4.083140850067139,2.699951410293579,25.0,6510.0171596552245,220
251,1.011411512427593,3.6803574914889485,-0.5497408966312494,25.0,4.081521987915039,2.699951410293579,25.0,6623.275550450198,223
252,1.0115851085380378,3.6777130493095944,-0.5497332385608128,25.0,4.078770160675049,2.699789524078369,25.0,6624.502093439456,224
253,1.0162139050064312,3.685893429650201,-0.5497715528806051,25.0,4.082493305206299,2.699951410293579,25.0,6654.356194865424,225
254,1.0087950454204744,3.680289975196257,-0.5498847180952405,25.0,4.0842742919921875,2.699951410293579,25.0,6604.409019636922,223
255,1.0021355299568988,3.67809907559356,-0.5498671062391808,25.0,4.080550670623779,2.699951410293579,25.0,6561.015057631303,221
256,0.9995947714056878,3.675275888917673,-0.5497629785429838,25.0,4.077798366546631,2.699951410293579,25.0,6545.62407575408,221
257,0.9957268041627332,3.6738156470385466,-0.5497428723356941,25.0,4.080550670623779,2.699951410293579,25.0,6520.529312425759,220
258,1.0023519651646997,3.681250800957551,-0.5497845360287675,25.0,4.082169532775879,2.699789524078369,25.0,6563.415464366786,222
259,1.003416773222026,3.684716129088187,-0.5497845360287675,25.0,4.082007884979248,2.699627637863159,25.0,6570.387270094827,222
260,0.991692682155954,3.6740430217899687,-0.5497490592198829,25.0,4.078770160675049,2.699951410293579,25.0,6494.028950889129,219
261,0.9890956657433397,3.6755794833559507,-0.5497245482348521,25.0,4.078770160675049,2.699951410293579,25.0,6477.325866826344,218
262,0.9869023407214408,3.6771827936172485,-0.5498542140383239,25.0,4.078770160675049,2.699951410293579,25.0,6461.432602660265,218
263,0.983188590677728,3.676601170394827,-0.5498091987750497,25.0,4.078446388244629,2.699951410293579,25.0,6437.634976188652,217
264,0.9841921536183735,3.6774434493983397,-0.5498025186600224,25.0,4.082655429840088,2.699789524078369,25.0,6444.307849260978,217
265,0.9906759579977855,3.6849140565689296,-0.5498210414903894,25.0,4.0837883949279785,2.699789524078369,25.0,6486.5494553837925,219
266,0.9866446023710593,3.68199642754476,-0.5497960300620542,25.0,4.083140850067139,2.699951410293579,25.0,6460.419906160794,218
267,0.9800544786883394,3.6765485494225114,-0.5497813845674197,25.0,4.078446388244629,2.699951410293579,25.0,6417.433766782284,216
268,0.9783911829750889,3.675212212182857,-0.5497629292033337,25.0,4.07860803604126,2.699951410293579,25.0,6406.760664509609,216
269,0.9762724260324409,3.6725185336890043,-0.5497495068444146,25.0,4.0837883949279785,2.699951410293579,25.0,6393.05775759276,216
270,0.9814433184884855,3.6803425512006207,-0.5497816438499135,25.0,4.084921836853027,2.699627637863159,25.0,6426.547911634669,217
271,0.9845373990371844,3.6827338463669523,-0.5498051733598797,25.0,4.086378574371338,2.699951410293579,25.0,6446.537616843358,218
272,0.9757915497007115,3.6738863620493145,-0.5497453129953809,25.0,4.080226898193359,2.699951410293579,25.0,6389.948074561544,216
273,0.9737331381226191,3.675588860622672,-0.5497676383617313,25.0,4.080712795257568,2.699951410293579,25.0,6376.198242276907,215
274,0.9710725902759818,3.6754372108762507,-0.5497503770846073,25.0,4.0795793533325195,2.699951410293579,25.0,6358.9948793482035,214
275,0.9689344693241451,3.6722039463364076,-0.5497368298401343,25.0,4.077474594116211,2.699951410293579,25.0,6345.1513806656,214
276,0.9759253105839566,3.6799145263654216,-0.5498040343324343,25.0,4.081036567687988,2.699951410293579,25.0,6390.155068181455,216
277,0.9753867964108777,3.681391771192904,-0.5497755129580144,25.0,4.081036567687988,2.699951410293579,25.0,6386.9531277325,216
278,0.7750408044901895,3.6185237058373385,-0.5497680597527083,25.0,3.9285359382629395,2.699951410293579,25.0,5075.11535228882,172
279,0.9696377009157949,3.6782793675627663,-0.5497444500432951,25.0,4.0800652503967285,2.699951410293579,25.0,6349.669068278745,214
280,0.9692182910737348,3.6782097705056733,-0.54977831912932,25.0,4.081684112548828,2.699951410293579,25.0,6346.544978007674,214
281,0.9674685371264866,3.675180758271262,-0.5497495306429462,25.0,4.081845760345459,2.699951410293579,25.0,6335.389685682021,214
282,0.9730310721505522,3.683382177352905,-0.549785336782766,25.0,4.081360340118408,2.699789524078369,25.0,6371.410909609869,215
283,0.9725019300549539,3.684467969938766,-0.5497937648795371,25.0,4.082007884979248,2.699627637863159,25.0,6367.851620703936,215
284,0.9668136547471455,3.6758434482824023,-0.5497452967634825,25.0,4.085245609283447,2.699789524078369,25.0,6331.153408456594,214
285,0.966849298100178,3.6771514282048305,-0.5497571511246334,25.0,4.080389022827148,2.699951410293579,25.0,6331.262997318059,214
286,0.9659099499728556,3.680645515101616,-0.5497618782128526,25.0,4.081198215484619,2.699951410293579,25.0,6325.059965830296,213
287,0.9669971694793624,3.678336103385854,-0.5497495306429462,25.0,4.081036567687988,2.699951410293579,25.0,6332.313353004865,214
288,0.9697912455124942,3.6855492948371675,-0.5497867866097209,25.0,4.082817077636719,2.699951410293579,25.0,6350.195897033438,214
289,0.970434612694151,3.6825787477715073,-0.5497946079387221,25.0,4.082169532775879,2.699789524078369,25.0,6354.291098130867,215
290,0.9704046049270728,3.6827617190604984,-0.5497844948325046,25.0,4.083464622497559,2.699951410293579,25.0,6354.244594421238,215
291,0.9704174129130032,3.683093035498331,-0.5497929218203522,25.0,4.084598064422607,2.699951410293579,25.0,6354.21383010596,215
292,0.9706237657029928,3.683834719103436,-0.5498021929763084,25.0,4.084112167358398,2.699951410293579,25.0,6355.464789844118,215
293,0.9709607152194468,3.685157693818558,-0.5498106202413869,25.0,4.084921836853027,2.699951410293579,25.0,6357.5733157247305,215
294,0.9707733777156853,3.6851305872894997,-0.5498021929763084,25.0,4.082979202270508,2.699789524078369,25.0,6356.434875499457,215
295,0.9705307597352593,3.6850229085877886,-0.5498072499452635,25.0,4.085893154144287,2.699951410293579,25.0,6354.792339921929,215
296,0.9700551036980711,3.6845063653103143,-0.5498207339020662,25.0,4.086054801940918,2.699951410293579,25.0,6351.498334671371,215
297,0.9689036925094057,3.687496511735649,-0.5497859398895335,25.0,4.0837883949279785,2.699627637863159,25.0,6344.390166616999,214
298,0.9679416180187943,3.6858889655532123,-0.5497944068128817,25.0,4.082979202270508,2.699789524078369,25.0,6337.996875328943,214
299,0.96745358249222,3.6851551633014856,-0.5499154905849528,25.0,4.084921836853027,2.699951410293579,25.0,6333.387390783057,214
300,0.9667052850512967,3.684199703073947,-0.5499205703490249,25.0,4.0842742919921875,2.699951410293579,25.0,6328.433975755237,214
301,0.957419671899086,3.6753655863258072,-0.5498845993347887,25.0,4.085245609283447,2.699951410293579,25.0,6268.049860236235,212
302,0.9560944585120759,3.678819108348322,-0.5498487539765959,25.0,4.085407257080078,2.699951410293579,25.0,6259.783282916062,211
303,0.9551370973203619,3.678280500439106,-0.5497680300784902,25.0,4.083140850067139,2.699951410293579,25.0,6254.439472231083,211
304,0.9541427010449364,3.6749122639967933,-0.5497465608244259,25.0,4.07828426361084,2.699951410293579,25.0,6248.173098517582,211
305,0.9590035043153002,3.683271474433395,-0.549788016193318,25.0,4.082169532775879,2.699789524078369,25.0,6279.540806542151,212
306,0.956733788132262,3.6807415631582154,-0.549794854420536,25.0,4.081360340118408,2.699951410293579,25.0,6264.587800852954,212
307,0.9509945113173358,3.6770387013753254,-0.5497694248244875,25.0,4.07860803604126,2.699951410293579,25.0,6227.298445198685,210
308,0.9502982267564437,3.6768213067735944,-0.5497927220094772,25.0,4.085407257080078,2.699951410293579,25.0,6222.4861128805205,210
309,0.9489278723921645,3.6744191578456333,-0.5498945389475142,25.0,4.07893180847168,2.699789524078369,25.0,6212.345707818866,210
310,0.7609914522863388,3.621368887861805,-0.549908354790253,25.0,3.930640459060669,2.699789524078369,25.0,4981.869996919297,169
311,0.9536499495864847,3.6810709978166916,-0.5499217507398524,25.0,4.083302974700928,2.699951410293579,25.0,6242.9468156518415,211
312,1.001465302881066,3.691745471091292,-0.5498072529270638,25.0,4.086378574371338,2.699951410293579,25.0,6557.330832645297,221
313,0.9973926064103886,3.69064045494253,-0.549807115576484,25.0,4.087026119232178,2.699951410293579,25.0,6530.674963653088,220
314,0.9998061804995657,3.691891976611107,-0.5498097131694604,25.0,4.085407257080078,2.699951410293579,25.0,6546.44922496099,221
315,0.9998073675761074,3.6927519718446344,-0.5498154519370239,25.0,4.085893154144287,2.699627637863159,25.0,6546.3916333196685,221
316,0.992922683085633,3.6907258403900007,-0.549777190162711,25.0,4.085569381713867,2.699627637863159,25.0,6501.7722876966,219
317,0.988786573573655,3.68914261542329,-0.5498060050907485,25.0,4.085731029510498,2.699789524078369,25.0,6474.349315034226,218
318,0.9863195699550861,3.686524899727708,-0.5497810690227999,25.0,4.084759712219238,2.699951410293579,25.0,6458.474516841583,218
319,0.9838647601618351,3.687855146996986,-0.5497941690655898,25.0,4.0837883949279785,2.699951410293579,25.0,6442.255411764607,217
320,0.987741992899884,3.692099712310581,-0.5497993553450348,25.0,4.085245609283447,2.699951410293579,25.0,6467.5793467005715,218
321,0.9860279318036728,3.6908803379863775,-0.5498193037619284,25.0,4.087512016296387,2.699789524078369,25.0,6456.127582877874,218
322,0.9792263066391711,3.6879550649060144,-0.5497906119735153,25.0,4.084759712219238,2.699951410293579,25.0,6411.928204596974,216
323,1.0104580303448498,3.6969276394010127,-0.5499017818626267,25.0,4.087512016296387,2.699789524078369,25.0,6615.095100956038,223
324,0.9907639880895899,3.6823578196573474,-0.5498524828044247,25.0,4.083464622497559,2.699951410293579,25.0,6486.741577943787,219
325,0.9863596305193011,3.6829499487483175,-0.549827615328885,25.0,4.085083484649658,2.699951410293579,25.0,6458.201565232128,218
326,0.9890192743923157,3.68697206070434,-0.5498408996351233,25.0,4.085407257080078,2.699951410293579,25.0,6475.462436389178,219
327,0.9760582294409219,3.6788997054100037,-0.549815778930982,25.0,4.086378574371338,2.699951410293579,25.0,6390.882589336485,216
328,0.9642458914283896,3.6742535118765676,-0.5497848461491401,25.0,4.084112167358398,2.699951410293579,25.0,6313.89553935267,213
329,0.9573829869972732,3.6738872155194033,-0.549777476143498,25.0,4.082169532775879,2.699789524078369,25.0,6269.0361919226125,211
330,0.9526587618989939,3.6728141353243875,-0.5497633843194871,25.0,4.0800652503967285,2.699951410293579,25.0,6238.271036432125,210
331,0.9592376554314894,3.6797755653003477,-0.5498042562097873,25.0,4.085245609283447,2.699951410293579,25.0,6280.8742694361135,212
332,0.9613259636377669,3.6850316502013296,-0.5498187862477213,25.0,4.082655429840088,2.699951410293579,25.0,6294.394133878872,212
333,0.9464704539075786,3.6714852403795892,-0.5497621625804445,25.0,4.083950519561768,2.699789524078369,25.0,6197.756024956703,209
334,0.9421191265345179,3.671416902771363,-0.5497487324934739,25.0,4.080226898193359,2.699951410293579,25.0,6169.412394571118,208
335,0.9381630923081652,3.6707902806968504,-0.5497307961689677,25.0,4.083950519561768,2.699789524078369,25.0,6143.709403369576,207
336,0.7382273983845171,3.60838027116729,-0.5497503048036156,25.0,3.925136089324951,2.699951410293579,25.0,4834.215342580341,164
337,0.9410280678172602,3.6763529926538467,-0.5497844494306124,25.0,4.085893154144287,2.699951410293579,25.0,6161.871444479562,208
338,0.9442011359366327,3.678299355164669,-0.5498098465814545,25.0,4.084598064422607,2.699951410293579,25.0,6182.359832180664,209
339,0.930969111717123,3.6670368562624294,-0.5497364352629023,25.0,4.085731029510498,2.699951410293579,25.0,6096.538605401292,206
340,0.9278159702174822,3.6677102507614507,-0.5497712975595056,25.0,4.081198215484619,2.699951410293579,25.0,6075.475964033976,205
341,0.9251832587104429,3.669324285843793,-0.5497594253689635,25.0,4.078122138977051,2.699951410293579,25.0,6058.397855360992,204
342,0.920697675621176,3.6670848254499764,-0.5497510069109536,25.0,4.080550670623779,2.699789524078369,25.0,6029.118758347817,203
343,0.9172229495656397,3.6620893525372584,-0.5497492217077997,25.0,4.07666540145874,2.699789524078369,25.0,6006.382509790361,203
344,0.9145832195608097,3.6636995561052075,-0.5497272560502043,25.0,4.084921836853027,2.699951410293579,25.0,5989.322427180596,202
345,0.9122389520322904,3.665401499069745,-0.5497249038658332,25.0,4.0760178565979,2.699951410293579,25.0,5974.007774866186,201
346,0.9128074831673969,3.663966433836682,-0.5497317408571148,25.0,4.080874443054199,2.699951410293579,25.0,5977.648924283683,202
347,0.9187923172400634,3.6732422295462324,-0.5497724296424189,25.0,4.0799031257629395,2.699951410293579,25.0,6016.417617114261,203
348,0.9174284636073141,3.6710515292407258,-0.5497688589424923,25.0,4.079741477966309,2.699951410293579,25.0,6007.497706461698,203
349,0.9169172187633189,3.670888037517153,-0.5497581477235691,25.0,4.080874443054199,2.699789524078369,25.0,6004.276984602213,203
350,0.9168349369837465,3.6716863251672,-0.5497679669281532,25.0,4.080874443054199,2.699789524078369,25.0,6003.652772469446,203
351,0.9165044727201623,3.6719582715057975,-0.5497643962282265,25.0,4.082655429840088,2.699951410293579,25.0,6001.512476876378,203
352,0.9159595448972792,3.676657988293336,-0.5497792832332082,25.0,4.081360340118408,2.699951410293579,25.0,5997.762324810028,202
353,0.9154475407944843,3.676430381170594,-0.5497730040904318,25.0,4.081036567687988,2.699951410293579,25.0,5994.497031254694,202
354,0.9139926390400146,3.6746367652817526,-0.5497712100496387,25.0,4.085731029510498,2.699789524078369,25.0,5984.981090391055,202
355,0.9123538454447034,3.6723037733890043,-0.5497478875193266,25.0,4.085083484649658,2.699789524078369,25.0,5974.498940954916,202
356,0.9110806480890391,3.6753090198953355,-0.5498844672791401,25.0,4.083302974700928,2.699951410293579,25.0,5964.683924307115,201
357,0.9099032679867054,3.673851201783365,-0.5498970895264279,25.0,4.0800652503967285,2.699627637863159,25.0,5956.855785557069,201
358,0.9089033528134075,3.672978122435992,-0.5498988916031757,25.0,4.080712795257568,2.699951410293579,25.0,5950.277858288027,201
359,0.9084682933658155,3.67315531607291,-0.5498889749916038,25.0,4.083950519561768,2.699951410293579,25.0,5947.528311617672,201
360,0.9073510851192089,3.671787700842862,-0.5498844672791401,25.0,4.083464622497559,2.699789524078369,25.0,5940.27799687814,201
361,0.9061769330610198,3.6751664018630983,-0.5499010103940963,25.0,4.0800652503967285,2.699951410293579,25.0,5932.403095756657,200
362,0.904898022911274,3.6736551618576048,-0.5498928564786911,25.0,4.082331657409668,2.699951410293579,25.0,5924.135150226764,200
363,0.9040586644777028,3.672623107433319,-0.5498837965726853,25.0,4.080389022827148,2.699951410293579,25.0,5918.7155546871945,200
364,0.9051869093915059,3.6765141320228576,-0.5497660160064697,25.0,4.083140850067139,2.699951410293579,25.0,5927.390114144422,200
365,0.9060327692475834,3.678441437482834,-0.5497750759124755,25.0,4.081684112548828,2.699789524078369,25.0,5932.830004664138,200
366,0.9031872200598123,3.6734212267398836,-0.5497759819030762,25.0,4.083302974700928,2.699951410293579,25.0,5914.201849077828,200
367,0.9011412798064673,3.675190754272231,-0.5497674777280146,25.0,4.083950519561768,2.699951410293579,25.0,5900.87287495099,199
368,0.8995843082066732,3.673086173570336,-0.5497611036252736,25.0,4.082817077636719,2.699951410293579,25.0,5890.7476701289415,199
369,0.8998702226667823,3.6740632153036605,-0.5497583719953221,25.0,4.082331657409668,2.699951410293579,25.0,5892.639996360056,199
370,0.900465006370722,3.676472039677989,-0.5497784042478207,25.0,4.081684112548828,2.699789524078369,25.0,5896.330036868341,199
371,0.9007131859822357,3.677931493251168,-0.5497692985151281,25.0,4.0842742919921875,2.699951410293579,25.0,5898.050500210375,199
372,0.8977065312624996,3.6721953770623137,-0.5497729406883968,25.0,4.081036567687988,2.699951410293579,25.0,5878.330221646465,199
373,0.9216032211654963,3.6783623671999166,-0.5497683076297536,25.0,4.084921836853027,2.699951410293579,25.0,6034.840778873302,204
374,0.9121004340872427,3.672226037129317,-0.549770313619387,25.0,4.081360340118408,2.699951410293579,25.0,5972.618115752004,202
375,0.9060668587547697,3.673107157945633,-0.5497696399688721,25.0,4.081684112548828,2.699789524078369,25.0,5933.087713267654,200
376,0.9013196542366992,3.6715624584025472,-0.549752908735419,25.0,4.081521987915039,2.699627637863159,25.0,5902.197668320499,199
377,0.8971205106797007,3.670395436913076,-0.5497378387836495,25.0,4.083464622497559,2.699789524078369,25.0,5874.8540021348745,198
378,0.896843709409051,3.672465661559442,-0.5497524810559822,25.0,4.084435939788818,2.699951410293579,25.0,5872.870592116378,198
379,0.8951481970215251,3.6702776930548926,-0.5497616324761901,25.0,4.078770160675049,2.699789524078369,25.0,5861.683231553994,198
380,0.8913175831457217,3.6688188163157043,-0.5497603271213279,25.0,4.083464622497559,2.699951410293579,25.0,5836.636133104563,197
381,0.8882449865426361,3.6691266784862595,-0.5497488391642668,25.0,4.0795793533325195,2.699951410293579,25.0,5816.620410000905,196
382,0.883007291697159,3.6648126064202726,-0.5497297999186394,25.0,4.078446388244629,2.699951410293579,25.0,5782.542125950567,195
383,0.8802328312274148,3.6606482970408902,-0.5497483840355506,25.0,4.082817077636719,2.699951410293579,25.0,5764.167282762006,195
384,0.8810539105603714,3.6643211205800372,-0.5497335168031546,25.0,4.081521987915039,2.699789524078369,25.0,5769.683707484044,195
385,0.8792932375025828,3.666263758521719,-0.5497460565001694,25.0,4.07763671875,2.699789524078369,25.0,5758.042864147574,194
386,0.8765475567068324,3.6619978688426853,-0.5497292446106979,25.0,4.076179504394531,2.699789524078369,25.0,5740.232357959263,194
387,0.8742516909415234,3.6632892937240205,-0.5497455819283125,25.0,4.0795793533325195,2.699951410293579,25.0,5725.0276951268315,193
388,0.8723289960675654,3.6605044411871717,-0.5497296214721363,25.0,4.0800652503967285,2.699951410293579,25.0,5712.6056073233485,193
389,0.8708625622676238,3.663375767568747,-0.549735665631791,25.0,4.080226898193359,2.699951410293579,25.0,5702.933947586454,192
390,0.8699910889376151,3.662528375784556,-0.5497243404388428,25.0,4.078446388244629,2.699951410293579,25.0,5697.340385111049,192
391,0.8701412723782713,3.663893483579159,-0.5497498214244843,25.0,4.079741477966309,2.699951410293579,25.0,5698.045922619291,192
392,0.8690413481637027,3.6620916115740934,-0.5498715651532015,25.0,4.07666540145874,2.699789524078369,25.0,5689.590717258863,192
393,0.8685066943503404,3.6618555237849555,-0.5498545778294405,25.0,4.0760178565979,2.699951410293579,25.0,5686.278403635137,192
394,0.8675101493767222,3.6602239658435187,-0.549848914767305,25.0,4.077798366546631,2.699789524078369,25.0,5679.794467467815,192
395,0.8667722036547862,3.6595232896506786,-0.5498621271302303,25.0,4.07698917388916,2.699789524078369,25.0,5674.841299165972,192
396,0.8657005123707218,3.6631164912778047,-0.5498575121944488,25.0,4.07666540145874,2.699951410293579,25.0,5667.888015255332,191
397,0.8648592745107451,3.662120571935364,-0.5498717439736371,25.0,4.084435939788818,2.699951410293579,25.0,5662.198711339384,191
398,0.8640237511979666,3.660848325459745,-0.5498726917186957,25.0,4.077150821685791,2.699789524078369,25.0,5656.731892665848,191
399,0.8624673456265928,3.6584123554030015,-0.5498432819755914,25.0,4.0760178565979,2.699951410293579,25.0,5646.85647164844,191
400,0.8612257030110273,3.6612049090234855,-0.549980648567802,25.0,4.07828426361084,2.699951410293579,25.0,5637.310050086118,190
401,0.859897132307824,3.6592886372616418,-0.5499882795308766,25.0,4.076827049255371,2.699951410293579,25.0,5628.531133969314,190
402,0.869239187018491,3.6693960639337697,-0.5500187994912267,25.0,4.0800652503967285,2.699789524078369,25.0,5689.376427710988,192
403,0.8738297027587918,3.6735126996905074,-0.5500385199186097,25.0,4.080550670623779,2.699951410293579,25.0,5719.208911605179,193
404,0.8648827320644559,3.6653490428525117,-0.5499988750637513,25.0,4.081198215484619,2.699789524078369,25.0,5661.06119644735,191
405,0.862326966630896,3.66081272619557,-0.5499960262113841,25.0,4.077798366546631,2.699951410293579,25.0,5644.357811702415,191
406,0.8582272306530354,3.6578350380847326,-0.549996860090055,25.0,4.081360340118408,2.699789524078369,25.0,5617.513989000581,190
407,0.8565302137311154,3.6606016222131315,-0.5499890765185078,25.0,4.075531959533691,2.699951410293579,25.0,5606.48300678283,189
408,0.8566655009099782,3.6618898911450906,-0.5500024992322164,25.0,4.077798366546631,2.699789524078369,25.0,5607.233439720236,189
409,0.8573083074037149,3.6594113299721167,-0.549812797809902,25.0,4.077474594116211,2.699789524078369,25.0,5613.390983480029,190
410,0.8566824469538896,3.664209450363482,-0.5497196669931765,25.0,4.083464622497559,2.699789524078369,25.0,5610.234121097252,189
411,0.8532801899786047,3.6571573857907897,-0.5497426759629023,25.0,4.07796049118042,2.699789524078369,25.0,5587.718147173524,189
412,0.8515835829548946,3.659483000319055,-0.549736388503237,25.0,4.078122138977051,2.699951410293579,25.0,5576.689301951788,188
413,0.8503045280829877,3.657579059296466,-0.5497421714219641,25.0,4.076179504394531,2.699789524078369,25.0,5568.2338378774,188
414,0.8499019268521355,3.6573431212851344,-0.5497325338581776,25.0,4.07860803604126,2.699951410293579,25.0,5565.702746434137,188
415,0.8542672799808108,3.6626179621963906,-0.5497359649214164,25.0,4.082007884979248,2.699951410293579,25.0,5594.251514767297,189
416,0.8515448683762659,3.661961291698699,-0.5497537372594185,25.0,4.080226898193359,2.699789524078369,25.0,5576.234571325593,188
417,0.8476420705574587,3.6593635719727704,-0.5497310024531767,25.0,4.074560642242432,2.699951410293579,25.0,5550.921618154272,187
418,0.8438365899929006,3.6568075559472524,-0.5497391967363255,25.0,4.076503276824951,2.699951410293579,25.0,5525.9076306615025,186
419,0.8412938709274136,3.6523895097035233,-0.5497245839847031,25.0,4.07698917388916,2.699789524078369,25.0,5509.421478076838,186
420,0.8397888319532881,3.650253604817134,-0.5497401712402221,25.0,4.081360340118408,2.699951410293579,25.0,5499.390267971903,186
421,0.8413507447929065,3.654997165485095,-0.5497236098012617,25.0,4.075531959533691,2.699951410293579,25.0,5509.797125208192,186
422,0.8421458345818464,3.6568641252415155,-0.5497304290853521,25.0,4.083302974700928,2.699789524078369,25.0,5514.922132173553,186
423,0.8914537447119255,3.6685418780079955,-0.549721696050034,25.0,4.082493305206299,2.699951410293579,25.0,5837.931223909371,197
424,0.8823210151656634,3.662890686132969,-0.5497381632144634,25.0,4.0837883949279785,2.699951410293579,25.0,5777.93191394303,195
425,0.8755134019059378,3.6608844248124357,-0.5497371322750427,25.0,4.0795793533325195,2.699789524078369,25.0,5733.370011175051,193
426,0.8702216858611165,3.6579246297478676,-0.5497300031905373,25.0,4.0753703117370605,2.699951410293579,25.0,5698.792297412641,192
427,0.866242586067836,3.657312178486929,-0.5497398750944288,25.0,4.076179504394531,2.699951410293579,25.0,5672.636777087115,191
428,0.8648538212050134,3.65760967868785,-0.5497218501505428,25.0,4.075855731964111,2.699951410293579,25.0,5663.7155403783545,191
429,0.8615578668338477,3.6581324000107616,-0.5497326850891113,25.0,4.079093933105469,2.699951410293579,25.0,5642.028436965309,190
430,0.860655988805832,3.6590159842842502,-0.5497469902038574,25.0,4.084112167358398,2.699627637863159,25.0,5635.982339305803,190
431,0.8538343294370241,3.6508042686200017,-0.5497129556363222,25.0,4.081036567687988,2.699789524078369,25.0,5591.638290652074,189
432,0.8514857830569403,3.6533871407204486,-0.5497267499883124,25.0,4.07666540145874,2.699951410293579,25.0,5576.139082302339,188
433,0.8510085085625669,3.654848461455487,-0.5497277138081003,25.0,4.0756940841674805,2.699951410293579,25.0,5572.9989604353905,188
434,0.8503652487110079,3.6549741816013417,-0.5497325332240856,25.0,4.075855731964111,2.699951410293579,25.0,5568.733349543065,188
435,0.8510492666728646,3.6581878788927766,-0.5497277138081003,25.0,4.07634162902832,2.699951410293579,25.0,5573.281034789048,188
436,0.847553003470721,3.6568945333919425,-0.5497397228995746,25.0,4.075531959533691,2.699951410293579,25.0,5550.234420138411,187
437,0.844952762502795,3.6530957349481428,-0.5497261575836548,25.0,4.082979202270508,2.699789524078369,25.0,5533.359348653816,187
438,0.8413810139986992,3.6520065492199314,-0.5497343258191181,25.0,4.07731294631958,2.699789524078369,25.0,5509.874866836704,186
439,0.8370906384418152,3.649405688208503,-0.5497318087397395,25.0,4.0760178565979,2.699951410293579,25.0,5481.812509007752,185
440,0.8360751452286426,3.64913791836919,-0.5497073225072913,25.0,4.080712795257568,2.699951410293579,25.0,5475.374770820141,185
441,0.8337157979253663,3.6505431481029675,-0.5497735793823781,25.0,4.081360340118408,2.699951410293579,25.0,5459.296788590029,184
442,0.8318882311702328,3.6479529064634573,-0.5498444833185362,25.0,4.07731294631958,2.699951410293579,25.0,5446.625254740007,184
443,0.8696063394843461,3.666181872288386,-0.549813996690015,25.0,4.079417705535889,2.699789524078369,25.0,5693.890685237944,192
444,0.8609219278616633,3.662465941278558,-0.5497994432323857,25.0,4.081684112548828,2.699951410293579,25.0,5637.186234656721,190
445,0.8535716942868623,3.6538236469188066,-0.5497541809208178,25.0,4.07763671875,2.699951410293579,25.0,5589.49903359171,189
446,0.8483588616800366,3.655197710914408,-0.5497804198035582,25.0,4.075531959533691,2.699951410293579,25.0,5555.093194666319,187
447,0.8438110149858832,3.653298190844956,-0.5497645255058042,25.0,4.07698917388916,2.699951410293579,25.0,5525.497314725071,186
448,0.8399603300201592,3.64763637768325,-0.5497635516428179,25.0,4.076827049255371,2.699951410293579,25.0,5500.281441224739,186
449,0.8398805976751762,3.65513310561309,-0.549750419242962,25.0,4.074398994445801,2.699951410293579,25.0,5499.906939622015,185
450,0.8384478312999801,3.653682213860589,-0.5497876373497216,25.0,4.074884414672852,2.699951410293579,25.0,5490.157309381291,185
451,0.8339700175707103,3.6506531290386035,-0.5497400967971139,25.0,4.074398994445801,2.699951410293579,25.0,5461.282515927218,184
452,0.8311617179408808,3.6512728310673617,-0.5497563973150618,25.0,4.074075222015381,2.699951410293579,25.0,5442.751377247274,183
453,0.8289831666938952,3.647789096571709,-0.549882148458658,25.0,4.0753703117370605,2.699951410293579,25.0,5427.236040513031,183
454,0.8267686484643699,3.6496293308970693,-0.5498674597058978,25.0,4.075531959533691,2.699951410293579,25.0,5412.877154436894,182
455,0.8279262700975304,3.648810867403374,-0.549870265963299,25.0,4.07731294631958,2.699789524078369,25.0,5420.424185434356,183
456,0.8293368303571238,3.65267942772537,-0.5498603641009722,25.0,4.07666540145874,2.699951410293579,25.0,5429.766558339819,183
457,0.8250575134137329,3.6499184173542063,-0.5498654672077724,25.0,4.0752081871032715,2.699951410293579,25.0,5401.690282668918,182
458,0.8206001017447362,3.6456359038695445,-0.5498586125795354,25.0,4.073751449584961,2.699951410293579,25.0,5372.580653117038,181
459,0.818286370896325,3.647177928023868,-0.5498426228761673,25.0,4.072456359863281,2.699951410293579,25.0,5357.596287745051,180
460,0.8159778673368043,3.643628936343723,-0.5498506767882241,25.0,4.07666540145874,2.699951410293579,25.0,5342.393279845826,180
461,0.8167391272397903,3.6464359323183695,-0.5498597373565038,25.0,4.072294235229492,2.699951410293579,25.0,5347.2839419404045,180
462,0.811568175958987,3.645538258152967,-0.549860871703931,25.0,4.073427677154541,2.699951410293579,25.0,5313.424868434668,179
463,0.8083605333778894,3.6452134994978316,-0.5499322655495633,25.0,4.072618007659912,2.699951410293579,25.0,5291.737927554175,178
464,0.8055316190307784,3.6403349611196627,-0.5499770574355394,25.0,4.073589324951172,2.699951410293579,25.0,5272.786958342418,178
465,0.8037442141273696,3.6430045777121505,-0.5499747752469811,25.0,4.074075222015381,2.699627637863159,25.0,5261.12906361185,177
466,0.8017923216403768,3.6401051909236584,-0.5499665841544416,25.0,4.076827049255371,2.699951410293579,25.0,5248.410280562937,177
467,0.8013321099701929,3.6400978740325756,-0.5499604411717862,25.0,4.0752081871032715,2.699951410293579,25.0,5245.457422296517,177
468,0.803035326160362,3.6455600611907615,-0.5499798948481932,25.0,4.073265552520752,2.699789524078369,25.0,5256.426142334007,177
469,0.8033904956120688,3.647144211214141,-0.5499184673788857,25.0,4.072456359863281,2.699951410293579,25.0,5259.332720266655,177
470,0.799200672712608,3.64419323341413,-0.5498375902799043,25.0,4.073751449584961,2.699789524078369,25.0,5232.676479444839,176
471,0.7960943702062635,3.6383559961210596,-0.5498375906185671,25.0,4.0753703117370605,2.699951410293579,25.0,5212.332911607809,176
472,0.7944099561719118,3.6413639681679864,-0.5498406958580017,25.0,4.075531959533691,2.699951410293579,25.0,5201.270961001515,175
473,0.7928508986994948,3.638788514818464,-0.5498458729471479,25.0,4.071970462799072,2.699951410293579,25.0,5191.020956558175,175
474,0.7912610154456796,3.641702754744168,-0.5498313413954329,25.0,4.072294235229492,2.699789524078369,25.0,5180.7556900680065,174
475,0.7900100063580981,3.6398596297735457,-0.5498386306324224,25.0,4.075046539306641,2.699789524078369,25.0,5172.490190347657,174
476,0.7889189653228526,3.638340275863121,-0.5498407143971016,25.0,4.080389022827148,2.699951410293579,25.0,5165.318515509367,174
477,0.7874855437618722,3.6358923884643906,-0.5498500860285485,25.0,4.075046539306641,2.699951410293579,25.0,5155.865653782152,174
478,0.7857644248146032,3.638682266191251,-0.5498260679961628,25.0,4.07666540145874,2.699951410293579,25.0,5144.803269290365,173
479,0.7841356576433473,3.636088270672484,-0.549836542220474,25.0,4.081521987915039,2.699951410293579,25.0,5134.053225116804,173
480,0.7830843158588748,3.6344834049313053,-0.5498386369964291,25.0,4.07796049118042,2.699951410293579,25.0,5127.147018183023,173
481,0.7832873680628987,3.6357804047579023,-0.549828163461189,25.0,4.069866180419922,2.699951410293579,25.0,5128.5691492324695,173
482,0.7837132528985826,3.637557450057454,-0.5498354944879609,25.0,4.069380283355713,2.699789524078369,25.0,5131.303435467184,173
483,0.7807827127037905,3.63743944223537,-0.5498323225697805,25.0,4.068894863128662,2.699951410293579,25.0,5112.147440670989,172
484,0.7788983892086252,3.6341112741204196,-0.5498217877953552,25.0,4.076827049255371,2.699951410293579,25.0,5099.897679918446,172
485,0.7795616075828045,3.6364191631938136,-0.5498418035202248,25.0,4.069380283355713,2.699951410293579,25.0,5104.053624805063,172
486,0.7790302202542366,3.635877010434173,-0.5498186270164889,25.0,4.072618007659912,2.699789524078369,25.0,5100.790983472951,172
487,0.7824387999466378,3.644096700258033,-0.5498228409262591,25.0,4.072941780090332,2.699951410293579,25.0,5123.06980840303,172
488,0.7838282900236657,3.6415700816005643,-0.5498428268928748,25.0,4.0714850425720215,2.699951410293579,25.0,5131.991906547919,173
489,0.7799548195297356,3.6387938552124557,-0.5498386430878972,25.0,4.069542407989502,2.699789524078369,25.0,5106.651638936251,172
490,0.7781836457314704,3.6413436326367115,-0.5498365296257867,25.0,4.072941780090332,2.699951410293579,25.0,5095.085842991248,171
491,0.7747106806277161,3.634621872539409,-0.5498248736063639,25.0,4.073913097381592,2.699951410293579,25.0,5072.44511795789,171
492,0.773544013253823,3.6379248969695146,-0.5498173380599303,25.0,4.068246841430664,2.699789524078369,25.0,5064.8828074922785,170
493,0.8220443098453049,3.6509881296210525,-0.5498455983499138,25.0,4.077150821685791,2.699951410293579,25.0,5382.173425137997,181
494,0.8077174782499952,3.640857013423791,-0.5498263916272795,25.0,4.073913097381592,2.699951410293579,25.0,5288.54989562463,178
495,0.8008263904549476,3.6408229808915746,-0.5498169985684481,25.0,4.082493305206299,2.699951410293579,25.0,5243.504042633809,176
496,0.794807018383513,3.6367866379874094,-0.5498179163251604,25.0,4.072294235229492,2.699951410293579,25.0,5204.082985240035,175
497,0.7896518899518152,3.6342232405454262,-0.549848003634091,25.0,4.07763671875,2.699951410293579,25.0,5170.052164461464,174
498,0.7860196038034337,3.6361397470352967,-0.5498386366518936,25.0,4.073103904724121,2.699951410293579,25.0,5146.365091813728,173
499,0.7858694349472881,3.6367770109562514,-0.5498103571764995,25.0,4.077150821685791,2.699951410293579,25.0,5145.646518906578,173
500,0.7815918090246972,3.6353009856024454,-0.5498354833486468,25.0,4.07666540145874,2.699951410293579,25.0,5117.396688220091,172
501,0.776935931318931,3.632787123061063,-0.5498185161261531,25.0,4.073589324951172,2.699951410293579,25.0,5087.069094509818,171
502,0.7735328749802755,3.6330482006072997,-0.549826930550968,25.0,4.073427677154541,2.699951410293579,25.0,5064.710130998865,170
503,0.7706039996033742,3.6287847743314856,-0.5498301281648523,25.0,4.069866180419922,2.699951410293579,25.0,5045.507297184318,170
504,0.7682031845641819,3.63088112611037,-0.549819362586772,25.0,4.075855731964111,2.699951410293579,25.0,5029.882523898035,169
505,0.7665536665009219,3.6291290796720066,-0.54981507422656,25.0,4.080550670623779,2.699951410293579,25.0,5019.116990854964,169
506,0.7692889753466218,3.630732219359454,-0.5498418530997108,25.0,4.080874443054199,2.699789524078369,25.0,5036.773968309164,170
507,0.7643416283921602,3.631929928348178,-0.5498440606253487,25.0,4.077798366546631,2.699951410293579,25.0,5004.367299918085,168
508,0.7623427852527296,3.6288251082102456,-0.5498343550023579,25.0,4.072456359863281,2.699951410293579,25.0,4991.3832294065505,168
509,0.760304284673752,3.6314567248978302,-0.5498072090976966,25.0,4.081845760345459,2.699951410293579,25.0,4978.258445760235,167
510,0.7588060515041635,3.6291243344723823,-0.5498191443032133,25.0,4.071322917938232,2.699789524078369,25.0,4968.367725350894,167
511,0.758759118200706,3.629447148945517,-0.5498397596581968,25.0,4.0753703117370605,2.699951410293579,25.0,4967.867979457602,167
512,0.7602715179458761,3.6339684403585104,-0.5498299944900467,25.0,4.076179504394531,2.699951410293579,25.0,4977.852678859606,167
513,0.7600926308655904,3.634490951092657,-0.5498386749964275,25.0,4.076827049255371,2.699789524078369,25.0,4976.618396605365,167
514,0.7592193742277735,3.633254966336096,-0.5498408461045362,25.0,4.074398994445801,2.699951410293579,25.0,4970.86841602996,167
515,0.7584013869169186,3.6321023395675387,-0.5498430143573327,25.0,4.0714850425720215,2.699951410293579,25.0,4965.493690718897,167
516,0.7574797372112445,3.631223090394528,-0.5498365049590608,25.0,4.071970462799072,2.699951410293579,25.0,4959.509471011348,167
517,0.7595328777836863,3.6363357169899397,-0.5498506102019441,25.0,4.072941780090332,2.699789524078369,25.0,4972.822041081265,167
518,0.7610233580967258,3.6347986672605788,-0.5498429834842682,25.0,4.0756940841674805,2.699951410293579,25.0,4982.665687170811,168
519,0.7621622669500414,3.637460219008582,-0.549853768377077,25.0,4.0752081871032715,2.699789524078369,25.0,4990.0095888720825,168
520,0.7584978656894779,3.634738149757157,-0.549979734563542,25.0,4.07828426361084,2.699951410293579,25.0,4964.884786654264,167
521,0.7565848847185037,3.6316244316672135,-0.5499916711967149,25.0,4.072941780090332,2.699789524078369,25.0,4952.275232272223,167
522,0.7532378108501555,3.629807523934238,-0.5499882306679186,25.0,4.081684112548828,2.699951410293579,25.0,4930.368830916472,166
523,0.7526356157023684,3.628875195261944,-0.5499467479895397,25.0,4.070027828216553,2.699951410293579,25.0,4926.821584535763,166
524,0.7555871393117666,3.6315207010257744,-0.5498289101851914,25.0,4.074722766876221,2.699951410293579,25.0,4947.196878752671,167
525,0.755918205406321,3.6323340238925224,-0.5498354199403774,25.0,4.074884414672852,2.699951410293579,25.0,4949.306084733456,167
526,0.7530163910523844,3.632055453507297,-0.549825582518635,25.0,4.074722766876221,2.699951410293579,25.0,4930.384618546814,166
527,0.7512129800490965,3.6283758763807366,-0.5498059352478349,25.0,4.068571090698242,2.699951410293579,25.0,4918.775197634473,166
528,0.7428412950718892,3.626768625364071,-0.5498309600643996,25.0,4.07763671875,2.699951410293579,25.0,4863.729273586534,164
529,0.7410025175939557,3.6292237650397365,-0.5498364783503527,25.0,4.069704055786133,2.699951410293579,25.0,4851.635543988086,163
530,0.7425357465817517,3.6277518097947286,-0.5498530577595641,25.0,4.072456359863281,2.699951410293579,25.0,4861.526167158969,164
531,0.7469131963780975,3.6316331993449817,-0.5498551607131958,25.0,4.0709991455078125,2.699789524078369,25.0,4890.166871095076,165
532,0.7474969446481394,3.633257990172415,-0.5498123317053824,25.0,4.076503276824951,2.699951410293579,25.0,4894.3703880589455,165
533,0.7414859362728701,3.633307769986018,-0.5498264728148291,25.0,4.070351600646973,2.699951410293579,25.0,4854.886344739236,163
534,0.7409178166835575,3.631680920080173,-0.5498498177235843,25.0,4.071161270141602,2.699951410293579,25.0,4850.964512134902,163
535,0.738314752818072,3.6278730301769233,-0.5498175807525775,25.0,4.069704055786133,2.699789524078369,25.0,4834.214893115684,163
536,0.7371024779648455,3.631462385625015,-0.5498241671809444,25.0,4.072132587432861,2.699951410293579,25.0,4826.2147771101445,162
537,0.7413852852034788,3.6363807090221005,-0.5498453711439495,25.0,4.0795793533325195,2.699789524078369,25.0,4854.058971284889,163
538,0.7400728995428442,3.634416177960261,-0.5498431478541321,25.0,4.070513725280762,2.699951410293579,25.0,4845.497031049803,163
539,0.7378189899864462,3.630421556578092,-0.5498431474884595,25.0,4.070513725280762,2.699789524078369,25.0,4830.746812355705,163
540,0.7354013379753106,3.631274520615001,-0.5498152191256299,25.0,4.070351600646973,2.699951410293579,25.0,4815.153276944533,162
541,0.7330309177675196,3.633402020294474,-0.5498319623633201,25.0,4.067923069000244,2.699951410293579,25.0,4799.482140453532,161
542,0.7301006620624481,3.6287735752437427,-0.5498510958245082,25.0,4.071646690368652,2.699951410293579,25.0,4780.138504734263,161
543,0.7521468031265129,3.6363728506019317,-0.5498299483793327,25.0,4.076179504394531,2.699951410293579,25.0,4924.651860178448,166
544,0.7397829015226092,3.630036204870493,-0.5498342546948626,25.0,4.079093933105469,2.699951410293579,25.0,4843.668521173298,163
545,0.7341312916104654,3.6258451923911954,-0.5498185753822327,25.0,4.0709991455078125,2.699951410293579,25.0,4806.809506231919,162
546,0.7301885396750696,3.624781615985847,-0.549865726728617,25.0,4.072941780090332,2.699951410293579,25.0,4780.575397034176,161
547,0.7270929932756652,3.625512859225273,-0.5498285301029682,25.0,4.075046539306641,2.699951410293579,25.0,4760.62224128563,160
548,0.724703519632919,3.62178230881691,-0.5498262647539377,25.0,4.074236869812012,2.699951410293579,25.0,4745.013560034335,160
549,0.7225805882059175,3.624315713186684,-0.5498364500279697,25.0,4.072294235229492,2.699951410293579,25.0,4731.0290446328,159
550,0.7194444435708128,3.625295064117335,-0.5498272682292552,25.0,4.073589324951172,2.699951410293579,25.0,4710.56070423685,158
551,0.7140938350541243,3.6203825504157194,-0.5498283562386871,25.0,4.069866180419922,2.699951410293579,25.0,4675.529618598521,157
552,0.7104989336427903,3.6138481714163615,-0.5498318193824427,25.0,4.073751449584961,2.699951410293579,25.0,4651.951648960821,157
553,0.7087822372460599,3.617251145534026,-0.5498526898714212,25.0,4.069542407989502,2.699951410293579,25.0,4640.5426120869815,156
554,0.7070796450604282,3.614666089033469,-0.549824812855476,25.0,4.068408966064453,2.699951410293579,25.0,4629.623650287278,156
555,0.7081017726441465,3.618091736084376,-0.5498445591865442,25.0,4.068571090698242,2.699951410293579,25.0,4636.155280910432,156
556,0.7078710855178205,3.6191274111087504,-0.549814359499858,25.0,4.07666540145874,2.699951410293579,25.0,4634.889860148542,156
557,0.7064249495156802,3.6175520909138217,-0.5498561744506543,25.0,4.069380283355713,2.699951410293579,25.0,4625.093212582171,156
558,0.46995983596124147,3.5461327666328066,-0.549830687046051,25.0,3.8924343585968018,2.699627637863159,25.0,3077.041548587382,105
559,0.6979105418920728,3.6149220017643717,-0.5498140574275673,25.0,4.071646690368652,2.699951410293579,25.0,4569.687671817839,154
560,0.6978683240593694,3.6141924362678033,-0.5498505323738246,25.0,4.068246841430664,2.699951410293579,25.0,4569.109662586823,154
561,0.699984929586581,3.6198754217717553,-0.5498411194844679,25.0,4.069704055786133,2.699951410293579,25.0,4583.047285037115,154
562,0.7017610321802521,3.6187626638720114,-0.5498294061230075,25.0,4.073913097381592,2.699789524078369,25.0,4594.766013097018,155
563,0.7014385798105559,3.617800727967293,-0.5498668163053451,25.0,4.0709991455078125,2.699951410293579,25.0,4592.328364256769,155
564,0.6938505696340815,3.6150604042352414,-0.5497973230150011,25.0,4.069380283355713,2.699951410293579,25.0,4543.2352655008435,153
565,0.6910867387737983,3.6162742031247994,-0.5498209003555147,25.0,4.082979202270508,2.699951410293579,25.0,4524.922993173823,152
566,0.6869841344871801,3.6148109262352746,-0.5498195902401248,25.0,4.069218635559082,2.699789524078369,25.0,4498.09511997737,151
567,0.6878475702150102,3.6093491394268837,-0.5498495101928711,25.0,4.066466331481934,2.699951410293579,25.0,4503.501026483253,152
568,0.6871561555981051,3.6166592544277774,-0.5498123907095549,25.0,4.076179504394531,2.699789524078369,25.0,4499.266660954803,151
569,0.6865103112449789,3.617142787832298,-0.5498087915363691,25.0,4.0667901039123535,2.699951410293579,25.0,4495.079394167289,151
570,0.6855128869921214,3.614569690843292,-0.5498183894631089,25.0,4.069380283355713,2.699951410293579,25.0,4488.470121359453,151
571,0.6795885287186685,3.6092117977142335,-0.5498110135396321,25.0,4.0752081871032715,2.699951410293579,25.0,4449.736219024286,150
572,0.6767946668648919,3.609956635724778,-0.5498242126215225,25.0,4.068732738494873,2.699951410293579,25.0,4431.345810506493,149
573,0.6730659579192471,3.609730348393724,-0.5498008603179777,25.0,4.067437648773193,2.699951410293579,25.0,4407.111776482314,148
574,0.6698407856967485,3.6043475012521484,-0.5498216736155588,25.0,4.066142559051514,2.699951410293579,25.0,4385.830738732591,148
575,0.671579273803542,3.609833169627834,-0.549822897524447,25.0,4.0667901039123535,2.699951410293579,25.0,4397.205899115652,148
576,0.6734786963796378,3.609100466606601,-0.5498156999581613,25.0,4.070837497711182,2.699951410293579,25.0,4409.690067231655,149
577,0.6724650899339906,3.61425671061954,-0.5498204497066704,25.0,4.067923069000244,2.699951410293579,25.0,4403.018400585279,148
578,0.6658190161322025,3.6068336477085037,-0.5498240306263878,25.0,4.069866180419922,2.699951410293579,25.0,4359.487625094131,147
579,0.6653053803565767,3.606177279738342,-0.5498166343792766,25.0,4.071161270141602,2.699951410293579,25.0,4356.1752683110535,147
580,0.6578363511417203,3.6044875391598405,-0.5498088479042054,25.0,4.064685344696045,2.699951410293579,25.0,4307.33234776929,145
581,0.6551605164749206,3.598895081158342,-0.5498038493353745,25.0,4.082331657409668,2.699951410293579,25.0,4289.832683030516,145
582,0.6516740059799924,3.6027262608210244,-0.5498275231156085,25.0,4.082655429840088,2.699951410293579,25.0,4266.817741077393,144
583,0.6543879109426813,3.6103036171860166,-0.5498388484120369,25.0,4.076827049255371,2.699789524078369,25.0,4284.505519423634,144
584,0.6506138943428488,3.6042259881893792,-0.5498401063183943,25.0,4.076503276824951,2.699951410293579,25.0,4259.787398820743,144
585,0.6740563687197584,3.6083887983488556,-0.5498327256849148,25.0,4.073265552520752,2.699951410293579,25.0,4413.333448780701,149
586,0.6433418502221266,3.590021220731064,-0.5498363144800696,25.0,4.068085193634033,2.699951410293579,25.0,4212.210321526974,142
587,0.634316456013508,3.586335873603821,-0.5498375901154109,25.0,4.070027828216553,2.699789524078369,25.0,4153.101071605459,140
588,0.62775916235692,3.5883635438006856,-0.5498008248598679,25.0,4.079417705535889,2.699789524078369,25.0,4110.430052727461,138
589,0.623474176398975,3.5815864386765854,-0.5498139551584271,25.0,4.068246841430664,2.699951410293579,25.0,4082.305306594819,138
590,0.6185985270187113,3.5867642690153683,-0.549834924585679,25.0,4.077150821685791,2.699951410293579,25.0,4050.2094811424613,136
591,0.3800241415386744,3.51211815441356,-0.5498184035806095,25.0,3.879483222961426,2.699951410293579,25.0,2488.2484281025827,85
592,0.622587120138337,3.59346101579875,-0.5498151052607237,25.0,4.069056510925293,2.699951410293579,25.0,4076.477614130825,137
593,0.6190972262854778,3.5881694424761474,-0.5498336214218696,25.0,4.066951751708984,2.699951410293579,25.0,4053.4936747383326,137
594,0.6108877800027841,3.5835994508531357,-0.5498107459810045,25.0,4.063876152038574,2.699951410293579,25.0,3999.9001938346773,135
595,0.6060556268320589,3.5816052137915766,-0.5498335339240173,25.0,4.073427677154541,2.699951410293579,25.0,3968.1010730303824,134
596,0.6037046969074258,3.584124855529097,-0.5498117042663402,25.0,4.067761421203613,2.699789524078369,25.0,3952.8670538440347,133
597,0.6012831257884739,3.5801019471390805,-0.5498198786176237,25.0,4.070675373077393,2.699951410293579,25.0,3936.948085429147,133
598,0.604436866803234,3.5821911630345813,-0.5498254192409231,25.0,4.065656661987305,2.699951410293579,25.0,3957.573195932433,134
599,0.3642260763273445,3.5058129735109285,-0.5498420094571462,25.0,3.8798069953918457,2.699789524078369,25.0,2384.703057439998,82
600,0.6053858573622977,3.5878947599610287,-0.5498132501075517,25.0,4.066951751708984,2.699951410293579,25.0,3963.870010472834,134
601,0.6038971010623836,3.591398959769342,-0.549832140144549,25.0,4.074398994445801,2.699951410293579,25.0,3953.9795846883208,133
602,0.6022137641943424,3.587907966814543,-0.5498117047144955,25.0,4.071646690368652,2.699951410293579,25.0,3943.104502700269,133
603,0.601498860441485,3.586823432965386,-0.5498253277369908,25.0,4.067923069000244,2.699951410293579,25.0,3938.323336519301,133
604,0.5982891718925737,3.5874393925522314,-0.5498320988633416,25.0,4.068571090698242,2.699789524078369,25.0,3917.261524355039,132
605,0.5975586697565822,3.5865391836021887,-0.549832099314892,25.0,4.065171241760254,2.699951410293579,25.0,3912.4802171569318,132
606,0.6044230703074335,3.5880771928758763,-0.549837589263916,25.0,4.073913097381592,2.699789524078369,25.0,3957.38422726281,134
607,0.6035392448841781,3.595944055040976,-0.5498239662414207,25.0,4.069380283355713,2.699951410293579,25.0,3951.699535384774,133
608,0.5982520201278576,3.5914130554054724,-0.5498087631933617,25.0,4.0666279792785645,2.699951410293579,25.0,3917.1998150236905,132
609,0.5929678082737992,3.585816825619181,-0.5498375897189133,25.0,4.068408966064453,2.699951410293579,25.0,3882.387670846656,131
610,0.5901169024139584,3.586354820544903,-0.5498459522540753,25.0,4.068085193634033,2.699951410293579,25.0,3863.6531597413123,130
611,0.5781809563226529,3.573986254632473,-0.5498262643814087,25.0,4.065332889556885,2.699951410293579,25.0,3785.6536125112325,128
612,0.5731956541902632,3.5698369450456515,-0.5498318827058387,25.0,4.0663042068481445,2.699951410293579,25.0,3752.9682145062834,127
613,0.32090882462266096,3.4920327266057334,-0.5497847406400574,25.0,3.8725218772888184,2.699951410293579,25.0,2101.316029705107,72
614,0.5755223390770762,3.5790697814911367,-0.5498261756784334,25.0,4.068085193634033,2.699951410293579,25.0,3768.247146850452,127
615,0.5745149131477157,3.5769868835689516,-0.549810480883741,25.0,4.070513725280762,2.699951410293579,25.0,3761.7473759111017,127
616,0.5791653156659966,3.5824614576995373,-0.5498149394989014,25.0,4.071646690368652,2.699951410293579,25.0,3792.1691862381995,128
617,0.5679245176469216,3.5711067612209018,-0.5498188946928296,25.0,4.064685344696045,2.699951410293579,25.0,3718.5447945650667,126
618,0.5587604141136943,3.562772423990311,-0.5498171318923274,25.0,4.061609745025635,2.699951410293579,25.0,3658.545325022191,124
619,0.5538724375055701,3.5672832414752147,-0.5498019447092151,25.0,4.074236869812012,2.699951410293579,25.0,3626.639415681362,122
620,0.5494810647960552,3.5580886758741785,-0.5498182822446354,25.0,4.076503276824951,2.699951410293579,25.0,3597.780469631776,122
621,0.5500988300251713,3.5608209019801658,-0.5497841209661766,25.0,4.060800075531006,2.699789524078369,25.0,3602.0615913253278,122
622,0.5608334638088026,3.5747888568908937,-0.5498054416910294,25.0,4.069056510925293,2.699951410293579,25.0,3672.201972378418,124
623,0.5579224309608738,3.5742754083338792,-0.549824330864883,25.0,4.063390254974365,2.699951410293579,25.0,3653.02771278657,123
624,0.5549114960436615,3.569351576208099,-0.54981254707507,25.0,4.070675373077393,2.699789524078369,25.0,3633.374145684764,123
625,0.5499131353529448,3.564639916185473,-0.5498197669865655,25.0,4.064037799835205,2.699951410293579,25.0,3600.608676407486,122
626,0.5390625863103573,3.5615607650340104,-0.5498086589725077,25.0,4.065818786621094,2.699951410293579,25.0,3529.640758248046,119
627,0.5337900824312312,3.556982814255407,-0.5497961286771096,25.0,4.0752081871032715,2.699951410293579,25.0,3495.1879248004407,118
628,0.5312749090950234,3.551777627508519,-0.5497792378320532,25.0,4.070351600646973,2.699951410293579,25.0,3478.813073279336,118
629,0.5322414286091098,3.5548041553820595,-0.5498053426459685,25.0,4.060476303100586,2.699951410293579,25.0,3484.9850442949682,118
630,0.5327587685030606,3.5587690947419506,-0.549814555604579,25.0,4.067599296569824,2.699789524078369,25.0,3488.312953459099,118
631,0.5272042381938554,3.5530447511591463,-0.5498112618413746,25.0,4.067761421203613,2.699951410293579,25.0,3451.9694152455777,117
632,0.5238905638191383,3.5534893644267114,-0.5498407143971016,25.0,4.061609745025635,2.699951410293579,25.0,3430.0949720013887,116
633,0.5185074512726028,3.5475463390350344,-0.549818682152292,25.0,4.061933517456055,2.699951410293579,25.0,3394.9700894448906,115
634,0.5160131845101001,3.5501047958407486,-0.5498089790344238,25.0,4.067275524139404,2.699951410293579,25.0,3378.7205761373043,114
635,1.1532021396006258,3.7091902999020125,-0.5499322673000356,25.0,4.088807106018066,2.699627637863159,25.0,7549.169376989827,756
636,1.151492120547898,3.703128232207953,-0.5498702771523419,25.0,4.089130878448486,2.699951410293579,25.0,7538.840726124123,255
637,1.1501671241987204,3.708534756044703,-0.5498518587097408,25.0,4.089130878448486,2.699789524078369,25.0,7530.4351940806955,254
638,1.1486572159550552,3.7084448900748423,-0.5497698183134785,25.0,4.089454650878906,2.699789524078369,25.0,7521.621883684769,254
639,1.1472491012157149,3.7149957042979445,-0.5497662516560141,25.0,4.089616775512695,2.699627637863159,25.0,7512.450349617749,254
640,1.1450245343196042,3.7187223500413857,-0.5498161037920021,25.0,4.089778423309326,2.699627637863159,25.0,7497.219218671322,253
641,1.1409575081093417,3.7128595965249196,-0.5497592141230901,25.0,4.090102195739746,2.699789524078369,25.0,7471.342303736135,252
642,1.1386409209474093,3.711058251441471,-0.5497347667576775,25.0,4.089454650878906,2.699789524078369,25.0,7456.529943367466,252
643,1.1368113053733198,3.7091040043603805,-0.5497635281275189,25.0,4.089616775512695,2.699789524078369,25.0,7444.154250018299,252
644,1.1371718626477494,3.7161950487939137,-0.549782223171658,25.0,4.089778423309326,2.699951410293579,25.0,7446.2619099821895,252
645,1.1365480059580637,3.7180972553434826,-0.5497707187656372,25.0,4.090102195739746,2.699951410293579,25.0,7442.330326499417,252
646,1.1355583536220362,3.7224219244314853,-0.5497877778285053,25.0,4.090102195739746,2.699951410293579,25.0,7435.614983560517,251
647,1.1344838162682362,3.72243805710538,-0.5497877778285053,25.0,4.089616775512695,2.699789524078369,25.0,7428.587373089045,251
648,1.1336840258504606,3.7225283550551214,-0.5497971625916986,25.0,4.090102195739746,2.699789524078369,25.0,7423.200000718236,251
649,1.1327543343484388,3.7223587169115286,-0.5497913878277478,25.0,4.090264320373535,2.699951410293579,25.0,7417.2166716922075,251
650,1.1318363451006277,3.722020107436465,-0.5497899444929633,25.0,4.090425968170166,2.699951410293579,25.0,7411.233475370333,251
651,0.9926243370254081,3.688106136972254,-0.5498021732677113,25.0,3.981959581375122,2.699951410293579,25.0,6499.5253116339445,220
652,1.1305030825238411,3.7253805236816406,-0.5498064231872558,25.0,4.090264320373535,2.699951410293579,25.0,7402.267578745261,250
653,1.129670856447469,3.7252607231140136,-0.5498027992248535,25.0,4.090425968170166,2.699789524078369,25.0,7396.879881639034,250
654,1.1287953748225559,3.7247025279998778,-0.5498013498783112,25.0,4.090588092803955,2.699951410293579,25.0,7391.147717861459,250
655,1.1279935312253184,3.724179295539856,-0.54982381939888,25.0,4.090425968170166,2.699789524078369,25.0,7385.598549230024,250
656,1.1245059272550844,3.7185473930404846,-0.5497509925719725,25.0,4.090102195739746,2.699951410293579,25.0,7363.756445650011,249
657,1.1226012507477354,3.715059929583446,-0.5497400772619438,25.0,4.089940547943115,2.699951410293579,25.0,7351.408878119662,249
658,1.1212808841117607,3.7170302589093485,-0.549750643391763,25.0,4.089940547943115,2.699789524078369,25.0,7342.610196499154,248
659,1.121068772675558,3.7178677810776617,-0.5497542965796686,25.0,4.090102195739746,2.699789524078369,25.0,7341.175869021565,248
660,1.1220295632262998,3.7209445415251703,-0.5497699128576072,25.0,4.090102195739746,2.699951410293579,25.0,7347.301252281293,249
661,1.119916107882533,3.7182163663448824,-0.5497331080898162,25.0,4.090425968170166,2.699789524078369,25.0,7333.925564100966,248
662,1.1175271545958254,3.7171852878230784,-0.5497348858759954,25.0,4.089940547943115,2.699465751647949,25.0,7318.264809286222,247
663,1.116356879641065,3.7164557945390464,-0.5497209475590632,25.0,4.089778423309326,2.699789524078369,25.0,7310.780476247892,247
664,1.1157712534185968,3.715962258427732,-0.5497165462266096,25.0,4.089778423309326,2.699627637863159,25.0,7306.983901454136,247
665,1.117576710787637,3.7207113004499868,-0.5497447982911141,25.0,4.090425968170166,2.699789524078369,25.0,7318.454401975498,248
666,1.1157464296206503,3.7205161536753417,-0.5497546931992658,25.0,4.090749740600586,2.699627637863159,25.0,7306.3366220686585,247
667,1.1131187312805109,3.7136361473485042,-0.5497172795809232,25.0,4.089940547943115,2.699627637863159,25.0,7289.62391881831,247
668,1.1124007926168564,3.717609410363484,-0.5497204734057914,25.0,4.089130878448486,2.699789524078369,25.0,7284.890320645645,246
669,1.1114265231164007,3.7155732778998893,-0.5497190002503434,25.0,4.089940547943115,2.699789524078369,25.0,7278.514299528673,246
670,1.1133699067457412,3.7204532362671516,-0.5497282835153433,25.0,4.090102195739746,2.699951410293579,25.0,7291.123610768467,247
671,1.112633633507072,3.724697700360926,-0.5497558293788414,25.0,4.090102195739746,2.699951410293579,25.0,7285.922224448994,246
672,1.1099951509407533,3.7157397754793244,-0.5497116344731029,25.0,4.090102195739746,2.699951410293579,25.0,7269.25001123175,246
673,1.109144471718761,3.7149731008017937,-0.5497190002503434,25.0,4.089616775512695,2.699951410293579,25.0,7263.578181849793,246
674,1.1082264759804632,3.716991649355207,-0.5497806412833077,25.0,4.089940547943115,2.699951410293579,25.0,7256.764401160181,245
675,0.9645828292300558,3.6816828440282947,-0.5498723053486547,25.0,3.9766173362731934,2.699951410293579,25.0,6315.115903636441,214
676,1.1105473738828193,3.7223956962911093,-0.5498817848965405,25.0,4.090102195739746,2.699627637863159,25.0,7270.593297868967,246
677,1.1071177804502912,3.7161273547581266,-0.5498324121747699,25.0,4.089778423309326,2.699465751647949,25.0,7248.796103287488,245
678,1.1060415342377456,3.7145276215611673,-0.5498205788281499,25.0,4.089616775512695,2.699951410293579,25.0,7241.920075360686,245
679,1.105226088369554,3.7136719158717564,-0.5498346316571139,25.0,4.089616775512695,2.699951410293579,25.0,7236.389028318226,245
680,1.1061628050187893,3.717622034890311,-0.5498582981070693,25.0,4.089940547943115,2.699789524078369,25.0,7242.206828661263,245
681,1.1070198767567543,3.7227820318572373,-0.5498753082995512,25.0,4.089940547943115,2.699627637863159,25.0,7247.591647960246,245
682,1.107035721291441,3.7240157059260777,-0.5498804861185502,25.0,4.090264320373535,2.699951410293579,25.0,7247.641599699855,245
683,1.1068335811556795,3.7246229590201865,-0.5498745699318088,25.0,4.090102195739746,2.699465751647949,25.0,7246.394096186385,245
684,1.1069313281255946,3.7257991372322548,-0.5499115488967117,25.0,4.090425968170166,2.699951410293579,25.0,7246.554985297844,245
685,1.10662550336979,3.7261704980110637,-0.5498997160366603,25.0,4.090102195739746,2.699465751647949,25.0,7244.682615732774,245
686,1.1063535623455873,3.7262339290307493,-0.5499100707015213,25.0,4.090425968170166,2.699951410293579,25.0,7242.777481611818,245
687,1.1061772230910463,3.725846056062348,-0.5500727972205804,25.0,4.090264320373535,2.699789524078369,25.0,7239.480688359588,245
688,1.0944474147878487,3.714500323800016,-0.5497260251321083,25.0,4.089940547943115,2.699951410293579,25.0,7167.242605315521,242
689,1.096212149065242,3.7202071839399298,-0.5497391606554572,25.0,4.090102195739746,2.699789524078369,25.0,7178.611536374316,243
690,1.09625819145148,3.722833409721469,-0.5497570570113728,25.0,4.090264320373535,2.699789524078369,25.0,7178.6662587132305,243
691,1.0920203896267004,3.7111982974139126,-0.549711050080859,25.0,4.089778423309326,2.699951410293579,25.0,7151.523137213662,242
692,1.0926360705904985,3.71345071063554,-0.5497282713897957,25.0,4.089778423309326,2.699951410293579,25.0,7155.3516178596765,242
693,1.0916038185739587,3.711909407426503,-0.5497252763795458,25.0,4.089778423309326,2.699627637863159,25.0,7148.617555703968,242
694,1.0919739180724313,3.7163192467256025,-0.5497417489359201,25.0,4.089616775512695,2.699951410293579,25.0,7150.825108943507,242
695,1.093147037797245,3.7233166399080893,-0.5497746940486687,25.0,4.090102195739746,2.699789524078369,25.0,7158.068042103201,242
696,1.089551386047163,3.7147071509935055,-0.5497293215074974,25.0,4.089940547943115,2.699951410293579,25.0,7135.118486696854,241
697,1.0885803348462604,3.7135497346458592,-0.549703758287232,25.0,4.089616775512695,2.699627637863159,25.0,7129.1027178019285,241
698,1.087782397448263,3.712407773955729,-0.5497428549770498,25.0,4.089940547943115,2.699627637863159,25.0,7123.367995513603,241
699,1.0867935327687601,3.7089939691219094,-0.5498781901672173,25.0,4.089616775512695,2.699951410293579,25.0,7115.1484540198,241
700,1.0890827401048853,3.7223394955836886,-0.549921047638066,25.0,4.090102195739746,2.699627637863159,25.0,7129.567824354395,241
701,1.0871113992987713,3.7164160631504295,-0.5498992427256097,25.0,4.090102195739746,2.699789524078369,25.0,7116.937984233722,241
702,1.0847259163954692,3.7119470377763113,-0.5498806255559127,25.0,4.089616775512695,2.699789524078369,25.0,7101.539428435266,240
703,1.084697863907675,3.7132536212603253,-0.5497130155563354,25.0,4.089778423309326,2.699951410293579,25.0,7103.571179423481,240
704,1.0835615664829994,3.710264052947362,-0.5497220754623413,25.0,4.089616775512695,2.699789524078369,25.0,7096.007720731199,240
705,1.085924658790213,3.7182861977098396,-0.5497639075354421,25.0,4.090264320373535,2.699951410293579,25.0,7110.9238391928375,241
706,1.086155621806014,3.720552659133658,-0.5497586440248609,25.0,4.090102195739746,2.699789524078369,25.0,7112.5058049131185,241
707,1.086185526906855,3.7215710240280973,-0.5497578921654412,25.0,4.090102195739746,2.699789524078369,25.0,7112.6947997659445,241
708,1.0859137324641912,3.721941827243789,-0.549758644272183,25.0,4.089940547943115,2.699627637863159,25.0,7110.930875744671,241
709,1.0857294685218855,3.7224140612416248,-0.5497751851794136,25.0,4.090264320373535,2.699951410293579,25.0,7109.496317576617,241
710,1.0856041556394698,3.7229474233888493,-0.5497714256349936,25.0,4.090264320373535,2.699789524078369,25.0,7108.748433955014,241
711,1.0852149694698832,3.7227815058221463,-0.5497774407576723,25.0,4.090264320373535,2.699951410293579,25.0,7106.1076339725405,241
712,0.9479329788729463,3.684950217251529,-0.5497731823491824,25.0,3.9843878746032715,2.699627637863159,25.0,6207.225479671732,211
713,1.0851223229621174,3.7228997347265853,-0.5497676663378956,25.0,4.090264320373535,2.699789524078369,25.0,7105.639791313559,241
714,1.0846653998799471,3.7270345270633696,-0.5497779448827108,25.0,4.089940547943115,2.699951410293579,25.0,7102.500528259203,240
715,1.0845018715125985,3.727336722612381,-0.5497651102642218,25.0,4.090264320373535,2.699951410293579,25.0,7101.59539934434,240
716,1.084592417850629,3.728570462266604,-0.5497726601858933,25.0,4.090425968170166,2.699951410293579,25.0,7102.082655875012,240
717,1.0830211771399525,3.7251559227705,-0.5497862500449021,25.0,4.090425968170166,2.699951410293579,25.0,7091.625019771978,240
718,1.0798334217596353,3.71666090757777,-0.5497087035717825,25.0,4.089940547943115,2.699627637863159,25.0,7071.760883431882,239
719,1.0791086936073475,3.715663151760979,-0.5497397877681205,25.0,4.089940547943115,2.699951410293579,25.0,7066.620077369735,239
720,1.0781365403513183,3.713287627846626,-0.5497443366749017,25.0,4.089616775512695,2.699627637863159,25.0,7060.181562967598,239
721,1.0800090873161383,3.7224178274306294,-0.5497450950754238,25.0,4.089778423309326,2.699951410293579,25.0,7072.441747613251,239
722,1.0805680430630746,3.721267193555832,-0.5497658650080363,25.0,4.090264320373535,2.699951410293579,25.0,7075.806142216548,240
723,1.0764895024066705,3.713934785177728,-0.549724150104683,25.0,4.089616775512695,2.699951410293579,25.0,7049.648997033015,238
724,1.0764561186339772,3.7153203777906274,-0.549844441544108,25.0,4.089616775512695,2.699951410293579,25.0,7047.883869001642,238
725,1.0757284117303074,3.7147449204901686,-0.5497766823327842,25.0,4.089293003082275,2.699951410293579,25.0,7043.978221448138,238
726,1.0756242535420188,3.7167699036477995,-0.5497546035702489,25.0,4.089616775512695,2.699789524078369,25.0,7043.622030109167,238
727,1.077452804313096,3.721068512944497,-0.5497731464178492,25.0,4.090102195739746,2.699627637863159,25.0,7055.334818955511,239
728,1.074589831298492,3.7146966196909674,-0.5497340474809919,25.0,4.090102195739746,2.699627637863159,25.0,7037.089719140902,238
729,1.0735908836435128,3.712975002136551,-0.5497416608473834,25.0,4.089778423309326,2.699951410293579,25.0,7030.447466574609,238
730,1.0737653509269078,3.7146775742538836,-0.5497447064443797,25.0,4.089778423309326,2.699627637863159,25.0,7031.542643507943,238
731,1.0727679351491328,3.712913106469547,-0.5497447064443797,25.0,4.089778423309326,2.699465751647949,25.0,7025.026351029053,238
732,1.074971577942774,3.722758473468428,-0.5497842959496153,25.0,4.090102195739746,2.699789524078369,25.0,7038.94567104429,238
733,1.074130679638408,3.72226259988897,-0.5497789663427016,25.0,4.090102195739746,2.699951410293579,25.0,7033.5087399389595,238
734,1.0714894986591592,3.7158920895701217,-0.5497381981415085,25.0,4.089778423309326,2.699627637863159,25.0,7016.729599555954,237
735,0.9241420778520489,3.6760321942771355,-0.5497633422293314,25.0,3.9751601219177246,2.699951410293579,25.0,6051.523535067216,205
736,1.0718463154691111,3.7167951135192743,-0.5497198489647878,25.0,4.089778423309326,2.699951410293579,25.0,7019.3242869172245,237
737,1.0725286327783043,3.717341952965039,-0.5497614558504409,25.0,4.089940547943115,2.699951410293579,25.0,7023.268220616505,238
738,1.117887276618669,3.7178367718993894,-0.5497517590580682,25.0,4.089778423309326,2.699951410293579,25.0,7320.389282863587,247
739,1.1170806252605474,3.72312606104955,-0.5497620289142315,25.0,4.089940547943115,2.699789524078369,25.0,7314.963936731219,247
740,1.1162620941462689,3.724989440277038,-0.5498016433194581,25.0,4.090425968170166,2.699627637863159,25.0,7309.06451045163,247
741,1.1126977636033257,3.7184320174581638,-0.5497808730214592,25.0,4.090264320373535,2.699951410293579,25.0,7286.015705630183,246
742,1.1108389275253134,3.716663733730471,-0.5497499365147537,25.0,4.089616775512695,2.699789524078369,25.0,7274.234395610169,246
743,1.1094640226261845,3.715220547303921,-0.5497477267815815,25.0,4.089940547943115,2.699627637863159,25.0,7265.296981373802,246
744,1.1073834258054025,3.7149736346030724,-0.5497362664767674,25.0,4.089778423309326,2.699951410293579,25.0,7251.79811845161,245
745,1.1068524238431474,3.71587427684239,-0.5497458810708961,25.0,4.090264320373535,2.699789524078369,25.0,7248.190700557083,245
746,1.1040541664626606,3.712245279648265,-0.5497172855940021,25.0,4.089616775512695,2.699951410293579,25.0,7230.260190250352,244
747,1.1031358020674507,3.7119214964694662,-0.5497239693755009,25.0,4.089616775512695,2.699951410293579,25.0,7224.1510277260095,244
748,1.1019631198767796,3.711045699041398,-0.5497106020567847,25.0,4.089293003082275,2.699951410293579,25.0,7216.63620011881,244
749,1.100680347939449,3.7080978331018666,-0.5497135725177702,25.0,4.089454650878906,2.699465751647949,25.0,7208.230353418738,244
750,1.1005441346729734,3.711022472772442,-0.5497269395922051,25.0,4.0889692306518555,2.699789524078369,25.0,7207.1412612088025,244
751,1.099185914994004,3.711161985318847,-0.5497294671741533,25.0,4.089454650878906,2.699951410293579,25.0,7198.2139051146805,243
752,1.0977569428737177,3.709764270625487,-0.5496906920225041,25.0,4.089130878448486,2.699465751647949,25.0,7189.370081722736,243
753,1.0972711704522058,3.7099168310440125,-0.5497130624060769,25.0,4.089293003082275,2.699789524078369,25.0,7185.886255893856,243
754,1.096198836011311,3.7069774939690108,-0.549706351364591,25.0,4.089616775512695,2.699951410293579,25.0,7178.963737718761,243
755,1.0965658970959806,3.711850853123292,-0.5496959117214375,25.0,4.089454650878906,2.699951410293579,25.0,7181.500948490575,243
756,1.095804121861993,3.7110447383221286,-0.5497264844890485,25.0,4.089293003082275,2.699951410293579,25.0,7176.110232885927,243
757,1.09521100044542,3.710526419274601,-0.549712316489514,25.0,4.089454650878906,2.699465751647949,25.0,7172.407026086003,243
758,1.0947697567560386,3.714876955205744,-0.5497170401013587,25.0,4.089454650878906,2.699465751647949,25.0,7169.47004509531,242
759,1.0942081437070508,3.714659537165618,-0.5497230301218584,25.0,4.089616775512695,2.699951410293579,25.0,7165.673949077725,242
760,1.09354152732872,3.7136199631966833,-0.5497035625552343,25.0,4.089454650878906,2.699627637863159,25.0,7161.57917487435,242
761,1.0927732786734352,3.712605808392044,-0.5497365076679829,25.0,4.089293003082275,2.699789524078369,25.0,7156.157339636236,242
762,1.0922700666937393,3.71222248648809,-0.5497065575654841,25.0,4.089778423309326,2.699951410293579,25.0,7153.235252810642,242
763,1.0917379499118889,3.711694674058394,-0.5497237788744209,25.0,4.089616775512695,2.699951410293579,25.0,7149.516669744626,242
764,1.0914713071174793,3.7122780124018013,-0.5497387539256703,25.0,4.089778423309326,2.699789524078369,25.0,7147.564729264006,242
765,1.0906019468549553,3.710850435840197,-0.549720783864171,25.0,4.089454650878906,2.699789524078369,25.0,7142.11040436849,242
766,1.0901053649254295,3.714473388007073,-0.5497240584915605,25.0,4.089778423309326,2.699627637863159,25.0,7138.829282948747,241
767,1.0872669607693162,3.7053040795306447,-0.5497067659722324,25.0,4.089293003082275,2.699789524078369,25.0,7120.447332523763,241
768,1.086162358775017,3.7076569477717083,-0.5496948957443237,25.0,4.089130878448486,2.699627637863159,25.0,7113.369133930653,240
769,1.0853583361466894,3.7063550800085068,-0.5496971609691779,25.0,4.089130878448486,2.699627637863159,25.0,7108.088034231216,240
770,1.0948281302147738,3.711982996995784,-0.5497117988334215,25.0,4.089454650878906,2.699789524078369,25.0,7169.897234197706,242
771,1.0936940945942402,3.7119615895689027,-0.5497260253784085,25.0,4.089616775512695,2.699951410293579,25.0,7162.286472495645,242
772,1.094751208108392,3.716341809480769,-0.5497451260256669,25.0,4.089940547943115,2.699789524078369,25.0,7168.986353715882,243
773,1.0931752285575633,3.7184050861468987,-0.5497327639051706,25.0,4.090102195739746,2.699951410293579,25.0,7158.81358381547,242
774,0.8891575071445319,3.778957635928423,-0.5497177197383001,25.0,4.089616775512695,3.600384473800659,25.0,5822.930183330551,195
