cycle,capacity,voltage,current,temperature,max_voltage,min_voltage,max_temperature,discharge_duration_s,num_points
1,1.0803747904269763,3.7326561816067874,-0.5501671401027856,25.0,4.105137825012207,2.6995368003845215,25.0,7069.43510947866,239
2,1.082319454935046,3.7385455052057903,-0.5501731634140015,25.0,4.10789155960083,2.6996986865997314,25.0,7082.043450823399,240
3,0.9658944233363447,3.7110047674624718,-0.5501773677696692,25.0,4.020902156829834,2.6993746757507324,25.0,6320.181210136056,214
4,1.0775727718064996,3.7361230750043855,-0.5501149454537559,25.0,4.106919765472412,2.6996986865997314,25.0,7051.717844885505,238
5,1.07611244179875,3.733721777170646,-0.5501882849621171,25.0,4.104489803314209,2.6998608112335205,25.0,7041.232899288225,238
6,1.0754132084757102,3.73409273143576,-0.550195845736175,25.0,4.104814052581787,2.6996986865997314,25.0,7036.561190965513,238
7,1.0733926299786578,3.728385587700275,-0.5502003822006097,25.0,4.102546215057373,2.6996986865997314,25.0,7023.292538602909,238
8,1.0770505158785655,3.737487457786145,-0.5502190911620232,25.0,4.108215808868408,2.6996986865997314,25.0,7046.995797072683,239
9,1.0756374919046345,3.7390062618656317,-0.550223820600189,25.0,4.109187602996826,2.6998608112335205,25.0,7037.662539530953,238
10,1.0705981596198373,3.7298402786254883,-0.5502020155830223,25.0,4.101898193359375,2.6998608112335205,25.0,7004.963471220894,237
11,1.0703031433591914,3.7300836084261224,-0.5501837931604828,25.0,4.103194236755371,2.6998608112335205,25.0,7003.292458300537,237
12,1.0686389016150724,3.7312564799341104,-0.5501868881411471,25.0,4.101412296295166,2.6995368003845215,25.0,6992.354596645135,236
13,1.0715207856563271,3.736861268176308,-0.5502255528788024,25.0,4.104489803314209,2.6998608112335205,25.0,7010.723917626281,237
14,1.0727921401230436,3.736852714995376,-0.5502215523679718,25.0,4.107405662536621,2.6998608112335205,25.0,7019.087975762202,238
15,1.0676076001493713,3.7304828975160245,-0.5501746883836843,25.0,4.102707862854004,2.6996986865997314,25.0,6985.760975291807,236
16,1.0673225636491825,3.7312674613322243,-0.5502013753531343,25.0,4.101898193359375,2.6996986865997314,25.0,6983.574355657765,236
17,1.0673449109897257,3.732479650085255,-0.5501876506259886,25.0,4.102869987487793,2.6995368003845215,25.0,6983.873902196996,236
18,1.0676602876981875,3.7332683306629373,-0.5501739258988428,25.0,4.102869987487793,2.6995368003845215,25.0,6986.108280223387,236
19,1.070859011435556,3.7398564091211632,-0.5502035341182339,25.0,4.10756778717041,2.6998608112335205,25.0,7006.651947021193,237
20,1.0681394452864887,3.736084651138823,-0.5501945129895615,25.0,4.108053684234619,2.6998608112335205,25.0,6989.001758094237,236
21,1.064413584524147,3.7269060510700034,-0.5501678260201115,25.0,4.101088047027588,2.6998608112335205,25.0,6964.94900713244,236
22,1.0638041205994608,3.731075166134124,-0.550167803307797,25.0,4.101088047027588,2.6998608112335205,25.0,6960.964238251268,235
23,1.0566759840233506,3.7242956385653243,-0.5501516313634367,25.0,4.096714496612549,2.6998608112335205,25.0,6914.51769222907,234
24,1.0579342457392549,3.7273942680440397,-0.550189312451925,25.0,4.095904350280762,2.6996986865997314,25.0,6922.285697265994,234
25,1.062506257506497,3.73612242150814,-0.5502160442636368,25.0,4.10400390625,2.6993746757507324,25.0,6951.857596816029,235
26,1.0604156285362314,3.727339715146004,-0.5501517229891838,25.0,4.105299949645996,2.6998608112335205,25.0,6938.989731151902,235
27,1.0563010672328679,3.722134373126886,-0.5501424033417661,25.0,4.096228122711182,2.6998608112335205,25.0,6912.189799697953,234
28,0.9207907723651845,3.6873838013293696,-0.5501193559052897,25.0,3.99611759185791,2.6996986865997314,25.0,6025.6919331387035,204
29,1.0529932017633932,3.723227750589919,-0.5501600342758736,25.0,4.095742225646973,2.6996986865997314,25.0,6890.312041161989,233
30,1.0531478322693988,3.7234078159659716,-0.5501098346300903,25.0,4.097200393676758,2.6998608112335205,25.0,6891.951856577187,233
31,1.0552869647602476,3.7249484622580376,-0.5501508623616308,25.0,4.097362518310547,2.6996986865997314,25.0,6905.422711066436,234
32,1.0597349615095786,3.7342743254722435,-0.5501609117426771,25.0,4.104489803314209,2.6996986865997314,25.0,6934.416102949996,235
33,1.0576028979447916,3.7307683932475553,-0.5501300993128719,25.0,4.106109619140625,2.6998608112335205,25.0,6920.848992090148,234
34,1.0531710013160671,3.7240717697552856,-0.5501206468614898,25.0,4.09687614440918,2.6996986865997314,25.0,6891.981806697091,233
35,1.0529794278524196,3.7244041037661835,-0.5501268252794324,25.0,4.097200393676758,2.6998608112335205,25.0,6890.638411322376,233
36,1.052306486094034,3.7230796629778817,-0.5501160130480328,25.0,4.097524166107178,2.6996986865997314,25.0,6886.3723006268265,233
37,1.055637432365713,3.7291214669871535,-0.550129330311066,25.0,4.100602149963379,2.6998608112335205,25.0,6908.006269724807,234
38,1.0571501879203908,3.7335464770977316,-0.5501577833778838,25.0,4.102869987487793,2.6998608112335205,25.0,6917.555870567448,234
39,1.050950518239408,3.7243780411522964,-0.5501002540876125,25.0,4.097038269042969,2.6998608112335205,25.0,6877.683514442178,232
40,1.0510101884055345,3.721682924057793,-0.5500905270740198,25.0,4.097686290740967,2.6995368003845215,25.0,6878.199676331948,233
41,1.0507578770054862,3.72553642042752,-0.550067677580077,25.0,4.097362518310547,2.6998608112335205,25.0,6876.84125190624,232
42,1.051040780193211,3.722564492614484,-0.5501221914659754,25.0,4.095904350280762,2.6998608112335205,25.0,6878.015277339029,233
43,1.0544665682600263,3.7337453856488665,-0.5501198745592469,25.0,4.102059841156006,2.6998608112335205,25.0,6900.460783150396,233
44,1.0553028054132325,3.7316261051047563,-0.5501424033417661,25.0,4.103841781616211,2.6996986865997314,25.0,6905.664009241387,234
45,1.0555132609140838,3.7328188979727592,-0.5501493243580191,25.0,4.104166030883789,2.6998608112335205,25.0,6906.948522759136,234
46,1.0560563126407976,3.734703260609227,-0.5501600903833014,25.0,4.104651927947998,2.6996986865997314,25.0,6910.356222871342,234
47,1.0565004364067507,3.7364124874783378,-0.5501447103471837,25.0,4.105623722076416,2.6996986865997314,25.0,6913.452119122958,234
48,1.0566130826170665,3.7366942269170385,-0.5501516313634367,25.0,4.106109619140625,2.6998608112335205,25.0,6914.1087165958015,234
49,1.0567975743147344,3.7373588115741043,-0.5501647043941368,25.0,4.106271743774414,2.6996986865997314,25.0,6915.156843830715,234
50,1.0564334916006648,3.7369122973874083,-0.5501693184049721,25.0,4.106109619140625,2.6995368003845215,25.0,6912.719130077632,234
51,1.0570424091675927,3.738863117674477,-0.5501524003652426,25.0,4.107081890106201,2.6996986865997314,25.0,6916.906755052973,234
52,1.05664070519417,3.7381348558980174,-0.5501539383688544,25.0,4.106919765472412,2.6996986865997314,25.0,6914.283818032127,234
53,1.057225148873918,3.7397021635984764,-0.5501716254103897,25.0,4.10724401473999,2.6998608112335205,25.0,6917.8485640451545,234
54,1.057397779416735,3.740455345210866,-0.5501716254103897,25.0,4.107729911804199,2.6996986865997314,25.0,6919.006206186372,234
55,1.0537393232664685,3.73448373319765,-0.5501507666489597,25.0,4.10789155960083,2.6998608112335205,25.0,6895.30492914014,233
56,1.0485581320087052,3.7265621310678023,-0.5501219717593029,25.0,4.099306106567383,2.6998608112335205,25.0,6861.751420388115,232
57,1.0484859718343753,3.727386759272937,-0.550098702825349,25.0,4.10011625289917,2.6996986865997314,25.0,6861.59646698134,232
58,1.0470043739561832,3.7236295249955407,-0.550102580981008,25.0,4.098820209503174,2.6998608112335205,25.0,6851.844708433375,232
59,1.0514140405451595,3.7323257114754216,-0.5501499943467169,25.0,4.102546215057373,2.6996986865997314,25.0,6880.107340804534,233
60,1.052675786133427,3.735894383279039,-0.5501523112534453,25.0,4.104814052581787,2.6998608112335205,25.0,6888.3426841128385,233
61,1.0464507013508613,3.722999713544188,-0.550102580981008,25.0,4.099792003631592,2.6996986865997314,25.0,6848.220183717785,232
62,1.0455952994121978,3.726571936628003,-0.5501162972285117,25.0,4.098010063171387,2.6998608112335205,25.0,6842.4554004090605,231
63,1.0452429202545588,3.7263131802216236,-0.5501318770053583,25.0,4.097848415374756,2.6998608112335205,25.0,6839.955924164853,231
64,1.0448632232898214,3.7252774217944125,-0.5501186341950388,25.0,4.096390247344971,2.6998608112335205,25.0,6837.627561563859,231
65,1.0486535885250525,3.73262983046729,-0.5501336062262798,25.0,4.102221965789795,2.6998608112335205,25.0,6862.260918964981,232
66,1.0462590441434778,3.7305354783029268,-0.5501326559942006,25.0,4.103194236755371,2.6998608112335205,25.0,6846.598841303261,231
67,1.0418579525862748,3.724259723787722,-0.5501191794872284,25.0,4.095742225646973,2.6995368003845215,25.0,6817.968962054001,230
68,1.041240897152029,3.7228912488273953,-0.550109008602474,25.0,4.095580577850342,2.6998608112335205,25.0,6814.031907088589,230
69,1.0402951726767413,3.720999462708183,-0.550087884457215,25.0,4.095418453216553,2.6998608112335205,25.0,6808.125330029521,230
70,1.0444063796666496,3.7292872259627172,-0.5501295400388313,25.0,4.099143981933594,2.6996986865997314,25.0,6834.507713892963,231
71,1.046011159877219,3.729507999173526,-0.5501320549640162,25.0,4.101573944091797,2.6996986865997314,25.0,6844.964004273992,232
72,1.0400208962759416,3.7218256400979084,-0.5500933610874673,25.0,4.096714496612549,2.6996986865997314,25.0,6806.266227368731,230
73,1.0396332714025407,3.722102423336195,-0.550092578711717,25.0,4.095742225646973,2.6998608112335205,25.0,6803.72065426968,230
74,1.0391277816720732,3.721730539073115,-0.550087884457215,25.0,4.096228122711182,2.6996986865997314,25.0,6800.4697934773285,230
75,1.0392725134137817,3.721223445560621,-0.550080843075462,25.0,4.095418453216553,2.6996986865997314,25.0,6801.532704420621,230
76,1.0429173929755877,3.728847548043057,-0.550128761049989,25.0,4.10011625289917,2.6995368003845215,25.0,6824.774503790308,231
77,1.0410533523670056,3.729043393549712,-0.5501262208689814,25.0,4.101573944091797,2.6998608112335205,25.0,6812.5993361759465,230
78,1.0364084062285235,3.7208605676759277,-0.5500859404755472,25.0,4.093960285186768,2.6995368003845215,25.0,6782.718666678527,229
79,1.0464713071921303,3.719646070537896,-0.5501142154479849,25.0,4.093798637390137,2.6998608112335205,25.0,6848.221536545083,232
80,1.0492379323615326,3.729186116621412,-0.5501305037017526,25.0,4.099630355834961,2.6998608112335205,25.0,6866.085450107697,232
81,1.0491277193057518,3.730734112961539,-0.5501312793328844,25.0,4.101573944091797,2.6996986865997314,25.0,6865.399536385667,232
82,1.0488167203380536,3.7313290145890465,-0.5501312793328844,25.0,4.101736068725586,2.6996986865997314,25.0,6863.353617013665,232
83,1.0493151712830442,3.7338308013718704,-0.5501413625375978,25.0,4.102707862854004,2.6998608112335205,25.0,6866.479736942565,232
84,1.0488474709004088,3.733976046586859,-0.5501460163243885,25.0,4.103194236755371,2.6998608112335205,25.0,6863.356286021648,232
85,1.0485647508633575,3.7337393380444626,-0.550144465062125,25.0,4.103841781616211,2.6996986865997314,25.0,6861.544629531447,232
86,1.048038219739003,3.7333825508068346,-0.5501398112753342,25.0,4.10368013381958,2.6996986865997314,25.0,6858.138867613627,232
87,1.047777149395861,3.7334851776731424,-0.5501638558404199,25.0,4.10368013381958,2.6995368003845215,25.0,6856.123657755787,232
88,0.9215316743784281,3.700562281935823,-0.5501511111563328,25.0,4.0069708824157715,2.6998608112335205,25.0,6030.1824833145365,204
89,1.047578105204952,3.7339194797236344,-0.5501514457423111,25.0,4.104489803314209,2.6996986865997314,25.0,6854.984662926756,232
90,1.0474054867364373,3.734177126966674,-0.5501359331196752,25.0,4.104651927947998,2.6996986865997314,25.0,6854.063517589122,232
91,1.0473519316623008,3.7343586816869934,-0.5501568751602337,25.0,4.104814052581787,2.6996986865997314,25.0,6853.439193596365,232
92,1.0444401464676825,3.7332220191047307,-0.5501201921727235,25.0,4.104651927947998,2.6998608112335205,25.0,6834.839706579223,231
93,1.0381952799209833,3.7212748579356982,-0.5500683250634567,25.0,4.097200393676758,2.6996986865997314,25.0,6794.626152401324,230
94,1.03711733325152,3.7236986129044447,-0.5501055852815053,25.0,4.096714496612549,2.6998608112335205,25.0,6787.110969678266,229
95,1.0356817558171425,3.7213932364268074,-0.5501142289961269,25.0,4.095418453216553,2.6998608112335205,25.0,6777.610157118412,229
96,1.0388912641095565,3.7272629095160443,-0.5501176147357277,25.0,4.097686290740967,2.6998608112335205,25.0,6798.554253432201,230
97,1.0411923790514837,3.7328523252321326,-0.5501270032447317,25.0,4.101736068725586,2.6998608112335205,25.0,6813.511048893444,230
98,1.0352648436618268,3.7220164480167703,-0.5501346595943234,25.0,4.097038269042969,2.6998608112335205,25.0,6774.62722989195,229
99,1.0338403675223913,3.7199225842171884,-0.5500961557746454,25.0,4.094932556152344,2.6998608112335205,25.0,6765.783011342399,229
100,1.0328385078483873,3.722262225652996,-0.5501013426927098,25.0,4.095418453216553,2.6998608112335205,25.0,6759.172780694673,228
101,0.8949101078516493,3.6850036816163496,-0.5501013666090339,25.0,3.990933895111084,2.6996986865997314,25.0,5856.500359063037,198
102,1.0368156391410825,3.7298111405435086,-0.5501236585029868,25.0,4.099143981933594,2.6996986865997314,25.0,6784.899198603816,229
103,1.0382857424343532,3.729485015247179,-0.55014656263849,25.0,4.100925922393799,2.6996986865997314,25.0,6794.245202098973,230
104,0.8951710847993297,3.6856688297156133,-0.5501077283512462,25.0,3.99239182472229,2.6998608112335205,25.0,5858.156267696759,198
105,1.0308586485902935,3.7204639880280745,-0.5501013426927098,25.0,4.094446659088135,2.6998608112335205,25.0,6746.204426506767,228
106,1.029638431691096,3.717402487470393,-0.55007845477054,25.0,4.094446659088135,2.6998608112335205,25.0,6738.500433745794,228
107,1.0288243852694552,3.7206597538246458,-0.5500827938449541,25.0,4.093960285186768,2.6998608112335205,25.0,6733.110075414414,227
108,1.0341002095186056,3.727297087423666,-0.5501307306331318,25.0,4.098982334136963,2.6998608112335205,25.0,6767.0556497804355,229
109,1.0334159870265114,3.7272956818992915,-0.5501165863728419,25.0,4.100764274597168,2.6996986865997314,25.0,6762.727588398848,229
110,1.0273680089333632,3.719277473273256,-0.5500677322501127,25.0,4.093798637390137,2.6998608112335205,25.0,6723.76643319265,227
111,1.0279507856320955,3.721828666552573,-0.5501129170346365,25.0,4.094770431518555,2.6998608112335205,25.0,6727.0172404355835,227
112,1.0267699491675892,3.7200389065931545,-0.5500788302673643,25.0,4.094284534454346,2.6996986865997314,25.0,6719.720238537993,227
113,1.0275473104286315,3.723325118094289,-0.5501057825949749,25.0,4.092502593994141,2.6996986865997314,25.0,6724.47361119953,227
114,1.0311652004020484,3.7284001394322046,-0.5501116027957514,25.0,4.099143981933594,2.6998608112335205,25.0,6748.070707652951,228
115,1.0264185669569332,3.720443524978234,-0.5500851719915079,25.0,4.096390247344971,2.6996986865997314,25.0,6717.345513520762,227
116,1.02445429835165,3.7168875601848317,-0.550083586560472,25.0,4.093312740325928,2.6998608112335205,25.0,6704.516804871382,227
117,1.023635121277149,3.7203218325049474,-0.5500855788720392,25.0,4.093474388122559,2.6998608112335205,25.0,6699.110278089065,226
118,1.0224380191363875,3.717517809530275,-0.5500680619636468,25.0,4.093150615692139,2.6996986865997314,25.0,6691.484653845895,226
119,1.0272766388729706,3.7269966948925135,-0.5501192587587802,25.0,4.097200393676758,2.6998608112335205,25.0,6722.537127523683,227
120,1.0282808235446415,3.725497095208419,-0.5501281768083572,25.0,4.098820209503174,2.6998608112335205,25.0,6728.991977599682,228
121,1.028761377625663,3.727067964118824,-0.550115548989229,25.0,4.099954128265381,2.6998608112335205,25.0,6732.273973697331,228
122,1.029063461200959,3.7279710142236007,-0.5501226521374887,25.0,4.10044002532959,2.6995368003845215,25.0,6734.181506476365,228
123,1.0304191132305294,3.7313550637479413,-0.5501392261500944,25.0,4.101736068725586,2.6998608112335205,25.0,6742.886406719685,228
124,1.0306161174178001,3.7323547340275947,-0.5501455400596585,25.0,4.101898193359375,2.6998608112335205,25.0,6744.059000038775,228
125,1.0308337388303157,3.733242845326139,-0.5501250198535752,25.0,4.102869987487793,2.6998608112335205,25.0,6745.731929920148,228
126,1.0309238107166727,3.7335206385244404,-0.5501471185370496,25.0,4.102869987487793,2.6996986865997314,25.0,6746.0607444848865,228
127,1.0311155947704091,3.7340428557312277,-0.550144750820963,25.0,4.103032112121582,2.6998608112335205,25.0,6747.358320740517,228
128,1.0311414517864703,3.7346936642077933,-0.5501621140722643,25.0,4.103194236755371,2.6998608112335205,25.0,6747.3123016091995,228
129,1.0414165374712967,3.7234730108924534,-0.5500871020814647,25.0,4.098496437072754,2.6998608112335205,25.0,6815.469523022883,230
130,1.0384290555314721,3.7227011976283713,-0.5501055852815053,25.0,4.097200393676758,2.6996986865997314,25.0,6795.6880988129415,229
131,1.0423805270741322,3.7261560954056776,-0.5501201921727235,25.0,4.100602149963379,2.6998608112335205,25.0,6821.368711158866,231
132,1.0430866062886945,3.7295137473515103,-0.5501326559942006,25.0,4.102546215057373,2.6998608112335205,25.0,6825.82520818687,231
133,1.0352067491586694,3.720854203253334,-0.550102442112552,25.0,4.097848415374756,2.6995368003845215,25.0,6774.642850908684,229
134,1.034650714673032,3.7214045535008458,-0.550100084735837,25.0,4.097524166107178,2.6998608112335205,25.0,6771.033296669368,229
135,1.0330309483788644,3.7237983011362847,-0.5500871363961906,25.0,4.097038269042969,2.6998608112335205,25.0,6760.580549332313,228
136,1.033088874130808,3.7250665311227764,-0.550080033247931,25.0,4.096228122711182,2.6996986865997314,25.0,6761.067086253781,228
137,1.037103744860608,3.7324015917215805,-0.5501016563203137,25.0,4.102059841156006,2.6996986865997314,25.0,6787.059744885657,229
138,1.034357342434527,3.727094776245184,-0.5500969415668837,25.0,4.102546215057373,2.6998608112335205,25.0,6769.15263489075,229
139,1.0289230274659518,3.724256405221208,-0.5500970627242773,25.0,4.095904350280762,2.6995368003845215,25.0,6733.580584319774,227
140,1.027715840503911,3.7225672663045875,-0.5500598050949332,25.0,4.096714496612549,2.6996986865997314,25.0,6726.143362937029,227
141,1.0254366711535705,3.718253424514233,-0.5500994408708312,25.0,4.095580577850342,2.6996986865997314,25.0,6710.751947099343,227
142,1.02715116453575,3.7259162774695174,-0.5501295640605137,25.0,4.097686290740967,2.6998608112335205,25.0,6721.585012757219,227
143,1.0221093960825476,3.7171737493666925,-0.5500935411031267,25.0,4.093798637390137,2.6996986865997314,25.0,6689.032644276973,226
144,1.0206596498258302,3.714406273006338,-0.5501500729438478,25.0,4.0928263664245605,2.6998608112335205,25.0,6678.860366823617,226
145,1.0210869397172753,3.717463327720102,-0.550089559987583,25.0,4.093960285186768,2.6998608112335205,25.0,6682.376780262683,226
146,1.0194511788538398,3.719489178127713,-0.5500659953223335,25.0,4.093636512756348,2.6998608112335205,25.0,6671.9558050208725,225
147,1.0180140125395716,3.716281730863783,-0.5500651955604553,25.0,4.092340469360352,2.6998608112335205,25.0,6662.579255783465,225
148,1.0232762765353587,3.726881057815214,-0.5500991146648879,25.0,4.097524166107178,2.6996986865997314,25.0,6696.60133964289,226
149,1.0242802142748224,3.7252240643102166,-0.5501121243191186,25.0,4.098820209503174,2.6998608112335205,25.0,6703.02474889392,227
150,1.0245027443202228,3.72627094453652,-0.5501152951811904,25.0,4.099630355834961,2.6998608112335205,25.0,6704.416453276761,227
151,1.0245328852419513,3.7270345183721196,-0.5501168806122263,25.0,4.10011625289917,2.6995368003845215,25.0,6704.605072649661,227
152,1.0246965449316119,3.7279736386521796,-0.5501200514742981,25.0,4.100602149963379,2.6996986865997314,25.0,6705.635482111014,227
153,1.026792891408924,3.730153033386768,-0.5501438329398369,25.0,4.102059841156006,2.6996986865997314,25.0,6719.062489014119,227
154,1.02810338813476,3.72808752875579,-0.5501518539692226,25.0,4.101736068725586,2.6998608112335205,25.0,6727.551783079281,228
155,1.028734710885195,3.729163220054225,-0.55014001538879,25.0,4.102707862854004,2.6998608112335205,25.0,6731.8187000518665,228
156,1.0237737834916583,3.7269577547512225,-0.5501468880514128,25.0,4.099306106567383,2.6996986865997314,25.0,6699.279363560956,226
157,1.023920843512414,3.7239895119015864,-0.5501271859139598,25.0,4.098820209503174,2.6998608112335205,25.0,6700.483165280893,227
158,1.0259975111425055,3.7296991768387446,-0.5501501746639806,25.0,4.101412296295166,2.6996986865997314,25.0,6713.782454564702,227
159,1.0260283567475512,3.730294344183632,-0.5501533455260524,25.0,4.102221965789795,2.6998608112335205,25.0,6713.954933553468,227
160,1.0276276529520352,3.7344047792157413,-0.550163650827786,25.0,4.10368013381958,2.6998608112335205,25.0,6724.291106197983,227
161,1.0268627738499736,3.734444745311653,-0.5501707852674476,25.0,4.10400390625,2.6995368003845215,25.0,6719.1975852935575,227
162,1.0224602788582993,3.7289382124369124,-0.5501357409278903,25.0,4.101088047027588,2.6998608112335205,25.0,6690.812207730953,226
163,1.022883370281015,3.7308168801586183,-0.5501293711430204,25.0,4.101412296295166,2.6998608112335205,25.0,6693.6580917630345,226
164,1.0230462156470996,3.731639743906207,-0.5501580351749352,25.0,4.102221965789795,2.6996986865997314,25.0,6694.377895025536,226
165,0.89174968577949,3.690970372672033,-0.5501586222889447,25.0,4.000167369842529,2.6998608112335205,25.0,5835.2164201042615,198
166,1.0242066759431632,3.7311050072640572,-0.550162858112268,25.0,4.103518009185791,2.6996986865997314,25.0,6701.918453882914,227
167,1.0220447099395116,3.7320827045271883,-0.5501365371509991,25.0,4.104166030883789,2.6998608112335205,25.0,6688.0863633798435,226
168,1.0188826736843413,3.729582329856025,-0.5501155805587769,25.0,4.10044002532959,2.6998608112335205,25.0,6667.64204105176,225
169,1.018545248288524,3.7295873726738824,-0.5501531693670485,25.0,4.100602149963379,2.6998608112335205,25.0,6664.9866469274275,225
170,1.017650587103762,3.7289034048716228,-0.5501211788919237,25.0,4.100764274597168,2.6998608112335205,25.0,6659.501725474838,225
171,1.0182541885088632,3.730932980643378,-0.5501387736532424,25.0,4.100278377532959,2.6998608112335205,25.0,6663.259415565059,225
172,1.019882546921492,3.730532319144865,-0.5501389258203253,25.0,4.102707862854004,2.6998608112335205,25.0,6673.919273711741,226
173,1.0162000172067938,3.727549158732096,-0.5501347748438518,25.0,4.101250171661377,2.6996986865997314,25.0,6649.861861598678,225
174,1.015390231760409,3.7266528087192112,-0.5501347748438518,25.0,4.100278377532959,2.6998608112335205,25.0,6644.58026131941,225
175,1.0154788358634506,3.7272856521606443,-0.5501323755582174,25.0,4.101250171661377,2.6998608112335205,25.0,6645.174677128438,225
176,1.0141396621365055,3.729931364102023,-0.5501346034663064,25.0,4.100925922393799,2.6998608112335205,25.0,6636.379057303071,224
177,1.017247506359201,3.7328300836351183,-0.5501547688908047,25.0,4.103032112121582,2.6996986865997314,25.0,6656.481425048783,225
178,1.0177984697852651,3.734546480178833,-0.5501803612709045,25.0,4.103841781616211,2.6998608112335205,25.0,6659.764862252865,225
179,1.0180705617269863,3.7354637018839516,-0.5501723636521233,25.0,4.104651927947998,2.6998608112335205,25.0,6661.641246323008,225
180,1.0180772642374505,3.7358035299513075,-0.5501867593659295,25.0,4.104651927947998,2.6998608112335205,25.0,6661.532719822135,225
181,1.018783307303827,3.7377870146433514,-0.5501787617471483,25.0,4.105137825012207,2.6995368003845215,25.0,6666.237821775954,225
182,1.0190484268495035,3.7342065287902293,-0.5501938652148289,25.0,4.106109619140625,2.6998608112335205,25.0,6667.785992736928,226
183,1.0189107542540585,3.7341871662477475,-0.5501731634140015,25.0,4.106271743774414,2.6996986865997314,25.0,6667.1462712707,226
184,1.0188250606846985,3.7388252184126114,-0.5501867593659295,25.0,4.106271743774414,2.6998608112335205,25.0,6666.412501869723,225
185,1.0184130274975245,3.738560988108317,-0.5501915579371982,25.0,4.106271743774414,2.6998608112335205,25.0,6663.647400363348,225
186,1.0180875163792398,3.7383248403337266,-0.5501795615090265,25.0,4.106271743774414,2.6998608112335205,25.0,6661.662641027011,225
187,1.0178266721079965,3.7381268416510687,-0.5501787617471483,25.0,4.106433868408203,2.6998608112335205,25.0,6659.991768778767,225
188,1.017630838149795,3.7379526223076716,-0.5501963565084669,25.0,4.106595993041992,2.6998608112335205,25.0,6658.477130658925,225
189,1.0171962972076354,3.7377020772298177,-0.5501915579371982,25.0,4.106595993041992,2.6998608112335205,25.0,6655.696161461063,225
190,1.0110754553073769,3.7297968502555574,-0.550165130091565,25.0,4.104489803314209,2.6996986865997314,25.0,6615.976439528167,224
191,1.0082736426621333,3.729185905157183,-0.5502215794918248,25.0,4.101250171661377,2.6998608112335205,25.0,6596.955919696484,223
192,1.008335765732642,3.7302384868331018,-0.5502183517533032,25.0,4.101898193359375,2.6998608112335205,25.0,6597.380233321339,223
193,0.8811753142164632,3.69606424845182,-0.5502229947310228,25.0,4.002435207366943,2.6998608112335205,25.0,5765.374804854859,195
194,1.0073903357342038,3.7287573194289956,-0.5502328765766503,25.0,4.100764274597168,2.6996986865997314,25.0,6591.040563648567,223
195,1.0096841129927996,3.734986371523596,-0.5502377181844327,25.0,4.10368013381958,2.6998608112335205,25.0,6605.986497797538,223
196,1.0071212114000216,3.7305871681247593,-0.5502320696420199,25.0,4.104328155517578,2.6998608112335205,25.0,6589.292036731262,223
197,1.004476856956741,3.729927413098447,-0.5502290927075051,25.0,4.100764274597168,2.6998608112335205,25.0,6572.036209713668,222
198,1.0053023137796173,3.732752775286769,-0.5502704317505295,25.0,4.102059841156006,2.6996986865997314,25.0,6576.929811273236,222
199,0.8783200378982642,3.6935820383903306,-0.5502682120372088,25.0,4.002597332000732,2.6998608112335205,25.0,5746.2042211829685,195
200,1.0045310250406554,3.7313473836795703,-0.5502542203611082,25.0,4.101250171661377,2.6998608112335205,25.0,6572.09056160273,222
201,1.0069939227018967,3.73271703185522,-0.5502780649159521,25.0,4.10400390625,2.6998608112335205,25.0,6587.895072899293,223
202,1.0040650004286595,3.7322835771887153,-0.5502525992221661,25.0,4.104651927947998,2.6996986865997314,25.0,6569.043379569426,222
203,1.0166925203353636,3.7299747127956815,-0.5501851598421733,25.0,4.103518009185791,2.6998608112335205,25.0,6652.475272300653,225
204,1.0184754608861533,3.735981356302897,-0.5502131515079074,25.0,4.105462074279785,2.6998608112335205,25.0,6663.831721201539,225
205,1.0165987906863942,3.734836631351047,-0.5502443422211541,25.0,4.106109619140625,2.6996986865997314,25.0,6651.14606727846,225
206,1.0088116869035861,3.72915975074597,-0.5502078616031082,25.0,4.101898193359375,2.6996986865997314,25.0,6600.645689213183,223
207,1.0079723828093354,3.7293210179281875,-0.5502288419034983,25.0,4.102221965789795,2.6998608112335205,25.0,6594.897662685718,223
208,1.0069713292997995,3.7288117954014663,-0.5502248072303464,25.0,4.102221965789795,2.6996986865997314,25.0,6588.3976824563,223
209,1.0062654881738453,3.7273785715145915,-0.5502482083346277,25.0,4.100925922393799,2.6998608112335205,25.0,6583.494205107447,223
210,1.0084518308391965,3.734236693703006,-0.5502506291385189,25.0,4.104166030883789,2.6996986865997314,25.0,6597.769222369418,223
211,1.0046548248879228,3.7323937630868174,-0.5502404406801,25.0,4.104651927947998,2.6998608112335205,25.0,6573.057677398901,222
212,1.0003451850687681,3.728464914123397,-0.5502464447625622,25.0,4.100278377532959,2.6998608112335205,25.0,6544.786294581834,221
213,1.0004151447364908,3.730333312064814,-0.5502269030696126,25.0,4.100925922393799,2.6996986865997314,25.0,6545.4747489327565,221
214,0.9996645186508015,3.7297483817484585,-0.5502236461207878,25.0,4.102059841156006,2.6998608112335205,25.0,6540.600307513494,221
215,1.000964005255379,3.733220585870527,-0.5502464447625622,25.0,4.101250171661377,2.6998608112335205,25.0,6548.827635100577,221
216,1.0022024986044544,3.73198587937398,-0.5502485463748107,25.0,4.10368013381958,2.6996986865997314,25.0,6556.910232024733,222
217,1.0020647653925772,3.7320376699035234,-0.5502631366252899,25.0,4.104166030883789,2.6996986865997314,25.0,6555.849340255372,222
218,1.0018422284715631,3.7320004637176925,-0.5502582732084635,25.0,4.104166030883789,2.6996986865997314,25.0,6554.444176900201,222
219,1.0019223665509913,3.732854926908338,-0.5502720528894717,25.0,4.104651927947998,2.6998608112335205,25.0,6554.790081914049,222
220,1.0022170360361198,3.7341442999539076,-0.5502704317505295,25.0,4.105299949645996,2.6998608112335205,25.0,6556.729321246967,222
221,1.0012854012631247,3.7325594060055844,-0.5502663789031742,25.0,4.105137825012207,2.6998608112335205,25.0,6550.6982753882185,222
222,1.0008293049931138,3.7367103671596062,-0.550274128827574,25.0,4.105137825012207,2.6998608112335205,25.0,6547.604849993251,221
223,1.0001209961348043,3.7359282538901626,-0.5502838996740488,25.0,4.104814052581787,2.6996986865997314,25.0,6542.885562047362,221
224,0.999440257509733,3.7354092921606554,-0.5502749430647803,25.0,4.104975700378418,2.6996986865997314,25.0,6538.510964018758,221
225,0.9991392288523714,3.735220918828006,-0.5502692434043367,25.0,4.105299949645996,2.6998608112335205,25.0,6536.637396637816,221
226,0.9986603422357347,3.734861748250901,-0.5502659864555117,25.0,4.105299949645996,2.6998608112335205,25.0,6533.544336608611,221
227,0.9982466022595866,3.7346132686235247,-0.5502782000136052,25.0,4.105462074279785,2.6998608112335205,25.0,6530.685560676735,221
228,0.9973335951820526,3.7338941981889544,-0.5502765715391927,25.0,4.105623722076416,2.6998608112335205,25.0,6524.716732615605,221
229,0.9894911824772987,3.727310603067755,-0.5502454706522972,25.0,4.101250171661377,2.6996986865997314,25.0,6473.773844265845,219
230,0.9888423783034195,3.7273823550847025,-0.5502635474618711,25.0,4.100925922393799,2.6998608112335205,25.0,6469.32284420263,219
231,0.9875667576841877,3.730844418936913,-0.5502268171638524,25.0,4.101250171661377,2.6998608112335205,25.0,6461.416180326603,218
232,0.986439883830097,3.72774131035586,-0.5502292934907685,25.0,4.10011625289917,2.6996986865997314,25.0,6454.026011886541,218
233,0.9900557092547411,3.732539464349616,-0.5502594390960589,25.0,4.103355884552002,2.6998608112335205,25.0,6477.305236223619,219
234,0.9876890026476027,3.73470470992797,-0.5502730419329547,25.0,4.10400390625,2.6998608112335205,25.0,6461.66200858634,218
235,0.9819073320630106,3.7265665267469696,-0.5502287229085299,25.0,4.099630355834961,2.6998608112335205,25.0,6424.351716382895,217
236,0.9820133256797456,3.7284372687889134,-0.5501532615055137,25.0,4.099954128265381,2.6998608112335205,25.0,6425.931417480111,217
237,0.981782350925702,3.7288657531210903,-0.5501598954750097,25.0,4.100602149963379,2.6998608112335205,25.0,6424.3535889904015,217
238,0.982033515203897,3.72926587113587,-0.5501814558758714,25.0,4.099630355834961,2.6998608112335205,25.0,6425.749483518768,217
239,0.9850380966541243,3.7321284593792137,-0.5501855450485824,25.0,4.103194236755371,2.6998608112335205,25.0,6445.3542444221675,218
240,0.9827501150268511,3.7332902965457757,-0.5501723341678145,25.0,4.104166030883789,2.6998608112335205,25.0,6430.534143819939,217
241,0.9786833661604675,3.7295101284980774,-0.5501681649022632,25.0,4.099954128265381,2.6998608112335205,25.0,6403.978947574273,216
242,0.9788748255429566,3.7263246505491194,-0.5501657001983186,25.0,4.100764274597168,2.6998608112335205,25.0,6405.248531483114,217
243,0.9772209389463085,3.728745922998146,-0.5501731634140015,25.0,4.100602149963379,2.6998608112335205,25.0,6394.338473678101,216
244,0.9785071700910547,3.731666265814393,-0.5501590009640764,25.0,4.099630355834961,2.6995368003845215,25.0,6402.924289952498,216
245,0.9807908251230322,3.7320996044967583,-0.5501905775839283,25.0,4.103032112121582,2.6998608112335205,25.0,6417.493154108059,217
246,0.9772568932128355,3.7300943511503712,-0.5501764957551603,25.0,4.103518009185791,2.6998608112335205,25.0,6394.543790610973,216
247,0.9729415004528847,3.7267556534257045,-0.5501773482145265,25.0,4.098658084869385,2.6998608112335205,25.0,6366.289861579891,215
248,0.9736933309244753,3.729656437940376,-0.5501589350922164,25.0,4.100602149963379,2.6998608112335205,25.0,6371.435738839209,215
249,0.9649810134811095,3.7216649917369717,-0.5501283880130786,25.0,4.096066474914551,2.6998608112335205,25.0,6314.7530262758955,213
250,0.8263136193473335,3.682427450607383,-0.5501505471969563,25.0,3.9828343391418457,2.6998608112335205,25.0,5407.111425363459,183
251,0.9716882436944068,3.728278386315634,-0.5501714894937915,25.0,4.10044002532959,2.6996986865997314,25.0,6358.15874452237,215
252,0.9673790961342857,3.726115400546065,-0.5501470964088618,25.0,4.101412296295166,2.6996986865997314,25.0,6330.2453133016825,214
253,0.8308707950421439,3.677926428939985,-0.5501154632024143,25.0,3.9852640628814697,2.6998608112335205,25.0,5437.292914988473,184
254,0.9686388275046027,3.7158244046095374,-0.5501151433057874,25.0,4.09298849105835,2.6998608112335205,25.0,6338.859126765281,214
255,0.9756319522456213,3.7245746376337827,-0.5501565017082073,25.0,4.098496437072754,2.6998608112335205,25.0,6384.151774761733,216
256,0.9760831905380238,3.7275407292224743,-0.5501764957551603,25.0,4.10011625289917,2.6998608112335205,25.0,6386.858436756767,216
257,0.9756943017395499,3.7282854417959848,-0.5501689979875529,25.0,4.101412296295166,2.6998608112335205,25.0,6384.391999615356,216
258,0.9750078768737678,3.728098698236324,-0.5501340084053852,25.0,4.101250171661377,2.6998608112335205,25.0,6380.331789598335,216
259,0.976074255152398,3.731037794439881,-0.5501423392582823,25.0,4.102546215057373,2.6998608112335205,25.0,6387.196038097609,216
260,0.8532130694799405,3.696926776694242,-0.5501465046847308,25.0,4.003083229064941,2.6998608112335205,25.0,5583.186993771233,189
261,0.9746538770081649,3.7297688645345195,-0.550157334793497,25.0,4.103032112121582,2.6998608112335205,25.0,6377.728247431107,216
262,0.9732341824053813,3.732075764412104,-0.5501580981321113,25.0,4.102221965789795,2.6998608112335205,25.0,6368.430362616666,215
263,0.97242541072277,3.7311121086741603,-0.550137174129486,25.0,4.102546215057373,2.6998608112335205,25.0,6363.368030238431,215
264,0.9714068079608766,3.7298056169997813,-0.5501463806906411,25.0,4.102221965789795,2.6998608112335205,25.0,6356.602278382052,215
265,0.9710357633952789,3.7297717127689096,-0.5501522394113763,25.0,4.102384090423584,2.6996986865997314,25.0,6354.118835835252,215
266,0.9704206469285488,3.7293671164401743,-0.5501597720523214,25.0,4.102221965789795,2.6998608112335205,25.0,6350.025919335894,215
267,0.8480338883583223,3.69592643545029,-0.5501607203103126,25.0,4.002435207366943,2.6998608112335205,25.0,5549.141922519542,188
268,0.9693907101047218,3.7332929874134955,-0.550148778151129,25.0,4.102869987487793,2.6998608112335205,25.0,6343.402293087915,214
269,0.9567721660073387,3.7223402357779407,-0.5501040844555715,25.0,4.096390247344971,2.6998608112335205,25.0,6261.333148151636,211
270,0.9517002667476157,3.7180257944833666,-0.5501311759154002,25.0,4.0921783447265625,2.6998608112335205,25.0,6227.832114695106,210
271,0.9489695657217436,3.7141781137103127,-0.5501243208135878,25.0,4.091854572296143,2.6996986865997314,25.0,6210.03502015071,210
272,0.946397515100384,3.7153132429533597,-0.5501361409442846,25.0,4.091854572296143,2.6998608112335205,25.0,6193.065625666175,209
273,0.9529100757102211,3.7212730866472867,-0.5501518427478194,25.0,4.096066474914551,2.6998608112335205,25.0,6235.513879255857,211
274,0.9554633900536533,3.7267500845741885,-0.5502337141059587,25.0,4.098334312438965,2.6998608112335205,25.0,6251.283182596322,211
275,0.9455275486337731,3.7159968597466864,-0.5502325715630819,25.0,4.093474388122559,2.6996986865997314,25.0,6186.286065125838,209
276,0.9422421063299702,3.7153790994332385,-0.5501930613357288,25.0,4.090882778167725,2.6998608112335205,25.0,6165.238692753017,208
277,0.9409744863767326,3.7138261577257743,-0.5501428839678948,25.0,4.090396881103516,2.6998608112335205,25.0,6157.487932772376,208
278,0.9373085927533893,3.7125970511044857,-0.5501479535287129,25.0,4.0900726318359375,2.6998608112335205,25.0,6133.458558878861,207
279,0.9439688123558635,3.718587189770201,-0.5501671365003267,25.0,4.093636512756348,2.6995368003845215,25.0,6176.825070162304,209
280,0.9466080591937147,3.7246250615735943,-0.5501636925496554,25.0,4.09655237197876,2.6998608112335205,25.0,6194.156549961306,209
281,0.9367190542754378,3.713805323061736,-0.5501340446264847,25.0,4.091530799865723,2.6995368003845215,25.0,6129.785151199438,207
282,0.9333225641080473,3.7120275370125633,-0.5501286135715189,25.0,4.0895867347717285,2.6998608112335205,25.0,6107.596244728193,206
283,0.5641488999928573,3.826590724529759,-0.5501093114576032,25.0,4.08926248550415,3.6705143451690674,25.0,3691.8758027134463,124
284,0.9566518729334339,3.7182896871702367,-0.5502217745328967,25.0,4.094284534454346,2.6998608112335205,25.0,6259.188659463078,211
285,0.9508366843669281,3.7135532844634285,-0.5501903011685326,25.0,4.091368675231934,2.6998608112335205,25.0,6221.514353454113,210
286,0.9507720743540788,3.7132015364510673,-0.5501885873930795,25.0,4.089748859405518,2.6998608112335205,25.0,6221.1102252798155,210
287,0.9561115173416526,3.723158625064868,-0.5501970425601254,25.0,4.095742225646973,2.6998608112335205,25.0,6255.942827108316,211
288,0.9513610518733271,3.72098639692579,-0.5501868736176264,25.0,4.09687614440918,2.6998608112335205,25.0,6224.988147418015,210
289,0.9422241341668124,3.7103565828158307,-0.5501731634140015,25.0,4.0895867347717285,2.6996986865997314,25.0,6165.343207387254,208
290,0.9403459149990695,3.7097265273332596,-0.5501541306193058,25.0,4.089748859405518,2.6996986865997314,25.0,6153.266063584015,208
291,0.937590941414351,3.710139771014596,-0.5501453456095451,25.0,4.090396881103516,2.6998608112335205,25.0,6135.343981147744,207
292,0.9374470653473956,3.71083546721417,-0.5501557772862162,25.0,4.08926248550415,2.6998608112335205,25.0,6134.28420505859,207
293,0.9428201193721855,3.720673422400768,-0.5501852751924441,25.0,4.093474388122559,2.6998608112335205,25.0,6169.134721424431,208
294,0.9393785123207905,3.716454633153402,-0.5501662423977485,25.0,4.094932556152344,2.6998608112335205,25.0,6146.802235875279,208
295,0.7836683663110389,3.665214337151626,-0.5501421381687296,25.0,3.971008777618408,2.6998608112335205,25.0,5128.1296510938555,174
296,0.9295361826941715,3.711635798942752,-0.5501433186414765,25.0,4.0894246101379395,2.6998608112335205,25.0,6082.657089199871,205
297,0.9268487530814897,3.706651204969825,-0.5501204961683692,25.0,4.0912065505981445,2.6998608112335205,25.0,6065.3291264511645,205
298,0.9234773509843777,3.705915157701455,-0.5501167096343695,25.0,4.08926248550415,2.6998608112335205,25.0,6043.298190006055,204
299,0.9309496075241193,3.7146052504048765,-0.5501644281507696,25.0,4.091368675231934,2.6998608112335205,25.0,6091.663206735626,206
300,0.9327558328551364,3.7190568643866233,-0.5501766575192942,25.0,4.093312740325928,2.6998608112335205,25.0,6103.351593001746,206
301,0.9230170674112828,3.7085721364208295,-0.550150229066026,25.0,4.08926248550415,2.6996986865997314,25.0,6039.908316900954,204
302,0.9242032246456833,3.713537502522562,-0.5501405260726517,25.0,4.0900726318359375,2.6996986865997314,25.0,6047.784533657134,204
303,0.9230532758384935,3.7121732702442243,-0.5501511111563328,25.0,4.0900726318359375,2.6998608112335205,25.0,6040.144699012861,204
304,0.9212991123806118,3.7094710387435614,-0.5501449365241855,25.0,4.090882778167725,2.6996986865997314,25.0,6028.737989451736,204
305,0.9264774656097801,3.7165579726056355,-0.5501793079259919,25.0,4.09266471862793,2.6998608112335205,25.0,6062.243988180533,205
306,0.9271958780641075,3.718832978969667,-0.5501784301385647,25.0,4.093960285186768,2.6998608112335205,25.0,6066.9669739110395,205
307,0.9203205917826985,3.714857847232537,-0.5501421381687296,25.0,4.0916924476623535,2.6998608112335205,25.0,6022.362981969491,203
308,0.9194033338123692,3.714347122925256,-0.5501368195552544,25.0,4.0907206535339355,2.6998608112335205,25.0,6016.42573723942,203
309,0.9185605676915776,3.7133536280082367,-0.5501492296533631,25.0,4.090882778167725,2.6996986865997314,25.0,6010.771972286515,203
310,0.9160916077704084,3.7089359736794907,-0.5501483432177839,25.0,4.090234756469727,2.6998608112335205,25.0,5994.628390225582,203
311,0.9207525657154829,3.7150748313642015,-0.5501775738655352,25.0,4.092502593994141,2.6996986865997314,25.0,6024.79430316668,204
312,0.9218461285560942,3.7179644692177867,-0.5501599320594002,25.0,4.094284534454346,2.6998608112335205,25.0,6032.139707176946,204
313,0.9220219187690706,3.7186886738328373,-0.5501890410395229,25.0,4.094770431518555,2.6998608112335205,25.0,6032.9844074063,204
314,0.9218290189990083,3.7186052939471077,-0.5501758096849217,25.0,4.094770431518555,2.6998608112335205,25.0,6031.875451449305,204
315,0.9218842239516921,3.7190039204616174,-0.550185512678296,25.0,4.095094203948975,2.6998608112335205,25.0,6032.126063011587,204
316,0.9222213578673263,3.7202148834864297,-0.5501837484976825,25.0,4.095256328582764,2.6998608112335205,25.0,6034.345683709718,204
317,0.9226415452765142,3.7218133690310458,-0.550185512678296,25.0,4.096390247344971,2.6998608112335205,25.0,6037.065178039484,204
318,0.9224139617178931,3.7215584621709934,-0.5501705171430812,25.0,4.09655237197876,2.6998608112335205,25.0,6035.737710259855,204
319,0.9219070929718082,3.7209795912106833,-0.5501784559558419,25.0,4.096714496612549,2.6998608112335205,25.0,6032.347335580736,204
320,0.9213786421618178,3.7202140922639884,-0.550196097761977,25.0,4.096390247344971,2.6998608112335205,25.0,6028.706832431257,204
321,0.9204586968365112,3.7194001709713653,-0.5501908052201364,25.0,4.096228122711182,2.6996986865997314,25.0,6022.7380681131035,204
322,0.9184624977435449,3.7209927648159082,-0.5501669583649471,25.0,4.095418453216553,2.6998608112335205,25.0,6009.940116454847,203
323,0.9178108516541938,3.719848453117709,-0.5502369867757037,25.0,4.095742225646973,2.6998608112335205,25.0,6004.924218446948,203
324,0.916743499369627,3.7182141830181252,-0.5502458511314956,25.0,4.095418453216553,2.6998608112335205,25.0,5997.830820841715,203
325,0.9108809103510938,3.716948804570668,-0.5502483649040336,25.0,4.094932556152344,2.6998608112335205,25.0,5959.448728215881,201
326,0.9038994019583956,3.7079053282737733,-0.5502199494838714,25.0,4.0894246101379395,2.6998608112335205,25.0,5914.069584368728,200
327,0.9029391861274547,3.7084471976757047,-0.5501200792193413,25.0,4.0895867347717285,2.6998608112335205,25.0,5908.852495247498,200
328,0.9012823413630446,3.711292361494285,-0.5501252379848729,25.0,4.089910507202148,2.6998608112335205,25.0,5897.962140296586,199
329,0.9017661404945416,3.711495867925673,-0.5501605038666845,25.0,4.0894246101379395,2.6998608112335205,25.0,5900.760771407746,199
330,0.9064317722871679,3.7185838282108308,-0.550192057788372,25.0,4.09298849105835,2.6998608112335205,25.0,5930.938073290512,200
331,0.9031178810594934,3.714546182155609,-0.5501749628782272,25.0,4.093312740325928,2.6998608112335205,25.0,5909.437401674688,200
332,0.8969603134431122,3.710422462887234,-0.5501486252654683,25.0,4.0894246101379395,2.6998608112335205,25.0,5869.446188610978,198
333,0.8962962271270152,3.7100902892122365,-0.550144989984204,25.0,4.0895867347717285,2.6998608112335205,25.0,5865.133961778134,198
334,0.9262358103801236,3.715371883206251,-0.5501222517432236,25.0,4.094770431518555,2.6998608112335205,25.0,6061.285839333199,205
335,0.9196961993210735,3.714957588411904,-0.5501226365859873,25.0,4.092016696929932,2.6998608112335205,25.0,6018.489964649081,203
336,0.9203613751300534,3.7193840242959006,-0.5501492296533631,25.0,4.093150615692139,2.6998608112335205,25.0,6022.5430429223925,203
337,0.9182603426673279,3.717287720130582,-0.5501377059908336,25.0,4.093960285186768,2.6998608112335205,25.0,6008.919139183126,203
338,0.9076558992558031,3.707425147146728,-0.5501033334589717,25.0,4.089748859405518,2.6998608112335205,25.0,5939.897594828159,201
339,0.9044126876891596,3.7077360463142397,-0.5501218786835671,25.0,4.08926248550415,2.6998608112335205,25.0,5918.47546877712,200
340,0.9027242998541585,3.7077554869651794,-0.5501002851128578,25.0,4.0895867347717285,2.6998608112335205,25.0,5907.66457619518,200
341,0.8979315263425125,3.7089375305657435,-0.5500850078433451,25.0,4.089748859405518,2.6998608112335205,25.0,5876.459968037903,198
342,0.9007006030685872,3.7116269202687633,-0.550112578437556,25.0,4.0895867347717285,2.6998608112335205,25.0,5894.309936177917,199
343,0.9017547177773539,3.71495305114056,-0.5501270464916325,25.0,4.091368675231934,2.6998608112335205,25.0,5901.0299224648625,199
344,0.8946104199104583,3.7065682001788205,-0.5501186341950388,25.0,4.090234756469727,2.6998608112335205,25.0,5854.3678809264675,198
345,0.8924511368420915,3.708353036551306,-0.5501064827599501,25.0,4.0907206535339355,2.6998608112335205,25.0,5840.367571842857,197
346,0.8912202423281024,3.707242126997352,-0.5501000887246301,25.0,4.0895867347717285,2.6998608112335205,25.0,5832.384196555242,197
347,0.889618454662909,3.7051707681665564,-0.550118357396973,25.0,4.0895867347717285,2.6998608112335205,25.0,5821.709744201973,197
348,0.8904988203113605,3.7087173159352416,-0.550111963361653,25.0,4.08926248550415,2.6996986865997314,25.0,5827.544689471833,197
349,0.8921746629913911,3.7133180477897527,-0.5501073961935673,25.0,4.0912065505981445,2.6998608112335205,25.0,5838.562131660059,197
350,0.8925649997877096,3.7143894936227557,-0.5501137902288873,25.0,4.091854572296143,2.6998608112335205,25.0,5841.032166999765,197
351,0.8921746622824732,3.714160901035754,-0.5501256648659101,25.0,4.091530799865723,2.6998608112335205,25.0,5838.362979791127,197
352,0.8924560431346453,3.7150193700935636,-0.5501384529365501,25.0,4.0921783447265625,2.6998608112335205,25.0,5840.0649302257225,197
353,0.8921335858106616,3.715575243615862,-0.550137539502933,25.0,4.092502593994141,2.6993746757507324,25.0,5837.9720504544675,197
354,0.8919095127373424,3.715909908265632,-0.5501475872727215,25.0,4.09298849105835,2.6998608112335205,25.0,5836.394636661746,197
355,0.8918756593477486,3.716076023082443,-0.550150327573573,25.0,4.093798637390137,2.6998608112335205,25.0,5836.14550170023,197
356,0.8913198715505839,3.7153902211165066,-0.5501421066710186,25.0,4.093474388122559,2.6998608112335205,25.0,5832.599474613555,197
357,0.8913626956369322,3.715853998503709,-0.5501402798037843,25.0,4.093798637390137,2.6998608112335205,25.0,5832.897367664613,197
358,0.8911465082351162,3.7158737218924585,-0.55015124100719,25.0,4.093798637390137,2.6998608112335205,25.0,5831.3539890330285,197
359,0.890726501370576,3.7160184625441652,-0.5501466738391043,25.0,4.093960285186768,2.6996986865997314,25.0,5828.6648138975725,197
360,0.8906329260362643,3.716244571705155,-0.55014484697187,25.0,4.094608306884766,2.6998608112335205,25.0,5828.071416998282,197
361,0.8904813130427572,3.7160307889057296,-0.5502069604578357,25.0,4.094770431518555,2.6998608112335205,25.0,5826.416031211615,197
362,0.8896737117202089,3.714877928574073,-0.5502097007586871,25.0,4.094284534454346,2.6998608112335205,25.0,5821.103209670633,197
363,0.8734662954995437,3.7020045920357187,-0.5501647721300471,25.0,4.08926248550415,2.6998608112335205,25.0,5715.509573102929,193
364,0.8675688556486583,3.6959555546442666,-0.5501562934368849,25.0,4.0889387130737305,2.6998608112335205,25.0,5677.0218751672655,192
365,0.8652150871872614,3.6985542499582182,-0.5500883719059809,25.0,4.0891008377075195,2.6998608112335205,25.0,5662.319787958637,191
366,0.86195215702129,3.698586724933825,-0.5500576188689784,25.0,4.0891008377075195,2.6998608112335205,25.0,5641.288786340505,190
367,0.867229809266761,3.7015223329265914,-0.5500963112960259,25.0,4.08926248550415,2.6998608112335205,25.0,5675.41715228837,192
368,0.8700546580358308,3.7082441337406635,-0.5501234907036027,25.0,4.0894246101379395,2.6998608112335205,25.0,5693.625389249995,192
369,0.8644692872361792,3.70111728089018,-0.5501100408469195,25.0,4.0891008377075195,2.6996986865997314,25.0,5657.2271578442305,191
370,0.8623863667499978,3.698483000251011,-0.5501034459518512,25.0,4.08926248550415,2.6998608112335205,25.0,5643.648873870261,191
371,0.8626625077405465,3.700537154811839,-0.5500846033945134,25.0,4.08926248550415,2.6995368003845215,25.0,5645.66457648389,191
372,0.7107561273474771,3.659611784959141,-0.5501173572449745,25.0,3.964529275894165,2.6998608112335205,25.0,4651.232738610357,158
373,0.8603539553949124,3.703519804854142,-0.5500992906721015,25.0,4.090396881103516,2.6998608112335205,25.0,5630.399327354506,190
374,0.8652031477167892,3.7082169180765203,-0.5501166357419878,25.0,4.0894246101379395,2.6996986865997314,25.0,5661.954461799003,191
375,0.8665578897640118,3.7057973879079023,-0.5501263023664554,25.0,4.0894246101379395,2.6998608112335205,25.0,5670.720768081024,192
376,0.8597231139732582,3.702516289761192,-0.5501210736600977,25.0,4.0891008377075195,2.6998608112335205,25.0,5626.056787687354,190
377,0.8592808643880743,3.7025794016687494,-0.5500955023263631,25.0,4.08926248550415,2.6998608112335205,25.0,5623.416675117798,190
378,0.8595832592211456,3.7037747157247445,-0.5501002377585361,25.0,4.0894246101379395,2.6998608112335205,25.0,5625.339960879646,190
379,0.8583141739133695,3.701718276425412,-0.5500992906721015,25.0,4.08926248550415,2.6996986865997314,25.0,5617.0593826863915,190
380,0.8609078073550704,3.707850943113628,-0.5501277032651399,25.0,4.0894246101379395,2.6996986865997314,25.0,5633.736291098408,190
381,0.8615442655863192,3.709418853960539,-0.550137174129486,25.0,4.0894246101379395,2.6998608112335205,25.0,5637.800254882313,190
382,0.8553628579312552,3.702527915359174,-0.5501141333706164,25.0,4.08926248550415,2.6998608112335205,25.0,5597.576251089573,189
383,0.8530897395233759,3.697724744756386,-0.5500960435186114,25.0,4.090882778167725,2.6996986865997314,25.0,5582.900412054732,189
384,0.8596203467980483,3.7020473831578307,-0.5501163382279245,25.0,4.08926248550415,2.6998608112335205,25.0,5625.4319138061255,190
385,0.8563347633116392,3.7026281987548506,-0.5501188938579862,25.0,4.0891008377075195,2.6998608112335205,25.0,5603.900849431753,189
386,0.8604337248319265,3.7078748125779,-0.5501210736600977,25.0,4.0895867347717285,2.6998608112335205,25.0,5630.675108727999,190
387,0.8610061659064865,3.710048055648804,-0.5501087615364476,25.0,4.0895867347717285,2.6998608112335205,25.0,5634.567172015086,190
388,0.8568536613337733,3.7073456686009805,-0.5501322232226216,25.0,4.0894246101379395,2.6998608112335205,25.0,5607.156631573103,189
389,0.8553114469316143,3.7044966750674777,-0.5501446004897829,25.0,4.08926248550415,2.6998608112335205,25.0,5596.9345760867,189
390,0.8560200495717476,3.70780078570048,-0.5501188938579862,25.0,4.0894246101379395,2.6996986865997314,25.0,5601.845290436409,189
391,0.8554664726803135,3.707481940587362,-0.5501274627352518,25.0,4.0895867347717285,2.6998608112335205,25.0,5598.141809388995,189
392,0.709039016901528,3.6676130355543393,-0.5501307556583623,25.0,3.969388961791992,2.6995368003845215,25.0,4639.8802590388805,157
393,0.8576311292077003,3.7083420339383575,-0.5501513804260053,25.0,4.090882778167725,2.6996986865997314,25.0,5612.055170761421,190
394,0.8590479195621279,3.71074718048698,-0.5501352799566168,25.0,4.0916924476623535,2.6996986865997314,25.0,5621.478299833834,190
395,0.8594469515231165,3.7114607823522467,-0.5501438037345284,25.0,4.091854572296143,2.6998608112335205,25.0,5623.994783376344,190
396,0.8592469235125251,3.711432660253424,-0.5501362270430514,25.0,4.091854572296143,2.6998608112335205,25.0,5622.792430276051,190
397,0.8598446578370373,3.7123227633928,-0.5501835813647822,25.0,4.0921783447265625,2.6998608112335205,25.0,5626.199451031163,190
398,0.8598654240950677,3.7130278424212806,-0.5501551687717438,25.0,4.0921783447265625,2.6995368003845215,25.0,5626.622202416882,190
399,0.8598659321325361,3.713482289565237,-0.5501589571174822,25.0,4.09266471862793,2.6998608112335205,25.0,5626.577860903926,190
400,0.8599519561321967,3.7139716687955353,-0.5501608512903514,25.0,4.09298849105835,2.6998608112335205,25.0,5627.124684789218,190
401,0.8596896340038218,3.71383609897212,-0.5501665338089592,25.0,4.093150615692139,2.6998608112335205,25.0,5625.358365627006,190
402,0.8591369185763228,3.7132077430423935,-0.5501419095616592,25.0,4.09298849105835,2.6996986865997314,25.0,5621.999058416113,190
403,0.8588370678766643,3.712798500061035,-0.550157062944613,25.0,4.09298849105835,2.6998608112335205,25.0,5619.890161362477,190
404,0.8598352181839749,3.714875400693793,-0.5502100997849515,25.0,4.093312740325928,2.6998608112335205,25.0,5625.859806442633,190
405,0.8580094647367366,3.7127243380797537,-0.5502508245016399,25.0,4.093150615692139,2.6998608112335205,25.0,5613.500829468481,190
406,0.8576639894991342,3.7119757627186023,-0.5502404065508592,25.0,4.093150615692139,2.6998608112335205,25.0,5611.359760192223,190
407,0.855912896495175,3.715045838128953,-0.5502302892624386,25.0,4.093312740325928,2.6998608112335205,25.0,5599.9993365565315,189
408,0.8487258998623675,3.7063473234785365,-0.5502143213723568,25.0,4.090234756469727,2.6998608112335205,25.0,5553.146654235199,188
409,0.8468258158832693,3.708415267301753,-0.5501568046483126,25.0,4.08926248550415,2.6998608112335205,25.0,5541.28615107853,187
410,0.8453594840968889,3.70711847040105,-0.5501250493972697,25.0,4.0895867347717285,2.6998608112335205,25.0,5532.020844574086,187
411,0.8420570416223236,3.706981699953797,-0.5501035067342943,25.0,4.0895867347717285,2.6996986865997314,25.0,5510.613920711912,186
412,0.8464459415674102,3.711098957826747,-0.5501385213219546,25.0,4.091368675231934,2.6998608112335205,25.0,5538.981442471966,187
413,0.8482122177406987,3.709061541455857,-0.5501396627502239,25.0,4.091854572296143,2.6998608112335205,25.0,5550.530680265278,188
414,0.8438129999189155,3.705820815448455,-0.5501462195646316,25.0,4.0907206535339355,2.6998608112335205,25.0,5521.679471382871,187
415,0.839651005784352,3.703076494637356,-0.5501605865134988,25.0,4.0894246101379395,2.6998608112335205,25.0,5494.3028030358255,186
416,0.838367759203026,3.70880750578803,-0.5501760814640974,25.0,4.08926248550415,2.6998608112335205,25.0,5485.741874360479,185
417,0.8377985521008797,3.7072042181685165,-0.5501906717145765,25.0,4.08926248550415,2.6998608112335205,25.0,5481.881960530765,185
418,0.8392715093182205,3.7050787479646745,-0.5501838054067345,25.0,4.089748859405518,2.6998608112335205,25.0,5491.588899338618,186
419,0.844180666858708,3.7101720718138997,-0.5501991449830367,25.0,4.0928263664245605,2.6998608112335205,25.0,5523.563750385307,187
420,0.8429047418771842,3.714907107814666,-0.5501954148533523,25.0,4.09298849105835,2.6998608112335205,25.0,5515.236079696566,186
421,0.8367550197226452,3.706537864014909,-0.5501858082977501,25.0,4.0900726318359375,2.6998608112335205,25.0,5475.102071494795,185
422,0.835243125459761,3.7037752447901546,-0.5502023439149599,25.0,4.08926248550415,2.6998608112335205,25.0,5465.039798807353,185
423,0.8330874697581172,3.706449278022932,-0.5501868549896323,25.0,4.0894246101379395,2.6998608112335205,25.0,5451.0867951102555,184
424,0.831805998786162,3.7041593854841977,-0.550190766868384,25.0,4.0894246101379395,2.6998608112335205,25.0,5442.680014691316,184
425,0.8381421153088605,3.712250477558858,-0.550188726347846,25.0,4.091530799865723,2.6998608112335205,25.0,5484.1420465726405,185
426,0.8394222728444425,3.709410695619481,-0.5502099266616247,25.0,4.092340469360352,2.6998608112335205,25.0,5492.315129708499,186
427,0.833683288854947,3.709548250488613,-0.5501760973230653,25.0,4.090882778167725,2.6998608112335205,25.0,5455.0891143120825,184
428,0.8270261774611551,3.702910098873201,-0.550185946493201,25.0,4.08926248550415,2.6998608112335205,25.0,5411.43031933438,183
429,0.8860424198026587,3.7244427654207968,-0.5502851708811156,25.0,4.099468231201172,2.6998608112335205,25.0,5796.5405731210485,196
430,0.8601373847318057,3.7190283662394474,-0.550247983242336,25.0,4.097848415374756,2.6998608112335205,25.0,5627.442599589936,190
431,0.8282175470891424,3.69499376171925,-0.5501908630621238,25.0,4.0891008377075195,2.6998608112335205,25.0,5419.177519860677,183
432,0.830748709450801,3.706073811796845,-0.5502026628275387,25.0,4.0894246101379395,2.6998608112335205,25.0,5435.628829618916,183
433,0.8271369835075728,3.7027631548584483,-0.5501987295724003,25.0,4.0894246101379395,2.6998608112335205,25.0,5412.039181938395,183
434,0.8068121458360349,3.6915424084395507,-0.5501883274383759,25.0,4.0889387130737305,2.6998608112335205,25.0,5279.1497261160985,178
435,0.7865547071126466,3.6826909553108877,-0.5501721232612699,25.0,4.088290691375732,2.6998608112335205,25.0,5146.758533776738,173
436,0.7748812458771202,3.6742894886529935,-0.5501458031392237,25.0,4.088290691375732,2.6996986865997314,25.0,5070.603034733795,171
437,0.766785162963967,3.673277881723889,-0.5501316373164837,25.0,4.0891008377075195,2.6998608112335205,25.0,5017.760357994586,169
438,0.7602608091748815,3.669993539056378,-0.5501376051388814,25.0,4.087804794311523,2.6998608112335205,25.0,4975.011095877737,167
439,0.7705682749582489,3.681521278269151,-0.5501615198219524,25.0,4.0886149406433105,2.6998608112335205,25.0,5042.253037742339,170
440,0.7706370503288456,3.6845495770959293,-0.5501668123637928,25.0,4.0886149406433105,2.6996986865997314,25.0,5042.646605835296,170
441,0.7454727413419413,3.6686712910489336,-0.5501391491511973,25.0,4.0879669189453125,2.6998608112335205,25.0,4878.23140204791,164
442,0.7388741183213348,3.6629713883429216,-0.5501223809879981,25.0,4.087804794311523,2.6998608112335205,25.0,4835.200356408022,163
443,0.733652264398442,3.660530949816292,-0.5501553909278211,25.0,4.087804794311523,2.6998608112335205,25.0,4800.74759532325,162
444,0.7282280264463001,3.66462299823761,-0.5501506701111794,25.0,4.0879669189453125,2.6998608112335205,25.0,4765.279396023601,160
445,0.7291674762669539,3.660212373141176,-0.5501407507043448,25.0,4.087642669677734,2.6998608112335205,25.0,4771.515245094895,161
446,0.7391365199916116,3.674770949077021,-0.5501897229007416,25.0,4.088290691375732,2.6998608112335205,25.0,4836.314515884966,163
447,0.7416675625183814,3.6811064883975164,-0.5501698515166534,25.0,4.0900726318359375,2.6998608112335205,25.0,4853.052931230515,163
448,0.7189566737667461,3.6623543666887888,-0.550131024061879,25.0,4.088776588439941,2.6998608112335205,25.0,4704.7803078768775,158
449,0.7163300579336389,3.658380431464956,-0.5501333018646964,25.0,4.087642669677734,2.6996986865997314,25.0,4687.57739794068,158
450,0.7132358655218629,3.659598051362736,-0.5501376325917092,25.0,4.087642669677734,2.6998608112335205,25.0,4667.280738412403,157
451,0.5208480831685335,3.6024514313401848,-0.5501204204970392,25.0,3.940230369567871,2.6998608112335205,25.0,3408.442633289844,116
452,0.7017439219699733,3.6512050413316297,-0.550120920904221,25.0,4.0874810218811035,2.6998608112335205,25.0,4592.21919041127,155
453,0.6982181258848217,3.650862960072307,-0.5501147392508271,25.0,4.0874810218811035,2.6998608112335205,25.0,4569.203656040132,154
454,0.694970128300957,3.651441765766518,-0.5501178857547785,25.0,4.0874810218811035,2.6998608112335205,25.0,4547.922708184458,153
455,0.6921707863731418,3.652434251810375,-0.5501127866537947,25.0,4.0873188972473145,2.6998608112335205,25.0,4529.641783408821,152
456,0.6916804811699987,3.651114870058863,-0.550113970511838,25.0,4.0889387130737305,2.6998608112335205,25.0,4526.423180867918,152
457,0.6965579161468597,3.655963777716643,-0.5501261185976415,25.0,4.087642669677734,2.6998608112335205,25.0,4558.2514205621555,153
458,0.7072527427027715,3.6650337255918064,-0.5501616283869132,25.0,4.0900726318359375,2.6998608112335205,25.0,4627.940336521715,156
459,0.7077096267876737,3.666388840247423,-0.5501454793489896,25.0,4.087804794311523,2.6998608112335205,25.0,4631.049252355471,156
460,0.7074122576805153,3.6663036973048477,-0.5501374048300278,25.0,4.088128566741943,2.6998608112335205,25.0,4629.190135425888,156
461,0.7075122941931515,3.667424131662418,-0.5501673959004574,25.0,4.0879669189453125,2.6996986865997314,25.0,4629.58107340429,156
462,0.707907390139757,3.6690523502154226,-0.5501443258462808,25.0,4.0879669189453125,2.6998608112335205,25.0,4632.362531639636,156
463,0.7081635345460777,3.6701198434218383,-0.5501408653381543,25.0,4.089910507202148,2.6998608112335205,25.0,4634.065737724304,156
464,0.7080955886279144,3.6704812049865723,-0.5501547073706602,25.0,4.088290691375732,2.6998608112335205,25.0,4633.503265421838,156
465,0.7079260564918253,3.670384637820415,-0.5501443258462808,25.0,4.088290691375732,2.6998608112335205,25.0,4632.48774290923,156
466,0.7072817856439431,3.6690077017515135,-0.5501270233056484,25.0,4.0900726318359375,2.6998608112335205,25.0,4628.424998670816,156
467,0.7057005044092758,3.6657990156075893,-0.5501477863544073,25.0,4.0900726318359375,2.6996986865997314,25.0,4617.89384027198,156
468,0.7037014068871619,3.6681890718398558,-0.550165036801369,25.0,4.088128566741943,2.6998608112335205,25.0,4604.675138467923,155
469,0.7027177911399045,3.6666015517327093,-0.5502172793111494,25.0,4.087804794311523,2.6998608112335205,25.0,4597.7997463596985,155
470,0.7016968586566018,3.6649251984011744,-0.550230049702429,25.0,4.087804794311523,2.6998608112335205,25.0,4591.003077861853,155
471,0.70167045007661,3.665150942340974,-0.550230049702429,25.0,4.0879669189453125,2.6998608112335205,25.0,4590.831221275963,155
472,0.7026051987849007,3.667549464010423,-0.5502277278131055,25.0,4.0879669189453125,2.6998608112335205,25.0,4596.972150119953,155
473,0.7029163779373857,3.668258028645669,-0.5502346934810761,25.0,4.088128566741943,2.6996986865997314,25.0,4598.95624475088,155
474,0.7022307929398051,3.666949575178085,-0.5502532685956647,25.0,4.088290691375732,2.6998608112335205,25.0,4594.3155658356845,155
475,0.7013560700988221,3.665432063994869,-0.5502207621451347,25.0,4.088128566741943,2.6996986865997314,25.0,4588.862592773512,155
476,0.7010674958537728,3.664969099721601,-0.5502335325364144,25.0,4.087804794311523,2.6998608112335205,25.0,4586.862434802577,155
477,0.7007498337540212,3.6647391749966527,-0.5501882556946047,25.0,4.087804794311523,2.6998608112335205,25.0,4585.159337215126,155
478,0.5279418770483316,3.6103771197593817,-0.5502189125044871,25.0,3.9459002017974854,2.6996986865997314,25.0,3454.256182389334,118
479,0.7094723814060752,3.6763056348531675,-0.5501789309275456,25.0,4.0879669189453125,2.6996986865997314,25.0,4642.302827918902,156
480,0.7053836721386793,3.6703244004494104,-0.5501708564085838,25.0,4.0884528160095215,2.6998608112335205,25.0,4615.631145447493,156
481,0.699835476741635,3.670514438059423,-0.5501766688637919,25.0,4.0900726318359375,2.6998608112335205,25.0,4579.270092818886,154
482,0.6952959877075511,3.6686658313850953,-0.5501813962568645,25.0,4.088128566741943,2.6996986865997314,25.0,4549.53519899305,153
483,0.6926468204400991,3.663558319503186,-0.5501378798017315,25.0,4.088128566741943,2.6998608112335205,25.0,4532.550985004753,153
484,0.6893033123102812,3.664655017225366,-0.5501435669629198,25.0,4.0884528160095215,2.6998608112335205,25.0,4510.629787987098,152
485,0.6960794599383407,3.667235684085202,-0.5501392773993603,25.0,4.0884528160095215,2.6996986865997314,25.0,4555.00739858672,154
486,0.6955831620988129,3.672161876765731,-0.5501437604037764,25.0,4.088128566741943,2.6998608112335205,25.0,4551.726258873008,153
487,0.6957078296524231,3.673244998345967,-0.5501555216078665,25.0,4.088128566741943,2.6998608112335205,25.0,4552.445870953612,153
488,0.689795262483027,3.6673374850499,-0.5501483023950928,25.0,4.088128566741943,2.6998608112335205,25.0,4513.804623219185,152
489,0.6875086164635953,3.6629125460198053,-0.5501009480733621,25.0,4.0879669189453125,2.6998608112335205,25.0,4499.2420417405665,152
490,0.6854450825800423,3.666228618053411,-0.550090936240771,25.0,4.088128566741943,2.6998608112335205,25.0,4485.804862884805,151
491,0.681325586337888,3.665590976079305,-0.5501083827018738,25.0,4.0879669189453125,2.6998608112335205,25.0,4458.71137515828,150
492,0.6811427602853616,3.6656017764409383,-0.5501107819875082,25.0,4.0879669189453125,2.6998608112335205,25.0,4457.492596294731,150
493,0.6998158134661645,3.6724541617978,-0.5501801290819722,25.0,4.0884528160095215,2.6998608112335205,25.0,4579.113862358965,155
494,0.677302582066649,3.665003448524731,-0.550138140284775,25.0,4.0879669189453125,2.6998608112335205,25.0,4432.14591361396,149
495,0.6711091233959601,3.6592516335281164,-0.5501488463298695,25.0,4.0895867347717285,2.6998608112335205,25.0,4391.519734166563,148
496,0.665713904401134,3.6556740115288973,-0.5501450085315575,25.0,4.087804794311523,2.6998608112335205,25.0,4356.26803897135,147
497,0.6616125537833928,3.6542043179681856,-0.5501275605534854,25.0,4.087804794311523,2.6998608112335205,25.0,4329.552122216672,146
498,0.6606862615265433,3.6523835822327495,-0.550121398004767,25.0,4.087642669677734,2.6998608112335205,25.0,4323.552198191173,146
499,0.6574376707373818,3.65283612382823,-0.5501111129234577,25.0,4.0889387130737305,2.6998608112335205,25.0,4302.364829401486,145
500,0.6607217356372979,3.655366005962842,-0.550128793063229,25.0,4.0889387130737305,2.6998608112335205,25.0,4323.724579805508,146
501,0.6575370578374307,3.6560256793581205,-0.5501235230215664,25.0,4.087642669677734,2.6998608112335205,25.0,4302.912076048553,145
502,0.6555313738211626,3.654229267712297,-0.5501322100902426,25.0,4.087804794311523,2.6998608112335205,25.0,4289.725001114421,145
503,0.6428884573095786,3.649406463327542,-0.5501250087375372,25.0,4.0895867347717285,2.6998608112335205,25.0,4207.038410608657,142
504,0.6372376171421599,3.645390804777754,-0.5501336007253498,25.0,4.089910507202148,2.6998608112335205,25.0,4169.991971798241,141
505,0.6263472329302541,3.6424570187278418,-0.5501157891923103,25.0,4.0874810218811035,2.6996986865997314,25.0,4098.867711971514,138
506,0.6206084887956816,3.6379742239513537,-0.5501061760596115,25.0,4.087642669677734,2.6998608112335205,25.0,4061.383861073293,137
507,0.6189017422269134,3.6357027944857188,-0.5501245647451304,25.0,4.08926248550415,2.6996986865997314,25.0,4050.0718851974234,137
508,0.6206359335502363,3.6421812764049446,-0.550116683879908,25.0,4.088128566741943,2.6998608112335205,25.0,4061.478138960898,137
509,0.6179411409371391,3.6365588633683474,-0.5501153704023709,25.0,4.087642669677734,2.6996986865997314,25.0,4043.8711681850255,137
510,0.6070333539988441,3.636378941251271,-0.5501100478777244,25.0,4.088776588439941,2.6998608112335205,25.0,3972.526516839862,134
511,0.6006557341107736,3.6299154453707816,-0.5501041614023366,25.0,4.0873188972473145,2.6998608112335205,25.0,3930.8237528260797,133
512,0.5974019835621348,3.630756551569158,-0.5501050018902981,25.0,4.088128566741943,2.6998608112335205,25.0,3909.527147235349,132
513,0.5939782689970134,3.631458388030074,-0.550089371568374,25.0,4.087642669677734,2.6996986865997314,25.0,3887.2305174050853,131
514,0.5913043266673353,3.6268286322819367,-0.5501182179414589,25.0,4.0874810218811035,2.6998608112335205,25.0,3869.53010013327,131
515,0.5885584967246221,3.6289361696976883,-0.5500956480319683,25.0,4.0874810218811035,2.6998608112335205,25.0,3851.7156101288274,130
516,0.5908605130645521,3.628664957658025,-0.5501099761205775,25.0,4.0873188972473145,2.6998608112335205,25.0,3866.68416318018,131
517,0.5905705007535048,3.62827295929421,-0.5501127233942047,25.0,4.087642669677734,2.6998608112335205,25.0,3864.762293548323,131
518,0.5796966580118117,3.627360139042139,-0.5502167441882193,25.0,4.0874810218811035,2.6998608112335205,25.0,3792.888771003112,128
519,0.5773322002970697,3.623176185414195,-0.5501858158968389,25.0,4.0873188972473145,2.6998608112335205,25.0,3777.6390240769833,128
520,0.574470001569005,3.623878704281304,-0.5502071690371656,25.0,4.0874810218811035,2.6996986865997314,25.0,3758.7642406895757,127
521,0.5722598655579542,3.6257044739193387,-0.5502031544844309,25.0,4.0874810218811035,2.6998608112335205,25.0,3744.3114797994494,126
522,0.5697727906667097,3.620659593551878,-0.5502360018472823,25.0,4.0874810218811035,2.6998608112335205,25.0,3727.8295626882464,126
523,0.5669199829571665,3.6219338092803954,-0.5502033944129944,25.0,4.0894246101379395,2.6998608112335205,25.0,3709.3901381958276,125
524,0.5631648399013558,3.6213369196461094,-0.5501963823072372,25.0,4.0873188972473145,2.6998608112335205,25.0,3684.8593610739335,124
525,0.560366968354503,3.616939642736989,-0.5502007358497188,25.0,4.0894246101379395,2.6998608112335205,25.0,3666.5155618330464,124
526,0.556156091031994,3.6155202776435913,-0.5502155898063164,25.0,4.0873188972473145,2.6998608112335205,25.0,3638.875541956164,123
527,0.5524207874368169,3.615236798270804,-0.5501938130034775,25.0,4.0873188972473145,2.6998608112335205,25.0,3614.5779123622924,122
528,0.545682911291852,3.607940157582937,-0.5501687019324499,25.0,4.087156772613525,2.6998608112335205,25.0,3570.657964138314,121
529,0.5813970103389308,3.6290483474731445,-0.5501285255417343,25.0,4.088290691375732,2.6998608112335205,25.0,3804.6375965466723,129
530,0.5559713181113894,3.617568204073402,-0.5501234221264599,25.0,4.0895867347717285,2.6998608112335205,25.0,3638.2669193418697,123
531,0.5397603535526186,3.609808424941632,-0.5501353595437122,25.0,4.0874810218811035,2.6998608112335205,25.0,3532.112052105367,119
532,0.5270818918320018,3.598491852100079,-0.5501054912550837,25.0,4.0894246101379395,2.6998608112335205,25.0,3449.3322826931253,117
533,0.5193276241211923,3.597281563800314,-0.5501027495964713,25.0,4.0874810218811035,2.6998608112335205,25.0,3398.5988425938413,115
534,0.513233579158548,3.6013612177519674,-0.5500967259955617,25.0,4.0873188972473145,2.6998608112335205,25.0,3358.7555605275556,113
535,0.5094190116829795,3.593994191262574,-0.5501317598123466,25.0,4.0873188972473145,2.6998608112335205,25.0,3333.5843288498,113
536,0.5111531275432671,3.598350761211024,-0.5501222051350416,25.0,4.087642669677734,2.6998608112335205,25.0,3344.990656878799,113
537,0.5192955382043468,3.6068742835003396,-0.5501152676084767,25.0,4.087642669677734,2.6998608112335205,25.0,3398.3187528550625,115
538,0.5027931875556457,3.5980677153613114,-0.5501245292457374,25.0,4.0874810218811035,2.6995368003845215,25.0,3290.257206281647,111
539,0.49065314704168184,3.5846128201265945,-0.5501054771449587,25.0,4.0874810218811035,2.6998608112335205,25.0,3210.9301022924483,109
540,0.4829942271895685,3.584599838078579,-0.5501210294037222,25.0,4.0874810218811035,2.6998608112335205,25.0,3160.727549777366,107
541,0.47390823259302906,3.5791897387731644,-0.5501337465785798,25.0,4.087156772613525,2.6998608112335205,25.0,3101.181461999193,105
542,0.46425666813850136,3.5714950931882394,-0.5500980401502072,25.0,4.086994647979736,2.6996986865997314,25.0,3038.229339645244,103
543,0.4578912968461116,3.5734333496282598,-0.5500929892653286,25.0,4.086994647979736,2.6998608112335205,25.0,2996.605118448846,101
544,0.45486828719291045,3.565972108652096,-0.550089425969832,25.0,4.086994647979736,2.6998608112335205,25.0,2976.839976088144,101
545,0.4619119982310434,3.5781633433173683,-0.5500884827445535,25.0,4.088776588439941,2.6998608112335205,25.0,3022.9484219457954,102
546,0.4641189104947699,3.576670959157851,-0.550115510676671,25.0,4.086994647979736,2.6998608112335205,25.0,3037.2294915365055,103
547,0.4618898666722944,3.5780696354660333,-0.5501202379955965,25.0,4.0873188972473145,2.6998608112335205,25.0,3022.620626167394,102
548,0.45926178643920657,3.5761654540604235,-0.5500743692996455,25.0,4.0874810218811035,2.6998608112335205,25.0,3005.66780559998,102
549,0.4404278821020799,3.559338613432281,-0.5500574835709163,25.0,4.087156772613525,2.6998608112335205,25.0,2882.497435170226,98
550,0.43357399423415943,3.558315006395181,-0.5500569480160872,25.0,4.087156772613525,2.6998608112335205,25.0,2837.6543098511174,96
551,0.42905091192268646,3.555916462446514,-0.5500860314620168,25.0,4.0868330001831055,2.6998608112335205,25.0,2807.889377446845,95
552,0.42215787706509444,3.545096755027771,-0.5500449037298243,25.0,4.086994647979736,2.6998608112335205,25.0,2762.9841984147206,94
553,0.4171232851174464,3.5516566219537156,-0.5500675426877063,25.0,4.086994647979736,2.6998608112335205,25.0,2729.922002759762,92
554,0.4160693471140968,3.5490136975827427,-0.5500518951726996,25.0,4.0868330001831055,2.6998608112335205,25.0,2723.1095907902345,92
555,0.42725698861547284,3.5555361898321856,-0.5500765605976707,25.0,4.086994647979736,2.6996986865997314,25.0,2796.2025508787483,95
556,0.42387446350590174,3.5541803354912616,-0.5500640469662686,25.0,4.087156772613525,2.6998608112335205,25.0,2774.124725119211,94
557,0.4216292543691915,3.558566044735652,-0.5500512642245139,25.0,4.0873188972473145,2.6998608112335205,25.0,2759.49976662267,93
558,0.4156538363585564,3.5527905588564663,-0.550036247657693,25.0,4.086994647979736,2.6998608112335205,25.0,2720.4692741874605,92
559,0.4066355466511485,3.545084341367086,-0.5500751925839318,25.0,4.087156772613525,2.6998608112335205,25.0,2661.2512395028025,90
560,0.39777370994623046,3.536862156607888,-0.5500606968998909,25.0,4.0868330001831055,2.6998608112335205,25.0,2603.3302103634924,88
561,0.3936280032172675,3.5363481647666846,-0.5500573358316531,25.0,4.0868330001831055,2.6998608112335205,25.0,2576.20562485978,87
562,0.39112052706615325,3.530704501031459,-0.5500428573838596,25.0,4.087156772613525,2.6996986865997314,25.0,2559.862427911721,87
563,0.38606186527355246,3.5260122570880625,-0.55003088019615,25.0,4.088776588439941,2.6996986865997314,25.0,2526.831512659788,86
564,0.38449035659417524,3.5312778809491325,-0.5500673125771915,25.0,4.0868330001831055,2.6996986865997314,25.0,2516.3629055693746,85
565,0.3769563008036287,3.5196327538717362,-0.5500489146936507,25.0,4.088128566741943,2.6998608112335205,25.0,2467.129378204234,84
566,0.37330094697428995,3.5207034248903573,-0.5500539218086794,25.0,4.086994647979736,2.6998608112335205,25.0,2443.1923160925508,83
567,0.37218045315991527,3.5189781188964844,-0.5500625939254301,25.0,4.086994647979736,2.6998608112335205,25.0,2435.833231312223,83
568,0.3826340568418253,3.5229801121880024,-0.5500905997612897,25.0,4.0873188972473145,2.6998608112335205,25.0,2504.1140255043283,85
569,0.40265112931097385,3.5478831516223006,-0.5500781355279215,25.0,4.0873188972473145,2.6998608112335205,25.0,2635.1596243279055,89
570,0.409104462557388,3.550370072270488,-0.5500723143200298,25.0,4.087642669677734,2.6998608112335205,25.0,2677.424695342779,91
571,0.4115909926913106,3.5539694880391215,-0.5501217501504081,25.0,4.087642669677734,2.6996986865997314,25.0,2693.4561517490074,91
572,0.40904829181674807,3.5489495114965752,-0.5500644045871693,25.0,4.087642669677734,2.6998608112335205,25.0,2677.099337154068,91
573,0.41032484249636914,3.552541829727508,-0.5500782466196752,25.0,4.0873188972473145,2.6998608112335205,25.0,2685.3783647771925,91
574,0.25833668202176474,3.4956623538065763,-0.5500999648692244,25.0,3.940878391265869,2.6998608112335205,25.0,1690.6444658348337,59
575,0.4092314989129674,3.5520149115677717,-0.550090111218966,25.0,4.087642669677734,2.6998608112335205,25.0,2678.175415959209,91
576,0.4114685959634424,3.558588934468699,-0.5500802240528904,25.0,4.0891008377075195,2.6996986865997314,25.0,2692.862714290619,91
577,0.4074808441221516,3.5535133043924967,-0.5501131812731425,25.0,4.088776588439941,2.6998608112335205,25.0,2666.597480534576,90
578,0.4048897059106919,3.5470786412556965,-0.5501891586515638,25.0,4.0874810218811035,2.6998608112335205,25.0,2649.285324369557,90
579,0.3884070408940652,3.5389113259869953,-0.5501020218050757,25.0,4.087642669677734,2.6996986865997314,25.0,2541.8471337724477,86
580,0.3599019145046844,3.517811033129692,-0.5501079328358174,25.0,4.0879669189453125,2.6998608112335205,25.0,2355.272377582267,80
581,0.3332124431734642,3.4968988412135356,-0.5500758950774735,25.0,4.0873188972473145,2.6998608112335205,25.0,2180.7282104343176,74
582,0.3108084402111275,3.480686097905256,-0.5501053575156392,25.0,4.087156772613525,2.6998608112335205,25.0,2033.9963041879237,69
583,0.3021347141075848,3.47629376667649,-0.5501275053664819,25.0,4.0884528160095215,2.6998608112335205,25.0,1977.1534894490615,67
584,0.2880207792519436,3.466197472065687,-0.5501253651455045,25.0,4.086994647979736,2.6998608112335205,25.0,1884.81126853358,64
585,0.2864616626596597,3.466556876897812,-0.5500972485169768,25.0,4.086994647979736,2.6998608112335205,25.0,1874.6864764960483,64
586,0.27181152994997815,3.451390262509956,-0.5501141645869271,25.0,4.086994647979736,2.6998608112335205,25.0,1778.7663871375844,61
587,0.2668663184346557,3.4481728712717694,-0.550083190202713,25.0,4.0868330001831055,2.6998608112335205,25.0,1746.501180531457,60
588,0.26111045654716497,3.4534456935422173,-0.550083190202713,25.0,4.086994647979736,2.6996986865997314,25.0,1708.8278233511373,58
589,0.1740775895062305,3.4579085528850557,-0.5500606968998909,25.0,3.9556195735931396,2.6996986865997314,25.0,1139.3086620960385,40
590,0.2590697983575368,3.44885686759291,-0.5500862927272402,25.0,4.0874810218811035,2.6998608112335205,25.0,1695.4707432398573,58
591,0.17521048049161322,3.4668100118637084,-0.5500876888632774,25.0,3.9552955627441406,2.6998608112335205,25.0,1146.6521356506273,40
592,0.2717820962533198,3.46130096716959,-0.550105314762866,25.0,4.0868330001831055,2.6998608112335205,25.0,1778.5946848550811,61
593,0.2654179153405802,3.462865914328624,-0.5500786152936644,25.0,4.0884528160095215,2.6998608112335205,25.0,1737.0328933168203,59
594,0.2578816230205101,3.4505242767005133,-0.5500924977762945,25.0,4.087156772613525,2.6998608112335205,25.0,1687.6764143006876,58
595,0.2668889337071333,3.4543420394261677,-0.5501011848449707,25.0,4.0894246101379395,2.6996986865997314,25.0,1746.5951654836535,60
596,0.2679048466754167,3.4606813033421835,-0.5500921875238418,25.0,4.0873188972473145,2.6998608112335205,25.0,1753.2672281013802,60
597,0.2567319354534875,3.462275634732163,-0.5501194951827066,25.0,4.087156772613525,2.6998608112335205,25.0,1680.0651976885274,57
598,0.23223195761371518,3.440735569367042,-0.550083190202713,25.0,4.086994647979736,2.6998608112335205,25.0,1519.833840077743,52
599,0.2267187375522353,3.4334349679011926,-0.5500849543833265,25.0,4.087156772613525,2.6996986865997314,25.0,1483.7401641570032,51
600,0.21752908593790202,3.4270278337050457,-0.5500960435186114,25.0,4.0868330001831055,2.6998608112335205,25.0,1423.5847631637007,49
601,0.22222702068889694,3.4335271978378294,-0.5500723934173584,25.0,4.086994647979736,2.6998608112335205,25.0,1454.3988292487338,50
602,0.22409200495005657,3.440586819648743,-0.5500939869880677,25.0,4.0868330001831055,2.6998608112335205,25.0,1466.5383481960744,50
603,0.23469492744147244,3.4418159071004615,-0.5500780973794326,25.0,4.087156772613525,2.6998608112335205,25.0,1535.9893733514473,53
604,0.22714980101974794,3.4388537593916353,-0.5500990678282345,25.0,4.087642669677734,2.6998608112335205,25.0,1486.536896028556,51
605,0.23376890423687327,3.450679366405194,-0.5501074137595984,25.0,4.087156772613525,2.6998608112335205,25.0,1529.833272749558,52
606,0.22708068817944088,3.438504359301399,-0.5501096529119155,25.0,4.087156772613525,2.6998608112335205,25.0,1486.0528083937243,51
607,0.2331828317002215,3.4486731703464804,-0.550169702905875,25.0,4.0889387130737305,2.6998608112335205,25.0,1525.8178638089448,52
608,0.23330959166272391,3.450542307817019,-0.5501004927433454,25.0,4.087156772613525,2.6998608112335205,25.0,1526.8483844576403,52
609,0.24205703899544856,3.453235723354198,-0.5501098489319837,25.0,4.0874810218811035,2.6998608112335205,25.0,1584.0672099012882,54
610,0.236982915701945,3.4528038411770225,-0.5501392112587983,25.0,4.087642669677734,2.6998608112335205,25.0,1550.7708559269086,53
611,0.23737699683477403,3.4521405921792083,-0.5501052591035951,25.0,4.0873188972473145,2.6996986865997314,25.0,1553.4427471775562,53
612,0.22024475029181917,3.434823122024536,-0.5501515698432923,25.0,4.0873188972473145,2.6998608112335205,25.0,1441.2120808642358,50
613,0.21485234240851872,3.441512316465378,-0.5500981857379278,25.0,4.0873188972473145,2.6998608112335205,25.0,1406.0542879588902,48
614,0.21357619683478113,3.4407124718030295,-0.5500644457836946,25.0,4.0873188972473145,2.6998608112335205,25.0,1397.7888530157506,48
615,0.20847299430250324,3.4330933550570872,-0.550096590468224,25.0,4.087156772613525,2.6998608112335205,25.0,1364.304869165644,47
616,0.20832713515737417,3.4357438036736023,-0.5501425342356905,25.0,4.0873188972473145,2.6998608112335205,25.0,1363.242293599993,47
617,0.19946270414435327,3.4323363992902967,-0.5501011848449707,25.0,4.0884528160095215,2.6998608112335205,25.0,1305.3373441351578,45
618,0.19493819782884678,3.4329058907248755,-0.5501445355740461,25.0,4.0884528160095215,2.6998608112335205,25.0,1275.618866714649,44
619,0.18062904200217236,3.427163566031107,-0.550085384671281,25.0,4.0874810218811035,2.6998608112335205,25.0,1182.1203825352713,41
620,0.17745567659379832,3.4329091787338255,-0.5501056835055351,25.0,4.087156772613525,2.6998608112335205,25.0,1161.3082253141329,40
621,0.17685081200179303,3.4336907982826235,-0.5500876888632774,25.0,4.086994647979736,2.6998608112335205,25.0,1157.3862307798117,40
622,0.1705578030226218,3.416852193000989,-0.5501131812731425,25.0,4.086994647979736,2.6998608112335205,25.0,1116.1683977833018,39
623,0.17435020268589232,3.416819393634796,-0.5501146808266639,25.0,4.087156772613525,2.6998608112335205,25.0,1140.9649239163846,40
624,0.17148649967766805,3.4313899003542385,-0.550090111218966,25.0,4.088776588439941,2.6998608112335205,25.0,1122.2775185825303,39
625,0.16956462971468808,3.439804290470324,-0.5501163382279245,25.0,4.086994647979736,2.6998608112335205,25.0,1109.6509635159746,38
626,0.1707997400106047,3.424985029758551,-0.5501270233056484,25.0,4.0879669189453125,2.6998608112335205,25.0,1117.6995850913227,39
627,0.16260225826852953,3.4299481495006665,-0.550071031660647,25.0,4.0868330001831055,2.6998608112335205,25.0,1064.1692799348384,37
628,0.16090525468268485,3.424965813353255,-0.5500904853279526,25.0,4.087156772613525,2.6998608112335205,25.0,1053.0285252528265,37
629,0.15529512550892152,3.478049911771502,-0.5502400006566729,25.0,4.0873188972473145,2.6998608112335205,25.0,1016.029632342048,35
630,0.13204457904050637,3.4639265537261963,-0.5501911580562592,25.0,4.0873188972473145,2.6996986865997314,25.0,864.0011786539108,30
631,0.12198526062821416,3.4633329595838274,-0.5501988700457981,25.0,4.0873188972473145,2.6998608112335205,25.0,798.1584139447659,28
632,0.12398656965390593,3.4411901934393523,-0.5501855735121102,25.0,4.0894246101379395,2.6998608112335205,25.0,811.2830657809973,29
633,0.11896466155469788,3.47046078575982,-0.5501931574609544,25.0,4.087642669677734,2.6996986865997314,25.0,778.4088064143434,27
634,0.1148809395096291,3.4472000069088407,-0.5501798280963192,25.0,4.0874810218811035,2.6998608112335205,25.0,751.7063887789845,27
635,0.11193819945433595,3.4572337774130015,-0.5501247163002307,25.0,4.0874810218811035,2.6998608112335205,25.0,732.521589929238,26
636,0.10611699270923933,3.4571390914916993,-0.550137174129486,25.0,4.087156772613525,2.6998608112335205,25.0,694.4101789761335,25
637,0.10075703022683634,3.453162203232447,-0.550143172343572,25.0,4.0873188972473145,2.6998608112335205,25.0,659.3325813841075,24
638,0.09708420881523043,3.463707498882128,-0.5501340446264847,25.0,4.087156772613525,2.6998608112335205,25.0,635.3041826412082,23
639,0.09768815304038439,3.4675882691922397,-0.5501966346865115,25.0,4.0873188972473145,2.6998608112335205,25.0,639.1766348192468,23
640,0.09429371497891084,3.484179908579046,-0.5500913695855574,25.0,4.087156772613525,2.6998608112335205,25.0,617.0988951688632,22
641,0.0930049113446001,3.4757121693004263,-0.5501240871169351,25.0,4.087156772613525,2.6998608112335205,25.0,608.6144980248064,22
642,0.09071058650178034,3.461692517453974,-0.5501731634140015,25.0,4.087156772613525,2.6998608112335205,25.0,593.5523897502571,22
643,0.09142921336248665,3.4692987420342187,-0.5502140603282235,25.0,4.087156772613525,2.6998608112335205,25.0,598.208318144083,22
644,0.08839195998253827,3.4882198628925143,-0.5501474567822048,25.0,4.086994647979736,2.6996986865997314,25.0,578.4120597615838,21
645,0.08782337697823639,3.485203742980957,-0.5500789057640803,25.0,4.0891008377075195,2.6998608112335205,25.0,574.7558576148003,21
646,0.08632481173908393,3.4755228474026634,-0.5501731634140015,25.0,4.0891008377075195,2.6998608112335205,25.0,564.8654234809801,21
647,0.08666541971035523,3.4796112037840343,-0.5501388879049391,25.0,4.087156772613525,2.6998608112335205,25.0,567.1284233815968,21
648,0.08470929459744243,3.4692128953479586,-0.5501560256594703,25.0,4.0873188972473145,2.6998608112335205,25.0,554.3162966137752,21
649,0.08337404274034714,3.4615067073277066,-0.5501474567822048,25.0,4.086994647979736,2.6998608112335205,25.0,545.5684719644487,21
650,0.08039925227256031,3.484523820877075,-0.5501101821660995,25.0,4.0891008377075195,2.6998608112335205,25.0,526.131746025756,20
651,0.0816037299786592,3.490290677547455,-0.5500921875238418,25.0,4.087156772613525,2.6996986865997314,25.0,534.0533610312268,20
652,0.08154079199495227,3.490444552898407,-0.5501281768083572,25.0,4.087156772613525,2.6996986865997314,25.0,533.6001564953476,20
653,0.08094544818290582,3.4866620659828187,-0.550137174129486,25.0,4.086994647979736,2.6996986865997314,25.0,529.6941516473889,20
654,0.0796262309644365,3.4819562077522277,-0.5501191794872284,25.0,4.087642669677734,2.6998608112335205,25.0,521.0847264612094,20
655,0.08028037429164386,3.4838515400886534,-0.550200155377388,25.0,4.087156772613525,2.6998608112335205,25.0,525.2879794063047,20
656,0.08713566766803744,3.486121722630092,-0.5501131812731425,25.0,4.0874810218811035,2.6998608112335205,25.0,570.2248363615945,21
657,0.08675232157692331,3.4876259167989097,-0.5501046123958769,25.0,4.0874810218811035,2.6998608112335205,25.0,567.7247477238998,21
658,0.08818908497581732,3.494969572339739,-0.5501388879049391,25.0,4.0873188972473145,2.6998608112335205,25.0,577.0995142078027,21
659,0.07355184356886173,3.441995432502345,-0.5501352799566168,25.0,3.989961862564087,2.6995368003845215,25.0,481.3179905805737,19
660,0.08224421673600801,3.5089683175086974,-0.5500921875238418,25.0,4.0894246101379395,2.6998608112335205,25.0,538.2409992227331,20
661,0.08372219529530395,3.474396614801316,-0.5501217501504081,25.0,4.086994647979736,2.6996986865997314,25.0,547.8813388403505,21
662,0.08215386275180978,3.504635047912598,-0.5501101821660995,25.0,4.0874810218811035,2.6996986865997314,25.0,537.631372324191,20
663,0.08254340765100884,3.4707170327504477,-0.5501474567822048,25.0,4.088776588439941,2.6998608112335205,25.0,540.1314754579216,21
664,0.0828606223924405,3.473517202195667,-0.5501303190276736,25.0,4.0873188972473145,2.6998608112335205,25.0,542.2388186315075,21
665,0.08337722660747955,3.481254225685483,-0.550181732291267,25.0,4.0873188972473145,2.6998608112335205,25.0,545.5687801474705,21
666,0.07981595360087342,3.493716776371002,-0.5501281768083572,25.0,4.087156772613525,2.6998608112335205,25.0,522.3036917634308,20
667,0.08050576528567498,3.500269377231598,-0.5500741928815842,25.0,4.0874810218811035,2.6996986865997314,25.0,526.8818637104705,20
668,0.07642088606395389,3.472819912433624,-0.550137174129486,25.0,4.0873188972473145,2.6998608112335205,25.0,500.09892986528575,20
669,0.07746441080762045,3.479842209815979,-0.550200155377388,25.0,4.087156772613525,2.6996986865997314,25.0,506.85079169180244,20
670,0.07453146052281691,3.5027251996492086,-0.5501352799566168,25.0,4.086994647979736,2.6996986865997314,25.0,487.7397267604247,19
671,0.07303687187881694,3.495520880347804,-0.55007845477054,25.0,4.087156772613525,2.6996986865997314,25.0,477.99191153701395,19
672,0.07191048461460824,3.4905758907920434,-0.5501542216853091,25.0,4.087156772613525,2.6996986865997314,25.0,470.57018060423434,19
673,0.0731591034828805,3.496816785711991,-0.5501258090922707,25.0,4.087156772613525,2.6996986865997314,25.0,478.75753723457456,19
674,0.07228066448400255,3.494591549823159,-0.5501258090922707,25.0,4.088776588439941,2.6996986865997314,25.0,473.00757174380124,19
675,0.07071388675538816,3.4845565996671977,-0.5500973964992323,25.0,4.086994647979736,2.6998608112335205,25.0,462.7732729502022,19
676,0.06997397211849328,3.482365457635177,-0.5501068673635784,25.0,4.086994647979736,2.6998608112335205,25.0,457.91419415548444,19
677,0.05368753784554153,3.409090369939804,-0.5501394234597683,25.0,3.992877721786499,2.6998608112335205,25.0,351.3351900354028,16
678,0.05848810697262131,3.406216171052721,-0.5501131812731425,25.0,3.9752206802368164,2.6996986865997314,25.0,382.76157737895846,18
679,1.1601553571479726,3.739714262673729,-0.5502600585943774,25.0,4.11874532699585,2.6996986865997314,25.0,7590.15356009081,760
680,1.155825519209153,3.734039919984107,-0.5502070356817806,25.0,4.106433868408203,2.6996986865997314,25.0,7562.559485401027,255
681,1.1547184875372145,3.7342603440378226,-0.5501689293805291,25.0,4.10724401473999,2.6996986865997314,25.0,7555.84141740296,255
682,1.1535458919883763,3.73397702516294,-0.5501378798017315,25.0,4.10724401473999,2.6996986865997314,25.0,7548.590436809696,255
683,1.1531986862870425,3.741779936061186,-0.5501435251796947,25.0,4.11145544052124,2.6996986865997314,25.0,7546.230336952023,255
684,1.1514789347697305,3.742579102048687,-0.5501682237082837,25.0,4.112913608551025,2.6996986865997314,25.0,7534.657705166377,255
685,1.1462097373157145,3.7377179027074883,-0.5501447133867166,25.0,4.108215808868408,2.6998608112335205,25.0,7500.46690845862,253
686,1.1441981399205368,3.735894369042438,-0.5501262208689814,25.0,4.108215808868408,2.6998608112335205,25.0,7487.5764691066,253
687,1.1420515531378794,3.733444015027977,-0.5501290658717098,25.0,4.107729911804199,2.6995368003845215,25.0,7473.482071591541,253
688,1.1429386574420382,3.741125488469723,-0.5501496921414915,25.0,4.110159873962402,2.6998608112335205,25.0,7479.025922216475,253
689,1.1430506642010339,3.744160427877554,-0.5501624946537697,25.0,4.113075256347656,2.6998608112335205,25.0,7479.579136744142,253
690,1.1424579110538011,3.7449326091133086,-0.5501532483949021,25.0,4.114371299743652,2.6995368003845215,25.0,7475.832741487771,253
691,1.141597569254327,3.7451432627651533,-0.5501660509071803,25.0,4.114533424377441,2.6995368003845215,25.0,7470.007803270593,253
692,1.1407762292020525,3.7454505909101767,-0.5501568046483126,25.0,4.1151814460754395,2.6996986865997314,25.0,7464.77678636834,253
693,1.1400313189780096,3.7495733991501825,-0.5501760197064233,25.0,4.1158294677734375,2.6998608112335205,25.0,7459.63841181621,252
694,1.1392430712955877,3.749136923797547,-0.5501731634140015,25.0,4.1164774894714355,2.6998608112335205,25.0,7454.512716419995,252
695,1.1382686366550692,3.7487583037406678,-0.5501653086098414,25.0,4.1163153648376465,2.6993746757507324,25.0,7448.265392910689,252
696,1.137532544741266,3.748596953967261,-0.5501795900719506,25.0,4.116639137268066,2.6998608112335205,25.0,7443.2354474347085,252
697,1.1367882168806895,3.74838096660281,-0.5501824463643725,25.0,4.1169633865356445,2.6996986865997314,25.0,7438.332399686798,252
698,1.1359979891457754,3.7478178569248746,-0.5501767337795288,25.0,4.1169633865356445,2.6998608112335205,25.0,7433.23838602379,252
699,1.1352956466907356,3.751525081961278,-0.5501910863644573,25.0,4.1169633865356445,2.6996986865997314,25.0,7428.441758003086,251
700,1.131957935174391,3.74242966678513,-0.5501581081356185,25.0,4.115505218505859,2.6995368003845215,25.0,7407.039449520409,251
701,1.1282773863037274,3.7399122858047487,-0.5501098222732544,25.0,4.11113166809082,2.6998608112335205,25.0,7383.611696155742,250
702,1.12670345120532,3.74126442081957,-0.5501218533898932,25.0,4.109997749328613,2.6996986865997314,25.0,7373.172325760126,249
703,1.1253467766679766,3.7391142950479286,-0.5501276348010603,25.0,4.109025478363037,2.6996986865997314,25.0,7364.202705433592,249
704,1.0157500704005142,3.7170866563585068,-0.5501523696051703,25.0,4.026571750640869,2.6998608112335205,25.0,6646.713751964271,225
705,1.1281843962617775,3.74657337474823,-0.5501378939151764,25.0,4.114857196807861,2.6996986865997314,25.0,7382.644931104034,250
706,1.006325410762588,3.709077154039802,-0.5501061878396791,25.0,4.020254135131836,2.6998608112335205,25.0,6585.589856008068,223
707,1.1225982803535195,3.736180242285671,-0.5500951143632452,25.0,4.109349727630615,2.6998608112335205,25.0,7346.639238687232,249
708,1.1212733359749705,3.7387475188701385,-0.550102055553467,25.0,4.108863830566406,2.6996986865997314,25.0,7337.873533746228,248
709,1.122344658024839,3.7409508525128343,-0.5501420883289782,25.0,4.108863830566406,2.6996986865997314,25.0,7344.353969221935,249
710,1.124226377729207,3.7460910010050577,-0.5501522057985206,25.0,4.113885402679443,2.6995368003845215,25.0,7356.5488625615835,249
711,1.1198156820797212,3.7383973963799013,-0.5501013299630534,25.0,4.109673500061035,2.6998608112335205,25.0,7328.358876165003,248
712,1.1184400520679723,3.736539733986701,-0.5501042323247078,25.0,4.108377933502197,2.6993746757507324,25.0,7319.326852800325,248
713,1.1176721622622026,3.7399156971981653,-0.550095939443179,25.0,4.108539581298828,2.6995368003845215,25.0,7314.405482171103,247
714,1.1172440887611759,3.739734698886331,-0.5501083244196316,25.0,4.10756778717041,2.6998608112335205,25.0,7311.438491683453,247
715,1.1201196156912905,3.745364349695944,-0.5501289023987709,25.0,4.112589359283447,2.6996986865997314,25.0,7329.984226403758,248
716,1.1185969353835645,3.740599981238765,-0.5501201953138074,25.0,4.1142096519470215,2.6998608112335205,25.0,7320.1140573732555,248
717,1.1153593302362614,3.7386125649517847,-0.5500944823871258,25.0,4.108701705932617,2.6996986865997314,25.0,7299.26546427235,247
718,1.1145115290785332,3.737313340067381,-0.5501075958916051,25.0,4.108701705932617,2.6996986865997314,25.0,7293.561846179888,247
719,1.1132680233738328,3.7385502452772807,-0.5501717004349561,25.0,4.10789155960083,2.6995368003845215,25.0,7284.575760148466,246
720,1.1161925567153141,3.744524921000245,-0.5501942907267736,25.0,4.111617565155029,2.6998608112335205,25.0,7303.418286589906,247
721,1.1158268393740016,3.7448908684224733,-0.550224888903892,25.0,4.113075256347656,2.6995368003845215,25.0,7300.606312671676,247
722,1.1115681097446293,3.7371305198204228,-0.5501812097987508,25.0,4.107405662536621,2.6996986865997314,25.0,7273.310338716954,246
723,1.1107292235011905,3.7362349547021756,-0.5501695059663881,25.0,4.10724401473999,2.6996986865997314,25.0,7267.982204880565,246
724,1.1099255957362035,3.735085866315578,-0.5501768208616148,25.0,4.10724401473999,2.6998608112335205,25.0,7262.638329658657,246
725,1.1127750458343673,3.7446861703221392,-0.5502097378901349,25.0,4.110645771026611,2.6996986865997314,25.0,7280.85366217047,246
726,1.1133141526855432,3.7426039747863644,-0.5502241603758654,25.0,4.112265586853027,2.6996986865997314,25.0,7284.185724245384,247
727,1.1134952186186644,3.7438808800237866,-0.550236545352318,25.0,4.113075256347656,2.6996986865997314,25.0,7285.188664544374,247
728,1.113510421770974,3.7447557767875765,-0.5502292600720518,25.0,4.113723278045654,2.6998608112335205,25.0,7285.3945598024875,247
729,1.113954938511217,3.7467409937005294,-0.5502482018007441,25.0,4.1146955490112305,2.6996986865997314,25.0,7288.056932613254,247
730,1.1137250087282151,3.7465855640921033,-0.5502547585529837,25.0,4.11501932144165,2.6998608112335205,25.0,7286.463092556223,247
731,1.1134581108668482,3.74672065958803,-0.5502467447446908,25.0,4.1151814460754395,2.6998608112335205,25.0,7284.8235082458705,247
732,1.0924070500080614,3.7295878238914426,-0.5500928567460746,25.0,4.102869987487793,2.6996986865997314,25.0,7149.10028754361,242
733,1.093190099547972,3.7319293396532043,-0.5501159077340906,25.0,4.104166030883789,2.6996986865997314,25.0,7153.929846480489,242
734,1.0955171769604801,3.736561005007583,-0.5501442831239582,25.0,4.106919765472412,2.6998608112335205,25.0,7168.782871499658,243
735,1.09601620456359,3.7386129020172874,-0.5501413210429282,25.0,4.108863830566406,2.6998608112335205,25.0,7172.082605533302,243
736,1.0927535169079337,3.732605412971875,-0.5501166513143492,25.0,4.104328155517578,2.6998608112335205,25.0,7151.055351827294,242
737,1.0928758210120404,3.7340231769341083,-0.550133010080038,25.0,4.104651927947998,2.6996986865997314,25.0,7151.650297045708,242
738,1.091843369840134,3.7322111484433007,-0.5501389587221067,25.0,4.104328155517578,2.6996986865997314,25.0,7144.805313397199,242
739,1.092344411648123,3.7365541231533714,-0.550133010080038,25.0,4.10368013381958,2.6998608112335205,25.0,7148.1440810430795,242
740,1.094276836974531,3.741324179428668,-0.5501649840311571,25.0,4.108539581298828,2.6998608112335205,25.0,7160.39591425471,242
741,1.0907783161900217,3.7346019507443757,-0.5501552434383091,25.0,4.104651927947998,2.6998608112335205,25.0,7137.617660574615,241
742,1.0896751972015628,3.733149397917308,-0.5501447901191553,25.0,4.103355884552002,2.6996986865997314,25.0,7130.55467454344,241
743,1.0894014957799216,3.732376410258756,-0.5501126834960399,25.0,4.104651927947998,2.6998608112335205,25.0,7129.163675731048,241
744,1.0879675819304455,3.7283629124589974,-0.55013209680304,25.0,4.101412296295166,2.6996986865997314,25.0,7119.5384978521615,241
745,1.0913510166735074,3.737144525386085,-0.5501753941547772,25.0,4.107081890106201,2.6995368003845215,25.0,7141.111751822755,242
746,1.0901850942888067,3.7376999508790454,-0.5501589767665784,25.0,4.108215808868408,2.6998608112335205,25.0,7133.684978587553,241
747,1.0869470331951647,3.728565236839516,-0.5501164168243091,25.0,4.103032112121582,2.6998608112335205,25.0,7113.053937271237,241
748,1.0866710187213204,3.728806544141651,-0.5501343368000015,25.0,4.102869987487793,2.6993746757507324,25.0,7111.023262469098,241
749,1.0852271224097112,3.7295995205640793,-0.5501334252456824,25.0,4.101898193359375,2.6998608112335205,25.0,7101.584844645113,240
750,1.0883110267588214,3.7368476341374186,-0.5501477767817707,25.0,4.105785846710205,2.6996986865997314,25.0,7121.593419292942,241
751,1.0888864107855882,3.738564352771553,-0.5501589767665784,25.0,4.10724401473999,2.6996986865997314,25.0,7125.189765386283,241
752,1.0899321231966104,3.742680013427101,-0.5501567367696168,25.0,4.108539581298828,2.6995368003845215,25.0,7132.083670318127,241
753,1.0904432200623408,3.7403743178391258,-0.5501858042783974,25.0,4.109673500061035,2.6996986865997314,25.0,7135.039389966056,242
754,1.0906894315852547,3.741594605209414,-0.5501664711916743,25.0,4.110321521759033,2.6996986865997314,25.0,7136.916906600818,242
755,1.091017468197438,3.742885859544612,-0.5501858042783974,25.0,4.110969543457031,2.6998608112335205,25.0,7138.794889803976,242
756,1.0909458671202295,3.743089351772277,-0.5501858042783974,25.0,4.111293792724609,2.6998608112335205,25.0,7138.326725173742,242
757,1.0908653256741359,3.7435264547994316,-0.5501835735376216,25.0,4.111617565155029,2.6998608112335205,25.0,7137.812702279538,242
758,1.090914161740152,3.7438852481605593,-0.5501753941547772,25.0,4.112265586853027,2.6998608112335205,25.0,7138.251327382401,242
759,1.0907312345607978,3.7438263380823056,-0.5501850606981388,25.0,4.112265586853027,2.6996986865997314,25.0,7136.955359220505,242
760,1.0907126095339261,3.7441797857442176,-0.5502088552664134,25.0,4.112427711486816,2.6995368003845215,25.0,7136.5028641130775,242
761,1.0904525493329487,3.7440746825588636,-0.5502014194638276,25.0,4.112589359283447,2.6998608112335205,25.0,7134.894336182624,242
762,1.0889719672658642,3.7453222818889063,-0.5501880967270784,25.0,4.112589359283447,2.6996986865997314,25.0,7125.389540407807,241
763,1.0834857817975814,3.733053995172183,-0.5501589176555475,25.0,4.104328155517578,2.6993746757507324,25.0,7089.853385969996,240
764,1.083111219803127,3.7327036798000335,-0.5501386736830075,25.0,4.104814052581787,2.6996986865997314,25.0,7087.666639963165,240
765,1.0821643744320717,3.730529631177584,-0.5501364243527254,25.0,4.104328155517578,2.6998608112335205,25.0,7081.509679235518,240
766,1.084729436048248,3.740346988042196,-0.5501784118513267,25.0,4.106109619140625,2.6996986865997314,25.0,7097.75399036333,240
767,1.0863214272803488,3.7407051864006706,-0.5501791367392322,25.0,4.109673500061035,2.6995368003845215,25.0,7108.150186516345,241
768,1.0815754984330455,3.73452009915308,-0.5501325060632937,25.0,4.105137825012207,2.6996986865997314,25.0,7077.713339066133,239
769,1.0810882779616728,3.7356160794341915,-0.5501294944076858,25.0,4.103518009185791,2.6998608112335205,25.0,7074.557521738112,239
770,1.0812780581264265,3.7351389150739216,-0.5501317531493917,25.0,4.104814052581787,2.6998608112335205,25.0,7075.759555160999,239
771,1.0800804368932084,3.7320122738762382,-0.5501016365933119,25.0,4.101898193359375,2.6995368003845215,25.0,7068.322894912213,239
772,1.083595235955245,3.74016271730264,-0.5501356745759646,25.0,4.108053684234619,2.6998608112335205,25.0,7090.865989036858,240
773,0.9653023654695946,3.7070783588373772,-0.5501218702748557,25.0,4.019282341003418,2.6995368003845215,25.0,6316.934077408165,214
774,1.078472984861396,3.728987989066535,-0.55008582540137,25.0,4.102221965789795,2.6998608112335205,25.0,7058.008280245587,239
775,1.0792031625836755,3.7319024686534035,-0.5501166948713518,25.0,4.103518009185791,2.6998608112335205,25.0,7062.381856678054,239
776,1.0783001887394232,3.729821658034704,-0.5501279885798818,25.0,4.102707862854004,2.6998608112335205,25.0,7056.336646160111,239
777,1.0807383912270412,3.739354078739757,-0.5501558463942555,25.0,4.105137825012207,2.6996986865997314,25.0,7071.9081385899335,239
778,1.0823412084908393,3.739861016472181,-0.5501506701111794,25.0,4.108701705932617,2.6998608112335205,25.0,7082.475973878056,240
779,1.0776371111792513,3.7292597752734706,-0.5501234710964698,25.0,4.103355884552002,2.6998608112335205,25.0,7052.040505345911,239
780,1.0774824029582275,3.7301117515962994,-0.5501400352023137,25.0,4.102707862854004,2.6998608112335205,25.0,7050.821953164414,239
781,1.0770437013506995,3.733875606240345,-0.5501308230792775,25.0,4.102869987487793,2.6998608112335205,25.0,7048.056397518143,238
782,1.0893724091518813,3.730607267237303,-0.5501201501525784,25.0,4.102869987487793,2.6998608112335205,25.0,7128.883533155546,241
783,1.087175981325838,3.727107303271155,-0.5501126834960399,25.0,4.100925922393799,2.6998608112335205,25.0,7114.586155999452,241
784,1.089955249359173,3.7398663259640768,-0.5501485234474246,25.0,4.107405662536621,2.6998608112335205,25.0,7132.331047646701,241
785,1.089628174478077,3.741166301782695,-0.5501432967878476,25.0,4.108377933502197,2.6998608112335205,25.0,7130.255844486877,241
786,1.0892998021925795,3.7418418237282527,-0.5501724167483476,25.0,4.109025478363037,2.6998608112335205,25.0,7127.726548995823,241
787,1.088757524946113,3.7423997261712167,-0.5501589767665784,25.0,4.109511852264404,2.6996986865997314,25.0,7124.35350382328,241
788,1.0886702013030902,3.743353523159423,-0.550160470097886,25.0,4.110645771026611,2.6998608112335205,25.0,7123.77807857655,241
789,1.0881174096372126,3.7433528494538115,-0.5501671900887707,25.0,4.110645771026611,2.6998608112335205,25.0,7120.091550763696,241
790,1.0875609831194875,3.742864183370503,-0.5501746567453092,25.0,4.110645771026611,2.6998608112335205,25.0,7116.326376710087,241
791,1.0870849816772914,3.7426826934102166,-0.5501574834352707,25.0,4.110969543457031,2.6995368003845215,25.0,7113.436283241957,241
792,1.0866920974080063,3.742413832438932,-0.5501694300857323,25.0,4.11113166809082,2.6998608112335205,25.0,7110.7182310801,241
793,1.0864683852616859,3.7425986780665226,-0.5501783900735784,25.0,4.111293792724609,2.6996986865997314,25.0,7109.141455588862,241
794,1.0861592827381545,3.7428245307004304,-0.5501619634291938,25.0,4.11145544052124,2.6998608112335205,25.0,7107.314532494172,241
795,1.0864567963002196,3.744521730668317,-0.5501716700826937,25.0,4.112589359283447,2.6995368003845215,25.0,7109.145914556459,241
796,0.9718987200680573,3.7081872357262506,-0.5501465046847308,25.0,4.02608585357666,2.6998608112335205,25.0,6359.843030154705,216
797,1.0797524771281197,3.7338409523584852,-0.5501445526857256,25.0,4.104651927947998,2.6998608112335205,25.0,7065.604686817154,239
798,1.0789863278814815,3.7330018526340627,-0.5501197065269597,25.0,4.104489803314209,2.6998608112335205,25.0,7060.901272149757,239
799,1.077819126266474,3.7301286912862226,-0.5501287414937838,25.0,4.103841781616211,2.6996986865997314,25.0,7053.196824325249,239
800,1.0805979700800294,3.7404331352920215,-0.5501535876525496,25.0,4.106919765472412,2.6998608112335205,25.0,7071.036155203357,239
801,1.081620770059341,3.739666622877121,-0.5501731634140015,25.0,4.109349727630615,2.6998608112335205,25.0,7077.4782216101885,240
802,1.0760659393295442,3.731370869804831,-0.5501247744600312,25.0,4.102707862854004,2.6998608112335205,25.0,7041.744313547388,238
803,1.0755097854275713,3.731404223361937,-0.5502117233616965,25.0,4.102546215057373,2.6996986865997314,25.0,7036.977796109393,238
804,1.075155495423232,3.7310666206504117,-0.5501542614788568,25.0,4.102707862854004,2.6995368003845215,25.0,7035.415807532147,238
805,1.0753825214553523,3.7329499410981892,-0.5501459446273932,25.0,4.101088047027588,2.6996986865997314,25.0,7037.012774797156,238
806,1.0786275342289162,3.739475410852472,-0.5501656342749816,25.0,4.10756778717041,2.6995368003845215,25.0,7057.975592466071,239
807,1.076469595598605,3.7349517074953607,-0.5501277987696543,25.0,4.108377933502197,2.6998608112335205,25.0,7044.355794487521,238
808,1.0735696850827963,3.7296277535061875,-0.5501262866148428,25.0,4.102221965789795,2.6998608112335205,25.0,7025.416235715151,238
809,1.0740017797869719,3.7316914446213665,-0.5501587979432916,25.0,4.103355884552002,2.6998608112335205,25.0,7027.776922384277,238
810,1.0733404358871066,3.7305071323859593,-0.5501232623052197,25.0,4.103355884552002,2.6996986865997314,25.0,7023.9482978880405,238
811,1.076647298937772,3.736820507249074,-0.5501618697054715,25.0,4.10724401473999,2.6998608112335205,25.0,7045.070265268907,239
812,1.0770761988849813,3.739463211602247,-0.5501716575861975,25.0,4.108863830566406,2.6996986865997314,25.0,7047.761443208903,239
813,1.072249145333656,3.732832672223763,-0.5501298851604703,25.0,4.102546215057373,2.6998608112335205,25.0,7016.7139531914145,237
814,1.0722612161525737,3.734360995674938,-0.5501253295548355,25.0,4.103355884552002,2.6998608112335205,25.0,7016.8403703365475,237
815,1.0715889670795464,3.732947515535958,-0.5501222924844122,25.0,4.103194236755371,2.6996986865997314,25.0,7012.480929918587,237
816,1.0731385019195023,3.735082385920677,-0.5501671147947552,25.0,4.102546215057373,2.6996986865997314,25.0,7022.035330576822,238
817,1.0763009685397185,3.7397716015452622,-0.5501437997718236,25.0,4.109349727630615,2.6998608112335205,25.0,7043.028688611463,239
818,1.072150029553604,3.735723908943466,-0.5501017922590553,25.0,4.105947971343994,2.6998608112335205,25.0,7016.419878203422,237
819,1.071528559608299,3.7350643294773023,-0.5501101442027193,25.0,4.104166030883789,2.6996986865997314,25.0,7012.248653626069,237
820,1.0743623059099416,3.7405492638339517,-0.5501792120332477,25.0,4.107081890106201,2.6995368003845215,25.0,7029.918620571494,238
821,1.076021689047415,3.7451401598313274,-0.5501845045750883,25.0,4.110807418823242,2.6998608112335205,25.0,7040.6750875115395,238
822,1.075977857022358,3.74523680150008,-0.5501656026399436,25.0,4.110969543457031,2.6998608112335205,25.0,7040.64471787028,238
823,1.0759105597916698,3.7454198949477253,-0.5501776998784361,25.0,4.110645771026611,2.6995368003845215,25.0,7040.037562143058,238
824,1.0758674582399061,3.7457704243539762,-0.5501966018135808,25.0,4.110969543457031,2.6998608112335205,25.0,7039.52271187678,238
825,1.076074007739333,3.746498707963639,-0.5501701391043783,25.0,4.111617565155029,2.6996986865997314,25.0,7041.227499665692,238
826,1.0762375038184968,3.742797938350853,-0.5501912333476493,25.0,4.111941337585449,2.6996986865997314,25.0,7042.026996044442,239
827,1.0760982741224145,3.7471875062509743,-0.5501988700457981,25.0,4.111941337585449,2.6998608112335205,25.0,7041.011927492917,238
828,1.0758555789682165,3.7471691269834504,-0.5501852606524941,25.0,4.112103462219238,2.6996986865997314,25.0,7039.605904061347,238
829,1.0758205950733775,3.7471174071816837,-0.5501814802654651,25.0,4.112589359283447,2.6998608112335205,25.0,7039.40338890627,238
830,1.075684616351778,3.7470030554202425,-0.5501988700457981,25.0,4.112427711486816,2.6995368003845215,25.0,7038.310707714409,238
831,1.0756319984884837,3.74747746431527,-0.5501935775039577,25.0,4.112589359283447,2.6996986865997314,25.0,7038.030192025006,238
832,1.1238485425802245,3.7364131379797754,-0.5501644912972508,25.0,4.109025478363037,2.6998608112335205,25.0,7353.888816080987,249
833,1.1235912994472481,3.7418239317744613,-0.5501442563581658,25.0,4.111293792724609,2.6998608112335205,25.0,7352.478579431772,249
834,1.1233492844330306,3.744210203009916,-0.5501724407376056,25.0,4.113723278045654,2.6995368003845215,25.0,7350.516937758774,249
835,1.1189819562363008,3.7371302083615334,-0.55016082837697,25.0,4.109835624694824,2.6998608112335205,25.0,7322.12513313815,248
836,1.1169418777984874,3.7389555556571437,-0.5501476649330695,25.0,4.108539581298828,2.6998608112335205,25.0,7308.9210288506,247
837,1.1156981446518097,3.7377848847192308,-0.5501440222929364,25.0,4.109025478363037,2.6996986865997314,25.0,7300.843148548156,247
838,1.1122184679024603,3.7334586982804585,-0.5501183016998011,25.0,4.104489803314209,2.6998608112335205,25.0,7278.420257901773,246
839,1.1121573804627154,3.7360848091482146,-0.5501343944692999,25.0,4.106757640838623,2.6996986865997314,25.0,7277.784365724772,246
840,1.1095082767394706,3.7334280014038086,-0.5501335017535152,25.0,4.104651927947998,2.6995368003845215,25.0,7260.478635124862,245
841,1.108092652769129,3.7321221546250944,-0.5501004503697765,25.0,4.104166030883789,2.6998608112335205,25.0,7251.634781900793,245
842,1.107241822222241,3.7314536902369286,-0.5500857608658927,25.0,4.104166030883789,2.6996986865997314,25.0,7246.276286596432,245
843,1.105463872153277,3.7269913225757834,-0.5501202812000197,25.0,4.102546215057373,2.6998608112335205,25.0,7234.181561276317,245
844,1.105631370038078,3.730818292072841,-0.5501048572209417,25.0,4.10400390625,2.6996986865997314,25.0,7235.468492066488,245
845,1.10458594670615,3.733403687594367,-0.5501023648215122,25.0,4.104328155517578,2.6996986865997314,25.0,7228.685027569532,244
846,1.10287529687914,3.729755566745508,-0.5500750778639902,25.0,4.102384090423584,2.6996986865997314,25.0,7217.838256344199,244
847,1.1024662003211572,3.7301658421266275,-0.5500898275707589,25.0,4.103032112121582,2.6996986865997314,25.0,7214.979293432087,244
848,1.1012197620451902,3.727665603160858,-0.5501075272188812,25.0,4.102869987487793,2.6998608112335205,25.0,7206.603968383744,244
849,1.1017658015127783,3.7317738161712395,-0.5501112146455733,25.0,4.103841781616211,2.6998608112335205,25.0,7210.093427170068,244
850,1.101285406974161,3.731450496149845,-0.5500861401440668,25.0,4.104651927947998,2.6998608112335205,25.0,7207.281781135127,244
851,1.100555923598784,3.730565516675105,-0.5501134271015886,25.0,4.103841781616211,2.6998608112335205,25.0,7202.156302105635,244
852,1.0999767435442585,3.73469643730195,-0.5500991113882496,25.0,4.103841781616211,2.6998608112335205,25.0,7198.547281211242,243
853,1.0999893389597482,3.7360770309903493,-0.5501057760705673,25.0,4.104814052581787,2.6998608112335205,25.0,7198.549047546461,243
854,1.0989879757366385,3.7338831454147527,-0.5500983708679922,25.0,4.104328155517578,2.6998608112335205,25.0,7192.094509758055,243
855,0.9731694900731492,3.6980162616129273,-0.5500948533967689,25.0,4.009400844573975,2.6996986865997314,25.0,6368.763086313382,216
856,1.0980646527638085,3.7326172094776795,-0.5500931872261895,25.0,4.104328155517578,2.6998608112335205,25.0,7186.109900135547,243
857,1.0973604928927307,3.7321439064088673,-0.5501065165908249,25.0,4.10400390625,2.6998608112335205,25.0,7181.344231234863,243
858,1.0969947801369901,3.732197908707607,-0.5501057760705673,25.0,4.10400390625,2.6998608112335205,25.0,7178.953969830647,243
859,0.9724725717592739,3.698176000957136,-0.5501040173349557,25.0,4.010534763336182,2.6996986865997314,25.0,6364.075915120542,216
860,1.096073753666258,3.7307559806133,-0.5501035545097948,25.0,4.104166030883789,2.6998608112335205,25.0,7172.969164196402,243
861,1.0955573967435308,3.734443548297094,-0.5501084719315048,25.0,4.10400390625,2.6995368003845215,25.0,7169.516258958727,242
862,1.0921518415166744,3.724706651750675,-0.5500965746473675,25.0,4.10044002532959,2.6998608112335205,25.0,7147.3833014294505,242
863,1.0912440690975704,3.7273533195875492,-0.5500768435446554,25.0,4.10011625289917,2.6996986865997314,25.0,7141.6966462973505,241
864,0.79800352980747,3.8103779901776993,-0.5500693086215428,25.0,4.098982334136963,3.6455676555633545,25.0,5222.633544644341,175
