cycle,capacity,voltage,current,temperature,max_voltage,min_voltage,max_temperature,discharge_duration_s,num_points
1,1.0323902264655087,3.639279980408518,-1.099508285522461,25.0,4.019636154174805,2.699781894683838,25.0,3380.2415270647616,114
2,1.0351729128916014,3.6427915427995763,-1.0995889021002727,25.0,4.019959926605225,2.699943780899048,25.0,3389.104056805809,115
3,1.0379377665317915,3.65079432985057,-1.0995998952699744,25.0,4.026111602783203,2.699620008468628,25.0,3398.1217088293124,115
4,1.0387180526781374,3.6530522885529892,-1.0996737065522566,25.0,4.027406692504883,2.699781894683838,25.0,3400.450628749357,115
5,1.038792167443873,3.6539743319801663,-1.0996611429297405,25.0,4.027892589569092,2.699458122253418,25.0,3400.732673311184,115
6,1.0384657795461716,3.654068652443264,-1.0996972633444744,25.0,4.028540134429932,2.699620008468628,25.0,3399.545496140374,115
7,1.038374870752626,3.6549118622489596,-1.0997035451557324,25.0,4.0291876792907715,2.699943780899048,25.0,3399.2335775983956,115
8,1.0385474060096935,3.656190057422804,-1.0997333837592083,25.0,4.029996871948242,2.699781894683838,25.0,3399.7054048370483,115
9,1.0381212987509587,3.6564758155656896,-1.099701974702918,25.0,4.030320644378662,2.699620008468628,25.0,3398.40652983592,115
10,1.037451597029149,3.6557776015737784,-1.0997066860613616,25.0,4.030482769012451,2.699620008468628,25.0,3396.2038705061277,115
11,1.0367844324643705,3.6554876120194146,-1.0997537996457971,25.0,4.030806541442871,2.699620008468628,25.0,3393.8761815590406,115
12,1.035495709757685,3.653739251261172,-1.0997271019479502,25.0,4.030482769012451,2.699458122253418,25.0,3389.7354257464467,115
13,1.0351191341991026,3.6541573358618695,-1.0997113984564075,25.0,4.030482769012451,2.699943780899048,25.0,3388.5453000270063,115
14,1.0345927720339099,3.6539926342342213,-1.0997365246648374,25.0,4.031130313873291,2.699781894683838,25.0,3386.7519265735464,115
15,1.0340126562740612,3.653834966991259,-1.0997553700986116,25.0,4.031130313873291,2.699458122253418,25.0,3384.799283135275,115
16,1.033810073733823,3.6546049822931703,-1.099734954212023,25.0,4.031777858734131,2.699781894683838,25.0,3384.1908555866103,115
17,0.9199740274534846,3.619264489238702,-1.0997385677782077,25.0,3.944683074951172,2.699943780899048,25.0,3011.5397937136004,103
18,1.0327095132620336,3.6541263621786366,-1.0997820677964583,25.0,4.032587051391602,2.699458122253418,25.0,3380.441721195122,115
19,1.0237877350889166,3.6412566900253296,-1.099623934218758,25.0,4.027568817138672,2.699781894683838,25.0,3351.730813288479,114
20,1.0147933088206313,3.629120527115543,-1.0995477089839698,25.0,4.0163984298706055,2.699781894683838,25.0,3322.510144200176,113
21,1.0161358262866091,3.635445535710428,-1.0995700844621237,25.0,4.018341064453125,2.699620008468628,25.0,3326.839194836328,113
22,1.0139856932210285,3.6293698053444383,-1.099565289716805,25.0,4.016722202301025,2.699781894683838,25.0,3319.8073616493784,113
23,1.010692656861745,3.632211836321013,-1.0995394608804159,25.0,4.015427112579346,2.699943780899048,25.0,3309.1039222450927,112
24,1.0185908788923703,3.6455182649393,-1.0996531933809803,25.0,4.021578788757324,2.699943780899048,25.0,3334.6234222361236,113
25,1.0211569602275612,3.643953373557643,-1.0996968087397123,25.0,4.025787830352783,2.699943780899048,25.0,3342.890911693801,114
26,1.017613194543551,3.647645701349309,-1.0996627828716177,25.0,4.026759147644043,2.699458122253418,25.0,3331.3908056358923,113
27,1.00625458020583,3.626204720565251,-1.0995410733989306,25.0,4.014132022857666,2.699943780899048,25.0,3294.5729969782406,112
28,0.8777814707366676,3.59138069834028,-1.0995611147004731,25.0,3.9178099632263184,2.699781894683838,25.0,2873.8920047202846,98
29,1.0050369413957596,3.6274925768375397,-1.0995233356952667,25.0,4.014779567718506,2.699781894683838,25.0,3290.6358704776503,112
30,1.0036804214542758,3.634066667642679,-1.099532691208092,25.0,4.014455795288086,2.699781894683838,25.0,3286.1672748522833,111
31,1.0007517929106464,3.6267759799957275,-1.0995245559795483,25.0,4.010894298553467,2.699943780899048,25.0,3276.604047908273,111
32,1.0106149124970736,3.644927088703428,-1.0996620122875487,25.0,4.020931243896484,2.699458122253418,25.0,3308.4834004638833,112
33,1.011770266804997,3.648255867617471,-1.0996684623616082,25.0,4.022873878479004,2.699943780899048,25.0,3312.2498358797166,112
34,1.0020892907721954,3.6342052210558644,-1.0995147937052958,25.0,4.014941692352295,2.699943780899048,25.0,3281.0107811433845,111
35,0.997058958251331,3.6236782739828297,-1.0995310641623832,25.0,4.010085105895996,2.699620008468628,25.0,3264.494441838877,111
36,0.9954108286410384,3.6208678773931555,-1.099521301888131,25.0,4.011541843414307,2.699458122253418,25.0,3259.1355445279623,111
37,0.9943321538868873,3.628676258433949,-1.0994962453842163,25.0,4.010246753692627,2.699943780899048,25.0,3255.6669135672273,110
38,0.9918304942646008,3.623228068785234,-1.099481468850916,25.0,4.007656574249268,2.699781894683838,25.0,3247.525848889083,110
39,1.0017799245551358,3.6404998087668203,-1.0996156705392373,25.0,4.0163984298706055,2.699781894683838,25.0,3279.7011325260974,111
40,1.0040132918586913,3.6377925532204762,-1.099641049546855,25.0,4.019959926605225,2.699943780899048,25.0,3286.936742427293,112
41,0.9985858923077024,3.635708862596804,-1.0995977730364412,25.0,4.021093368530273,2.699781894683838,25.0,3269.2947629461414,111
42,0.9880394808289542,3.6182817242362284,-1.099540574984117,25.0,4.0084662437438965,2.699458122253418,25.0,3234.9326762230485,110
43,0.9887731102053579,3.6224613233046097,-1.0995143055915833,25.0,4.009437561035156,2.699458122253418,25.0,3237.4173400247237,110
44,0.9879429675234914,3.621316348422657,-1.0995093800804832,25.0,4.008790016174316,2.699781894683838,25.0,3234.714232584345,110
45,0.9868452828218373,3.619441418214278,-1.099499529058283,25.0,4.008790016174316,2.699943780899048,25.0,3231.151442399947,110
46,0.9930913209478425,3.635013350573453,-1.0996013229543513,25.0,4.008951663970947,2.699943780899048,25.0,3251.293925059261,110
47,0.9968679708320981,3.6366772651672363,-1.0996140434935286,25.0,4.017693519592285,2.699943780899048,25.0,3263.623822076479,111
48,0.9975050594574354,3.638808027044073,-1.099636822133451,25.0,4.018988609313965,2.699620008468628,25.0,3265.640036357916,111
49,0.9828781669674164,3.6226285138261427,-1.099518779220931,25.0,4.009275436401367,2.699458122253418,25.0,3218.1043693894753,109
50,0.9813861422148977,3.6196833794270087,-1.0995552310156167,25.0,4.006361484527588,2.699943780899048,25.0,3213.104716666625,109
51,0.9928749274002518,3.6263524705713444,-1.09951758926565,25.0,4.006847381591797,2.699620008468628,25.0,3250.8390385070816,110
52,0.9992623204870649,3.637003954466399,-1.099617297584946,25.0,4.016236782073975,2.699781894683838,25.0,3271.4510310548358,111
53,0.9998979272677244,3.639881432593406,-1.09959940008215,25.0,4.018017292022705,2.699943780899048,25.0,3273.5794759144774,111
54,0.9997705036506362,3.6409548402906537,-1.0996156705392373,25.0,4.018826961517334,2.699943780899048,25.0,3273.123889342067,111
55,0.9996859863582428,3.6416184236337474,-1.0996563466819558,25.0,4.019636154174805,2.699781894683838,25.0,3272.718088125577,111
56,0.9998150965366228,3.6430506040384105,-1.0996579737276644,25.0,4.020445823669434,2.699620008468628,25.0,3273.140567920753,111
57,0.9997473641888291,3.6436908524315634,-1.0996514655448295,25.0,4.021255016326904,2.699781894683838,25.0,3272.9378826110624,111
58,0.9996844364139902,3.6445119445388383,-1.0996742441847518,25.0,4.021902561187744,2.699943780899048,25.0,3272.657012020587,111
59,0.9992752276026952,3.6441458775116518,-1.0996937687332566,25.0,4.021902561187744,2.699620008468628,25.0,3271.266559835989,111
60,0.9988864203779798,3.6440146248619834,-1.0997019039618003,25.0,4.022388458251953,2.699943780899048,25.0,3269.969972922001,111
61,0.9985511571277481,3.6438644039738284,-1.0997051580532178,25.0,4.022550106048584,2.699943780899048,25.0,3268.860849775723,111
62,0.9982028222605054,3.6436470994004257,-1.0997198014645964,25.0,4.022550106048584,2.699781894683838,25.0,3267.6734397943364,111
63,0.9979808240054339,3.6436077216724017,-1.0997246826017224,25.0,4.022712230682373,2.699620008468628,25.0,3266.939116200083,111
64,0.9978555073909916,3.643960662790247,-1.0997116662360527,25.0,4.023036003112793,2.699620008468628,25.0,3266.564503544243,111
65,0.9978579116403237,3.6443821481756262,-1.0997263096474312,25.0,4.023521423339844,2.699943780899048,25.0,3266.533779731486,111
66,0.9976119287119761,3.6445338253502375,-1.099721428510305,25.0,4.023845195770264,2.699458122253418,25.0,3265.7370031491155,111
67,0.9974878722043203,3.6447321745726438,-1.099732817830266,25.0,4.024007320404053,2.699943780899048,25.0,3265.29986404418,111
68,0.9970843806055942,3.6443923615120553,-1.0996498384991207,25.0,4.024007320404053,2.699943780899048,25.0,3264.2218155200826,111
69,0.98198342609846,3.6267038791551505,-1.0994657584286611,25.0,4.0126752853393555,2.699781894683838,25.0,3215.3242184128612,109
70,0.97928742193563,3.6204096374161745,-1.0994359342330093,25.0,4.008951663970947,2.699943780899048,25.0,3206.58950084378,109
71,0.9787553382809207,3.6198749717222443,-1.099518779220931,25.0,4.0084662437438965,2.699781894683838,25.0,3204.6051423575263,109
72,0.976497350331655,3.623338418978232,-1.0995133022467296,25.0,4.007332801818848,2.699943780899048,25.0,3197.230005777441,108
73,0.975166141301821,3.6203045646349588,-1.0995166467295752,25.0,4.004742622375488,2.699620008468628,25.0,3192.855022758711,108
74,0.9878394478511849,3.634819087115201,-1.0996128158135847,25.0,4.015750885009766,2.699943780899048,25.0,3234.077258674195,110
75,0.9894880555585326,3.6389280492609197,-1.0996669964356856,25.0,4.018179416656494,2.699620008468628,25.0,3239.3124934803927,110
76,0.9807554660780975,3.6269474467006297,-1.0995701431134426,25.0,4.013322830200195,2.699943780899048,25.0,3210.996700261254,109
77,0.9740178471371679,3.6190634391925953,-1.0995099577638838,25.0,4.005552291870117,2.699620008468628,25.0,3189.1207614005543,108
78,0.9739534316759697,3.62134333230831,-1.0995266801781125,25.0,4.006847381591797,2.699943780899048,25.0,3188.855635134154,108
79,0.9738632670314216,3.620845682091183,-1.0995250079366896,25.0,4.005552291870117,2.699943780899048,25.0,3188.5579573441064,108
80,0.9731077833757098,3.6200977122342146,-1.0995216634538438,25.0,4.006199836730957,2.699781894683838,25.0,3186.105752269621,108
81,0.981182743232279,3.6311921176560427,-1.0995999673090944,25.0,4.010408878326416,2.699781894683838,25.0,3212.310718197725,109
82,0.9835104050310017,3.636032356034725,-1.0996115656074035,25.0,4.015427112579346,2.699296236038208,25.0,3219.904453217052,109
83,0.9855418223063779,3.633126648989591,-1.0996817729689858,25.0,4.017531871795654,2.699943780899048,25.0,3226.3438435603166,110
84,0.9706022811936632,3.61488288420218,-1.0995099577638838,25.0,4.006361484527588,2.699620008468628,25.0,3177.9332277646754,108
85,0.9689585984928787,3.6110815736982556,-1.0995233356952667,25.0,4.0042572021484375,2.699620008468628,25.0,3172.5114412993426,108
86,0.9686629331046523,3.61153425110711,-1.0994982520739238,25.0,4.0042572021484375,2.699620008468628,25.0,3171.620755085256,108
87,0.969735727555339,3.614728494926735,-1.099518318970998,25.0,4.003933429718018,2.699620008468628,25.0,3175.073937488487,108
88,0.9697847645437917,3.6146235686761363,-1.099483201901118,25.0,4.003447532653809,2.699620008468628,25.0,3175.339390729321,108
89,0.9800397295959137,3.632259970411248,-1.0996248208054709,25.0,4.013160705566406,2.699943780899048,25.0,3208.4990294871386,109
90,0.9812199125978018,3.6354471959105323,-1.0996413898030553,25.0,4.015265464782715,2.699620008468628,25.0,3212.3122822106816,109
91,0.9717711892562347,3.6213058586473816,-1.0995133022467296,25.0,4.008142471313477,2.699781894683838,25.0,3181.7461390681565,108
92,0.9668769506157853,3.6183562635261324,-1.099446959584673,25.0,4.002638339996338,2.699620008468628,25.0,3165.917519746581,107
93,0.9671761037740951,3.6198782898555293,-1.099536416686584,25.0,4.004742622375488,2.699620008468628,25.0,3166.6370220240206,107
94,0.9661292256218377,3.618360797935557,-1.0994908442007048,25.0,4.004095077514648,2.699781894683838,25.0,3163.339932979783,107
95,0.9641627317438929,3.613817404363757,-1.0994975956800943,25.0,4.003123760223389,2.699943780899048,25.0,3156.886631634319,107
96,0.9734950697897191,3.628325402736664,-1.0995852086279128,25.0,4.007332801818848,2.699943780899048,25.0,3187.185342301149,108
97,0.9772082314640317,3.6285618488941718,-1.0996264777052294,25.0,4.012836933135986,2.699781894683838,25.0,3199.217537372373,109
98,0.9754521506791118,3.636286278565725,-1.0996387203534443,25.0,4.014455795288086,2.699943780899048,25.0,3193.4369017600548,108
99,0.9622169426031612,3.6103981387949435,-1.0994975956800943,25.0,4.001990795135498,2.699781894683838,25.0,3150.5114890041295,107
100,0.9627434674594871,3.6123074794484076,-1.0995178501182628,25.0,4.002314567565918,2.699620008468628,25.0,3152.1836603730917,107
101,0.9673602026593002,3.6179326360470783,-1.0994756533720782,25.0,4.002962112426758,2.699620008468628,25.0,3167.4172241766937,107
102,0.9661403358997913,3.61651349067688,-1.0994874684610099,25.0,4.001343250274658,2.699943780899048,25.0,3163.386021455284,107
103,0.9756057401784447,3.6320547704343444,-1.099593569835027,25.0,4.010408878326416,2.699781894683838,25.0,3194.075762588065,108
104,0.9769814739718512,3.6273870621252495,-1.099618193206437,25.0,4.0126752853393555,2.699620008468628,25.0,3198.4983342660125,109
105,0.9771598664880713,3.628367288396993,-1.099594996609819,25.0,4.013808250427246,2.699943780899048,25.0,3199.155049393885,109
106,0.9772508085458138,3.628800965230399,-1.0996380760035385,25.0,4.014455795288086,2.699943780899048,25.0,3199.327077368973,109
107,0.9773392484984971,3.62969950579722,-1.0996264777052294,25.0,4.014779567718506,2.699943780899048,25.0,3199.6557097234763,109
108,0.9792222423880917,3.6349154896692397,-1.0996563019008812,25.0,4.016722202301025,2.699943780899048,25.0,3205.734540033387,109
109,0.9796417305291352,3.6361749303450277,-1.0996778415977408,25.0,4.017369747161865,2.699458122253418,25.0,3207.04709976539,109
110,0.9799876016742742,3.637161099582637,-1.099697724394842,25.0,4.018179416656494,2.699620008468628,25.0,3208.110501170391,109
111,0.9801591858875085,3.6379126058805973,-1.0996910967958082,25.0,4.018664836883545,2.699781894683838,25.0,3208.6886108124163,109
112,0.9802976106741003,3.6383908385530526,-1.0996728708984655,25.0,4.018988609313965,2.699781894683838,25.0,3209.2045972943306,109
113,0.9804305395014383,3.6388764971986824,-1.099712636492668,25.0,4.019312381744385,2.699781894683838,25.0,3209.517176546855,109
114,0.9804652932626718,3.639278987132081,-1.0997043519938758,25.0,4.019474506378174,2.699781894683838,25.0,3209.658063763054,109
115,0.9806595264992721,3.6399458395231754,-1.099697724394842,25.0,4.020122051239014,2.699943780899048,25.0,3210.314450711012,109
116,0.9808838284018151,3.640535455231273,-1.0998153642776909,25.0,4.0202836990356445,2.699943780899048,25.0,3210.7029672276694,109
117,0.981394693835047,3.6419151988598184,-1.0998617585645902,25.0,4.021093368530273,2.699781894683838,25.0,3212.2372562240344,109
118,0.9810523183722156,3.6412839889526367,-1.0998219929703879,25.0,4.020931243896484,2.699943780899048,25.0,3211.2372913633008,109
119,0.9810614614467673,3.641429538026862,-1.0998103935784156,25.0,4.020931243896484,2.699458122253418,25.0,3211.2999900614377,109
120,0.9689168600876475,3.620303061273363,-1.0996654762162104,25.0,4.011218070983887,2.699620008468628,25.0,3171.9658323540352,108
121,0.9638531225374262,3.6173622496774263,-1.0996343131377317,25.0,4.005390167236328,2.699943780899048,25.0,3155.4808111633174,107
122,0.9641554638139357,3.618654313488541,-1.0995971800010895,25.0,4.004904747009277,2.699943780899048,25.0,3156.574438123731,107
123,0.9639093112391104,3.6186331321145886,-1.0996376888774266,25.0,4.005066394805908,2.699781894683838,25.0,3155.6527536311187,107
124,0.9619977839258876,3.614021657783294,-1.0996360010075792,25.0,4.003285884857178,2.699943780899048,25.0,3149.402479415294,107
125,0.970067299843132,3.6259765625,-1.0997223324245877,25.0,4.0084662437438965,2.699620008468628,25.0,3175.5772928553633,108
126,0.9735787979401139,3.634826315773858,-1.099717315700319,25.0,4.014617919921875,2.699620008468628,25.0,3187.0789758637547,108
127,0.8508451467731023,3.598697501734683,-1.0997509893618131,25.0,3.9207239151000977,2.699620008468628,25.0,2785.210034284275,95
128,0.9635833894308408,3.619557545563885,-1.099603931480479,25.0,4.006685256958008,2.699943780899048,25.0,3154.6843603379093,107
129,0.9614784633947303,3.614375682634728,-1.0996140586995633,25.0,4.003933429718018,2.699781894683838,25.0,3147.7621031331364,107
130,0.9624717149887926,3.6174424340791793,-1.0995229137278049,25.0,4.006685256958008,2.699781894683838,25.0,3151.277863324387,107
131,0.9599401977989783,3.610643237550682,-1.0995195379881102,25.0,4.005066394805908,2.699781894683838,25.0,3142.9967639464885,107
132,0.9574109153097277,3.613411437790349,-1.0995071496603623,25.0,4.002152442932129,2.699943780899048,25.0,3134.746707026148,106
133,0.970169336606615,3.6288080634894193,-1.099633703629176,25.0,4.011056423187256,2.699943780899048,25.0,3176.1563271214254,108
134,0.9728196389804434,3.635329963984313,-1.0996621317333646,25.0,4.014941692352295,2.699781894683838,25.0,3184.7513965943363,108
135,0.9665087809223117,3.629052823949083,-1.0996292495281896,25.0,4.0165605545043945,2.699620008468628,25.0,3164.187396687921,107
136,0.9584295442188879,3.6167026060932086,-1.099539521730171,25.0,4.004580974578857,2.699943780899048,25.0,3137.9968490961473,106
137,0.9595318567306506,3.6114647700407794,-1.0995313530770419,25.0,4.005228519439697,2.699781894683838,25.0,3141.6221072426997,107
138,0.9606017038834734,3.6152108294941554,-1.0995499196453629,25.0,4.005876064300537,2.699781894683838,25.0,3145.0753699056804,107
139,0.9596916458433701,3.6126645368950387,-1.0995195379881102,25.0,4.004580974578857,2.699943780899048,25.0,3142.1845648924354,107
140,0.9647942950518739,3.6248195862101618,-1.0994992835499415,25.0,4.003933429718018,2.699620008468628,25.0,3158.9517124127597,107
141,0.9712787101557966,3.634007893226765,-1.0995551082823012,25.0,4.014779567718506,2.699943780899048,25.0,3180.0170970072504,108
142,0.9726885728089226,3.637311557928721,-1.0995985865592957,25.0,4.016722202301025,2.699943780899048,25.0,3184.50272977422,108
143,0.9615945395945455,3.61889941224428,-1.0994418959751306,25.0,4.008142471313477,2.699781894683838,25.0,3148.637974078534,107
144,0.9590326501158135,3.612408845224113,-1.0994199536671148,25.0,4.004742622375488,2.699943780899048,25.0,3140.3095524832606,107
145,0.9594562663440195,3.6134316029949725,-1.0994402081052834,25.0,4.004580974578857,2.699943780899048,25.0,3141.63742519659,107
146,0.9585970100946538,3.620184673453277,-1.0995105572466581,25.0,4.0042572021484375,2.699943780899048,25.0,3138.6218378201593,106
147,0.9570915977108447,3.6166048657219365,-1.0995310027644318,25.0,4.002314567565918,2.699781894683838,25.0,3133.637178810779,106
148,0.9630788890268784,3.6268590477025398,-1.0996343131377317,25.0,4.009761333465576,2.699781894683838,25.0,3152.9368507510517,107
149,0.9556489693651289,3.6138069877084695,-1.0995241875918407,25.0,4.000533580780029,2.699943780899048,25.0,3128.934008118231,106
150,0.9545030452278183,3.611496295569078,-1.0994645548316668,25.0,3.9990766048431396,2.699943780899048,25.0,3125.3552652036306,106
151,0.9611740892854279,3.611747690450365,-1.0994857805911626,25.0,4.001667022705078,2.699943780899048,25.0,3147.1367017952725,107
152,0.960088918852512,3.610012335197948,-1.0995094107690258,25.0,4.001181125640869,2.699781894683838,25.0,3143.5116950641386,107
153,0.9579465064506957,3.61415366856557,-1.0994901117288842,25.0,3.9990766048431396,2.699781894683838,25.0,3136.5584459172096,106
154,0.9667326789462323,3.6290437395327557,-1.0996140586995633,25.0,4.007656574249268,2.699781894683838,25.0,3164.9672108201776,107
155,0.968283191951959,3.6247759064038596,-1.0996119644906786,25.0,4.010408878326416,2.699943780899048,25.0,3170.0458281021565,108
156,0.9690017394639475,3.627051298265104,-1.0996520982848272,25.0,4.011703968048096,2.699943780899048,25.0,3172.2810915398877,108
157,0.969397282353598,3.6284183352081865,-1.0996520982848272,25.0,4.0126752853393555,2.699296236038208,25.0,3173.578080062056,108
158,0.9695840015258769,3.6291797999982482,-1.0996638039747875,25.0,4.013322830200195,2.699943780899048,25.0,3174.1562869513873,108
159,0.9699868375837182,3.6303894453578525,-1.0996755096647475,25.0,4.013970375061035,2.699458122253418,25.0,3175.43809991749,108
160,0.9169464556782825,3.670118485346879,-1.0996757745742798,25.0,4.014455795288086,3.3973474502563477,25.0,3001.800018802751,101
161,0.9715842487652343,3.628407844790706,-1.0996236701806386,25.0,4.015913009643555,2.699943780899048,25.0,3180.822291933,108
162,0.9761523852277127,3.637016267688186,-1.0996604594919417,25.0,4.014294147491455,2.699943780899048,25.0,3195.6668987888843,108
163,0.9790495367853779,3.6356135333349946,-1.0996761846979823,25.0,4.017208099365234,2.699943780899048,25.0,3205.1060923656914,109
164,0.9799956031913376,3.636651677822848,-1.0996828122970161,25.0,4.017369747161865,2.699943780899048,25.0,3208.184504184639,109
165,0.9708684721211278,3.622083807433093,-1.0995952420764499,25.0,4.011056423187256,2.699781894683838,25.0,3178.555779458955,108
166,0.9708236963720691,3.621493222536864,-1.0996002588007185,25.0,4.010246753692627,2.699943780899048,25.0,3178.3995871532243,108
167,0.9737239754322682,3.6292037853488215,-1.0995985876630854,25.0,4.012513160705566,2.699620008468628,25.0,3187.900234656874,108
168,0.975785844621021,3.6348667829125016,-1.0996587872505188,25.0,4.015589237213135,2.699781894683838,25.0,3194.479297064012,108
169,0.9755914486374876,3.634357143331457,-1.099657115009096,25.0,4.016236782073975,2.699781894683838,25.0,3193.838917498477,108
170,0.9800371891793533,3.6373244731798087,-1.0997225778912185,25.0,4.018503189086914,2.699620008468628,25.0,3208.201628528768,109
171,0.9808490066100785,3.6395953292146737,-1.0997060088936341,25.0,4.019959926605225,2.699943780899048,25.0,3210.905152305728,109
172,0.9759877025620872,3.636969795933476,-1.0996888875961304,25.0,4.0202836990356445,2.699781894683838,25.0,3195.043949037092,108
173,0.972333115209891,3.6274620117964567,-1.0996504260434046,25.0,4.013160705566406,2.699620008468628,25.0,3183.1972009399906,108
174,0.972137322069835,3.6268429491255016,-1.0996219979392157,25.0,4.0121893882751465,2.699620008468628,25.0,3182.634687103564,108
175,0.9747611150856726,3.6344560693811485,-1.0996638039747875,25.0,4.015427112579346,2.699781894683838,25.0,3191.1045266832225,108
176,0.974677795768321,3.634229732884301,-1.0996922320789762,25.0,4.015750885009766,2.699943780899048,25.0,3190.7479453606065,108
177,0.9761460789235906,3.6283687779662808,-1.0997076657933926,25.0,4.014294147491455,2.699943780899048,25.0,3195.511994746048,109
178,0.9784652073052531,3.6358749232160936,-1.099724234790977,25.0,4.018017292022705,2.699943780899048,25.0,3203.0465777148493,109
179,0.9788129167169828,3.6370289194474528,-1.0997374899890444,25.0,4.018503189086914,2.699943780899048,25.0,3204.156574325869,109
180,0.9705506456667059,3.6246949632962546,-1.0996420648362901,25.0,4.012999057769775,2.699620008468628,25.0,3177.385737760924,108
181,0.970361195916104,3.6250457167625427,-1.0996487538019817,25.0,4.0123515129089355,2.699781894683838,25.0,3176.74498793995,108
182,0.969855505398661,3.6244491360805653,-1.0996102922492557,25.0,4.0123515129089355,2.699943780899048,25.0,3175.198313071858,108
183,0.9689178048840592,3.622323634447875,-1.0996286869049072,25.0,4.011865615844727,2.699943780899048,25.0,3172.0731390593573,108
184,0.9669031122715492,3.6260511295817723,-1.0996393767472739,25.0,4.010408878326416,2.699943780899048,25.0,3165.4475430883467,107
185,0.9734196169724701,3.6351905597580805,-1.099693904320399,25.0,4.014455795288086,2.699943780899048,25.0,3186.623963053804,108
186,0.9748884744938824,3.638777523129075,-1.0997039377689362,25.0,4.0168843269348145,2.699943780899048,25.0,3191.406488715671,108
187,0.9706126722678549,3.6300341928446733,-1.0996972488032446,25.0,4.017693519592285,2.699943780899048,25.0,3177.420026130043,108
188,0.9662209647620187,3.6255927063594355,-1.099617434439258,25.0,4.010732650756836,2.699943780899048,25.0,3163.2758750962093,107
189,0.9671190405778113,3.628874292997556,-1.0996157465694107,25.0,4.011541843414307,2.699620008468628,25.0,3166.229547203053,107
190,0.9679988803769557,3.6227987982608654,-1.099633703629176,25.0,4.012836933135986,2.699620008468628,25.0,3169.057858721819,108
191,0.9696238579023481,3.627985139687856,-1.0996520982848272,25.0,4.014132022857666,2.699943780899048,25.0,3174.308713969309,108
192,0.9704493736254717,3.6291483177079096,-1.0996604594919417,25.0,4.0121893882751465,2.699458122253418,25.0,3176.996687218547,108
193,0.973911623366786,3.6394550469186573,-1.0997106267346277,25.0,4.017531871795654,2.699943780899048,25.0,3188.187706524506,108
194,0.9745546265448853,3.640994462702009,-1.0997524327701993,25.0,4.018826961517334,2.699620008468628,25.0,3190.1728506954387,108
195,0.974823089321013,3.6418968218344228,-1.099769155184428,25.0,4.018988609313965,2.699458122253418,25.0,3191.0016287383623,108
196,0.9749752322160605,3.642316526836819,-1.099767482943005,25.0,4.019798278808594,2.699943780899048,25.0,3191.5018111392856,108
197,0.9749658635424496,3.642439440444664,-1.0997842053572338,25.0,4.019798278808594,2.699458122253418,25.0,3191.4246158306487,108
198,0.9760266462910255,3.6365135547217973,-1.099812050478174,25.0,4.020931243896484,2.699620008468628,25.0,3194.815602617804,109
199,0.9763695677697816,3.6375561613555347,-1.099800452179865,25.0,4.021740913391113,2.699620008468628,25.0,3195.9724278682843,109
200,0.9765235324456532,3.638083401076291,-1.0997871969817976,25.0,4.022388458251953,2.699296236038208,25.0,3196.5195975066163,109
201,0.9765169425705376,3.638362613293009,-1.0998054228791403,25.0,4.022550106048584,2.699943780899048,25.0,3196.441367139574,109
202,0.9765133075895694,3.6386017296292366,-1.0998170211774494,25.0,4.022873878479004,2.699620008468628,25.0,3196.394904716406,109
203,0.9762113230226165,3.638261628807138,-1.0998103935784156,25.0,4.022712230682373,2.699781894683838,25.0,3195.4261081404984,109
204,0.9762982725185432,3.63842202545306,-1.0998037659793818,25.0,4.023036003112793,2.699458122253418,25.0,3195.723215154838,109
205,0.9761319163172137,3.6383433101374076,-1.0998219918767247,25.0,4.022873878479004,2.699943780899048,25.0,3195.129374640528,109
206,0.9761550839470211,3.638675993735637,-1.099800452179865,25.0,4.023197650909424,2.699943780899048,25.0,3195.2704990184866,109
207,0.9761775572064457,3.6388170872259575,-1.0998153642776909,25.0,4.023521423339844,2.699781894683838,25.0,3195.3021325571463,109
208,0.9761116752350864,3.6390101625285016,-1.0997954814805897,25.0,4.023521423339844,2.699458122253418,25.0,3195.1459357324056,109
209,0.9758168980421608,3.6385497543789924,-1.0998103935784156,25.0,4.023359775543213,2.699620008468628,25.0,3194.1302648195997,109
210,0.9682100346376737,3.628544246708905,-1.0996872153547075,25.0,4.016722202301025,2.699781894683838,25.0,3169.5905412198044,108
211,0.9865505139742731,3.6455301472900112,-1.0996960674950835,25.0,4.024331092834473,2.699620008468628,25.0,3229.6061377120204,109
212,0.9843981214485797,3.6421275795052903,-1.0997176071919432,25.0,4.023683547973633,2.699781894683838,25.0,3222.496839834843,109
213,0.9857103878530331,3.64238005821858,-1.0996910967958082,25.0,4.020931243896484,2.699781894683838,25.0,3226.872359641362,109
214,0.9921056352552845,3.650452837077054,-1.099816404689442,25.0,4.027082920074463,2.699943780899048,25.0,3247.42592765484,110
215,0.9934798365640252,3.652635353261774,-1.0998164036057212,25.0,4.027568817138672,2.699781894683838,25.0,3251.9276448776945,110
216,0.985682486919969,3.6418112286733924,-1.0997109795929094,25.0,4.022550106048584,2.699943780899048,25.0,3226.7169261612,109
217,0.9842770576830607,3.6386448002736502,-1.0997093226931511,25.0,4.019636154174805,2.699781894683838,25.0,3222.122010588646,109
218,0.9848239433604363,3.640670599193748,-1.0997258916907353,25.0,4.021255016326904,2.699943780899048,25.0,3223.856885394547,109
219,0.9842846757532673,3.6399205780904227,-1.099712636492668,25.0,4.020931243896484,2.699781894683838,25.0,3222.137830833439,109
220,0.9821319740849236,3.6348783663653452,-1.0996695570989485,25.0,4.018826961517334,2.699943780899048,25.0,3215.215403131675,109
221,0.9884678588066889,3.6427147019993176,-1.0998098362575879,25.0,4.022550106048584,2.699620008468628,25.0,3235.5493099056184,110
222,0.9895241523318328,3.6456713221289894,-1.0998032689094543,25.0,4.024654865264893,2.699943780899048,25.0,3239.01973980153,110
223,0.9863845951770351,3.6401539585807106,-1.0997802831909873,25.0,4.025140285491943,2.699620008468628,25.0,3228.8154683844186,110
224,0.9789482028304449,3.6287712613377003,-1.0996844691967746,25.0,4.017045974731445,2.699781894683838,25.0,3204.7460706694983,109
225,0.9797743474267994,3.6322510636180914,-1.0996960674950835,25.0,4.017208099365234,2.699620008468628,25.0,3207.4190254774876,109
226,0.9796444860926897,3.633088711204879,-1.0997159502921847,25.0,4.018179416656494,2.699943780899048,25.0,3206.934847302735,109
227,0.9717814484153164,3.62244654584814,-1.0995969143178728,25.0,4.010894298553467,2.699943780899048,25.0,3181.5405759108253,108
228,0.9724967925943973,3.6231600487673723,-1.0996069477664099,25.0,4.006199836730957,2.699943780899048,25.0,3183.8535835547373,108
229,0.9800932855061139,3.6378903301483994,-1.0997557158863873,25.0,4.018664836883545,2.699943780899048,25.0,3208.296939219814,109
230,0.9811748483435005,3.6411889364959995,-1.099788853881556,25.0,4.0206074714660645,2.699943780899048,25.0,3211.736206382513,109
231,0.9700540932464404,3.6218214918065956,-1.0996855431132846,25.0,4.010408878326416,2.699781894683838,25.0,3175.634119144641,108
232,0.9640671079876955,3.616207871481637,-1.0996393767472739,25.0,4.0042572021484375,2.699781894683838,25.0,3156.1644629915245,107
233,0.9629167422558049,3.615127619181838,-1.0996427524869687,25.0,4.005552291870117,2.699943780899048,25.0,3152.3837495115586,107
234,0.9609251762818792,3.6112242101508882,-1.099576925562921,25.0,4.003285884857178,2.699781894683838,25.0,3146.055087212473,107
235,0.95898760227221,3.615813763636463,-1.0995344103507276,25.0,4.001667022705078,2.699458122253418,25.0,3139.836115606595,106
236,0.9696927308351921,3.6290703724931785,-1.0996537705262501,25.0,4.0121893882751465,2.699620008468628,25.0,3174.5439108344726,108
237,0.9722167198824122,3.6360689357475,-1.0997323658731248,25.0,4.016722202301025,2.699620008468628,25.0,3182.5771121983416,108
238,0.9731288414686418,3.638711573901,-1.0997340381145477,25.0,4.018503189086914,2.699620008468628,25.0,3185.5624686260708,108
239,0.8520051918689032,3.6040005382738616,-1.0997490882873535,25.0,3.9252567291259766,2.699620008468628,25.0,2789.0200939290226,95
240,0.9733183803640845,3.640691675521709,-1.099767482943005,25.0,4.0202836990356445,2.699943780899048,25.0,3186.079531769268,108
241,0.9739910305284178,3.642578838048158,-1.0996888875961304,25.0,4.021093368530273,2.699781894683838,25.0,3188.5024283309467,108
242,0.9745203319929617,3.6444675039362022,-1.099730693631702,25.0,4.022388458251953,2.699943780899048,25.0,3190.1284943311475,108
243,0.9745384311255758,3.645073078296803,-1.0997273491488562,25.0,4.023036003112793,2.699943780899048,25.0,3190.1916447915137,108
244,0.9740801720141943,3.6447358153484486,-1.0997373825973935,25.0,4.023521423339844,2.699781894683838,25.0,3188.6610173163936,108
245,0.9725530114556886,3.6414126643428095,-1.0997089544932048,25.0,4.021740913391113,2.699781894683838,25.0,3183.7386782770045,108
246,0.9719787303005576,3.64071265635667,-1.099730693631702,25.0,4.021255016326904,2.699943780899048,25.0,3181.8012829306535,108
247,0.9713920805843862,3.640032136881793,-1.0997223324245877,25.0,4.021255016326904,2.699781894683838,25.0,3179.9104733122513,108
248,0.9708103433569317,3.6390937986197294,-1.0997574494944677,25.0,4.020931243896484,2.699781894683838,25.0,3177.8949606125243,108
249,0.9706502641317633,3.639580954004217,-1.0997373825973935,25.0,4.021578788757324,2.699943780899048,25.0,3177.426561521832,108
250,0.970381406626289,3.6395329899258084,-1.0997340381145477,25.0,4.021740913391113,2.699943780899048,25.0,3176.551937590819,108
251,0.9700723619292726,3.6392976531275996,-1.0997407270802393,25.0,4.021417140960693,2.699943780899048,25.0,3175.5346782375127,108
252,0.9696560992754936,3.639111783769396,-1.0997390548388164,25.0,4.022064685821533,2.699943780899048,25.0,3174.175637345761,108
253,0.9692852186744797,3.6387145629635564,-1.0997256769074335,25.0,4.022064685821533,2.699781894683838,25.0,3172.9901176551357,108
254,0.9516081071327781,3.6135152870754026,-1.0995378179370232,25.0,4.0084662437438965,2.699943780899048,25.0,3115.666953583248,106
255,0.9496041322523994,3.617470407485962,-1.0995048454829626,25.0,4.002962112426758,2.699781894683838,25.0,3109.197371041868,105
256,0.9431379977523879,3.603722454252697,-1.0995478459766932,25.0,4.003123760223389,2.699620008468628,25.0,3087.9011560478248,105
257,0.9421844383847818,3.603412562324887,-1.099589126450675,25.0,4.002638339996338,2.699781894683838,25.0,3084.6661040936597,105
258,0.9395624859223597,3.6071186547095957,-1.0995598034216807,25.0,4.000533580780029,2.699943780899048,25.0,3076.165610561613,104
259,0.9541797626062781,3.6277291617303526,-1.0997099010449536,25.0,4.011541843414307,2.699620008468628,25.0,3123.593033285346,106
260,0.9569570500025528,3.634849080499613,-1.099774645184571,25.0,4.015265464782715,2.699943780899048,25.0,3132.5005460307,106
261,0.9500912411449285,3.6145980880374,-1.099582246371678,25.0,4.003447532653809,2.699781894683838,25.0,3110.571885849349,105
262,0.9468727770456621,3.609806269691104,-1.0995633261544364,25.0,4.002476215362549,2.699943780899048,25.0,3100.0872639212757,105
263,0.9516958689139214,3.6152639591468954,-1.0996383417327449,25.0,4.000371932983398,2.699943780899048,25.0,3115.667892476544,106
264,0.9571449317714334,3.630520926331574,-1.0997013820792145,25.0,4.011703968048096,2.699781894683838,25.0,3133.3270170791075,106
265,0.9578208875765116,3.6331065173419015,-1.0997576072530926,25.0,4.013646602630615,2.699781894683838,25.0,3135.374741488602,106
266,0.9434897833820592,3.608529690333775,-1.0995788063321794,25.0,4.002476215362549,2.699943780899048,25.0,3088.9624092625454,105
267,0.938352472758337,3.6053846134589267,-1.099526808812068,25.0,3.99810528755188,2.699781894683838,25.0,3072.290005775634,104
268,0.9365481213122245,3.6037859870837283,-1.099516389461664,25.0,3.99745774269104,2.699620008468628,25.0,3066.41486363532,104
269,0.936280420223635,3.6163928417059092,-1.099651841016916,25.0,4.001990795135498,2.699943780899048,25.0,3065.157244756818,104
270,0.9301772394429639,3.61126764769693,-1.0996088148320762,25.0,4.0000481605529785,2.699943780899048,25.0,3045.2977067115717,103
271,0.9328516818930903,3.605691263308892,-1.0995702227720847,25.0,3.9984290599823,2.699943780899048,25.0,3054.1584129733965,104
272,0.9386887463008117,3.618804005476145,-1.0996448947833135,25.0,3.9968101978302,2.699943780899048,25.0,3073.0641884543,104
273,0.9465277215531702,3.6290182545071556,-1.099700927734375,25.0,4.009922981262207,2.699620008468628,25.0,3098.5665125031956,105
274,0.9488588077236465,3.632905054092407,-1.0997043677738734,25.0,4.012027740478516,2.699781894683838,25.0,3106.19157445617,105
275,0.9378936706752531,3.612658576323436,-1.0995771690056875,25.0,4.000695705413818,2.699296236038208,25.0,3070.6565194991417,104
276,0.9351148731777766,3.605359701009897,-1.099573695888886,25.0,3.9964864253997803,2.699943780899048,25.0,3061.562760324683,104
277,0.934772332424456,3.605344137320152,-1.0995511206296773,25.0,3.99826717376709,2.699620008468628,25.0,3060.5004653395154,104
278,0.9325161470469308,3.5998602624122915,-1.099568486213684,25.0,3.9964864253997803,2.699620008468628,25.0,3053.060738025233,104
279,0.9311243572018452,3.605215000874788,-1.099528157595292,25.0,3.9948675632476807,2.699620008468628,25.0,3048.6253529796377,103
280,0.940391416330029,3.622116432740138,-1.0996483679001148,25.0,4.002962112426758,2.699296236038208,25.0,3078.6281132604927,104
281,0.9436913996426741,3.6224780718485516,-1.099716407912118,25.0,4.0084662437438965,2.699781894683838,25.0,3089.2385187498294,105
282,0.9415940698229832,3.6205107757023405,-1.0996734074183874,25.0,4.010732650756836,2.699620008468628,25.0,3082.4901325516403,105
283,0.9307525878216458,3.6072723657182117,-1.0995527054499654,25.0,3.99729585647583,2.699943780899048,25.0,3047.3439513579942,103
284,0.9304060972235133,3.6081195178541163,-1.0995877738137847,25.0,3.99745774269104,2.699620008468628,25.0,3046.109867576044,103
285,0.9276276555541646,3.6022931973911025,-1.0995386781044376,25.0,3.9953532218933105,2.699943780899048,25.0,3037.141059679445,103
286,0.9262835540867704,3.600474732593425,-1.0995176370861461,25.0,3.9947056770324707,2.699781894683838,25.0,3032.7974199294113,103
287,0.9259179189393253,3.5991843672632013,-1.0995421849408196,25.0,3.9929251670837402,2.699620008468628,25.0,3031.545438496396,103
288,0.9353659188509761,3.6173127866708317,-1.09966226036732,25.0,4.0042572021484375,2.699943780899048,25.0,3062.143592692446,104
289,0.9371567569518977,3.622242521781188,-1.0996657334841216,25.0,4.007332801818848,2.699781894683838,25.0,3067.9879721221514,104
290,0.9269598639578512,3.605133271911769,-1.0995579657045382,25.0,3.9987528324127197,2.699781894683838,25.0,3034.9069439130835,103
291,0.9246794930326586,3.6015529285356838,-1.0995579657045382,25.0,3.99729585647583,2.699943780899048,25.0,3027.438516428694,103
292,0.9261188779221268,3.607074327839231,-1.0995825135592119,25.0,4.000857353210449,2.699943780899048,25.0,3032.079649292864,103
293,0.9252269573782881,3.6051285590940307,-1.0995807601410208,25.0,4.000695705413818,2.699620008468628,25.0,3029.1737993927673,103
294,0.9245897659930417,3.604614614282997,-1.0996088148320762,25.0,4.001504898071289,2.699943780899048,25.0,3027.0042490703054,103
295,0.9298213952929761,3.6185446456798074,-1.0996456366140865,25.0,4.001181125640869,2.699943780899048,25.0,3044.0346269756556,103
296,0.9333822269305097,3.6188849485837498,-1.0997056743273368,25.0,4.008142471313477,2.699620008468628,25.0,3055.5210607443005,104
297,0.9341941435413493,3.621523377987055,-1.0997126205609395,25.0,4.009599208831787,2.699943780899048,25.0,3058.1627947944216,104
298,0.9229473132949259,3.612209483688953,-1.0996056689935572,25.0,4.002476215362549,2.699781894683838,25.0,3021.642440418713,102
299,0.9224817345020283,3.6123364509320726,-1.0996180632535149,25.0,4.001504898071289,2.699943780899048,25.0,3020.081283957232,102
300,0.9224140849739907,3.613045895800871,-1.0996304575134725,25.0,4.002314567565918,2.699943780899048,25.0,3019.8296890854836,102
301,0.9216719911582957,3.612176154174057,-1.099632228122038,25.0,4.002476215362549,2.699620008468628,25.0,3017.392261660658,102
302,0.9191035262452889,3.6069846971362245,-1.0996021277764265,25.0,3.9998860359191895,2.699943780899048,25.0,3009.0644199969247,102
303,0.9276493447372179,3.6202012242622748,-1.099682458396097,25.0,4.006523609161377,2.699943780899048,25.0,3036.818333417177,103
304,0.9291080492161091,3.6238821594460497,-1.099728047269062,25.0,4.008627891540527,2.699943780899048,25.0,3041.4622033648193,103
305,0.9296068668103707,3.6254585830910693,-1.0997368143600168,25.0,4.009599208831787,2.699781894683838,25.0,3043.0851659881882,103
306,0.9295398398505436,3.6258043571583274,-1.099729800687253,25.0,4.010246753692627,2.699781894683838,25.0,3042.8824540181085,103
307,0.9294438084297065,3.626065258840913,-1.0997333075236349,25.0,4.010246753692627,2.699943780899048,25.0,3042.5544636193663,103
308,0.9292512015082318,3.626235003610259,-1.0997368143600168,25.0,4.010570526123047,2.699620008468628,25.0,3041.914113418665,103
309,0.929119395881978,3.6264754730520896,-1.0997403211963988,25.0,4.011056423187256,2.699458122253418,25.0,3041.4769015740603,103
310,0.8003115845277882,3.5916266869962885,-1.0997369128666568,25.0,3.9127917289733887,2.699458122253418,25.0,2619.8287043939345,89
311,0.9285852393964767,3.627225179116703,-1.0997508417055444,25.0,4.012999057769775,2.699943780899048,25.0,3039.6964583103545,103
312,0.928712740351601,3.627729693662773,-1.0997490882873535,25.0,4.012836933135986,2.699943780899048,25.0,3040.1183829875663,103
313,0.7999367263971706,3.5916030406951904,-1.0997592344712674,25.0,3.9136011600494385,2.699943780899048,25.0,2618.547799921129,89
314,0.9278630813196498,3.62721102908977,-1.099775389560218,25.0,4.013160705566406,2.699781894683838,25.0,3037.259232042823,103
315,0.9276574664608275,3.6270915836963837,-1.099770129305645,25.0,4.012999057769775,2.699781894683838,25.0,3036.599976047408,103
316,0.9272544008094479,3.6265100530050334,-1.099770129305645,25.0,4.012999057769775,2.699620008468628,25.0,3035.29075877415,103
317,0.9258895555857103,3.623772135058653,-1.0997683758874541,25.0,4.011541843414307,2.699620008468628,25.0,3030.8211269620806,103
318,0.9253951833441755,3.623053870154816,-1.0997438280327807,25.0,4.011218070983887,2.699781894683838,25.0,3029.2742846715264,103
319,0.9228512137083069,3.6163740765814687,-1.099649934207692,25.0,4.004580974578857,2.699781894683838,25.0,3021.2062908285297,102
320,0.9199479224289102,3.6117444552627265,-1.0996145220363842,25.0,4.002476215362549,2.699781894683838,25.0,3011.7999726319686,102
321,0.9220991511662462,3.6179389626372096,-1.0996605578590841,25.0,3.9997241497039795,2.699781894683838,25.0,3018.7080304725096,102
322,0.9261486034957773,3.6202247999246837,-1.0997490882873535,25.0,4.008142471313477,2.699781894683838,25.0,3031.7233341126703,103
323,0.9261925469357822,3.6213611445380645,-1.0997438280327807,25.0,4.009275436401367,2.699943780899048,25.0,3031.8826041435823,103
324,0.9157891725962928,3.6061165473040413,-1.0996286869049072,25.0,4.001828670501709,2.699781894683838,25.0,2998.1447201767005,102
325,0.9132070920422963,3.61098050599051,-1.0996006727218628,25.0,3.9995622634887695,2.699781894683838,25.0,2989.768741829321,101
326,0.9128565119603167,3.6111952857215806,-1.0996060371398926,25.0,4.000209808349609,2.699781894683838,25.0,2988.5992982853204,101
327,0.9108680054199029,3.608012062488216,-1.0996829271316528,25.0,4.0000481605529785,2.699943780899048,25.0,2981.8785298466682,101
328,0.909237128054075,3.605215124564596,-1.0996865034103394,25.0,3.9989147186279297,2.699943780899048,25.0,2976.534471145831,101
329,0.9152646696430334,3.6117666772767607,-1.099765023764442,25.0,4.003123760223389,2.699943780899048,25.0,2996.052844733,102
330,0.9171116238295568,3.617000981873157,-1.0997579413301803,25.0,4.006199836730957,2.699943780899048,25.0,3002.1163712823763,102
331,0.9176541313931802,3.6188626686731973,-1.099733152810265,25.0,4.007332801818848,2.699781894683838,25.0,3003.960717598442,102
332,0.9060398313757434,3.6010894492121026,-1.099609613418579,25.0,3.9994003772735596,2.699943780899048,25.0,2966.2692926833406,101
333,0.9041900575707311,3.6079057312011718,-1.0996009945869445,25.0,3.9984290599823,2.699943780899048,25.0,2960.23755081743,100
334,0.9039057423818477,3.6081097078323365,-1.0995305597782135,25.0,3.9994003772735596,2.699620008468628,25.0,2959.50389544107,100
335,0.9020281146897581,3.604591929912567,-1.0995377838611602,25.0,3.9985909461975098,2.699781894683838,25.0,2953.3318713852204,100
336,0.9025915339239824,3.6070088839530943,-1.0995269477367402,25.0,3.99826717376709,2.699943780899048,25.0,2955.2072637951933,100
337,0.9094933533731644,3.6151654909152797,-1.0995935201644897,25.0,4.0037713050842285,2.699943780899048,25.0,2977.6313595804386,101
338,0.9101607876555516,3.617194671442013,-1.0996239185333252,25.0,4.005390167236328,2.699458122253418,25.0,2979.7256406634115,101
339,0.906298066296393,3.610183897584972,-1.0995702743530273,25.0,4.006361484527588,2.699943780899048,25.0,2967.2248030737974,101
340,0.8990563465558435,3.6016164660453795,-1.0995377838611602,25.0,3.99729585647583,2.699943780899048,25.0,2943.5975116509944,100
341,0.8959912741420741,3.6025335138494317,-1.0995210553660537,25.0,3.99713397026062,2.699943780899048,25.0,2933.6133741694503,99
342,0.8988333297883544,3.603461961746216,-1.0995287537574767,25.0,3.9985909461975098,2.699781894683838,25.0,2942.8944126567803,100
343,0.8951400820047767,3.605030474036631,-1.0995247038927944,25.0,3.99826717376709,2.699781894683838,25.0,2930.816474578809,99
344,0.8925509824511839,3.599765100864449,-1.0995101097858313,25.0,3.9951913356781006,2.699620008468628,25.0,2922.3784759966657,99
345,0.9027624739472153,3.6154350447654724,-1.0996118307113647,25.0,4.002962112426758,2.699943780899048,25.0,2955.537732419092,100
346,0.9040370008925367,3.618625807762146,-1.0996244728565217,25.0,4.005066394805908,2.699781894683838,25.0,2959.6757846577093,100
347,0.8958716430030093,3.599970097541809,-1.0995486199855804,25.0,4.001504898071289,2.699943780899048,25.0,2933.1452480521984,100
348,0.8906784058484771,3.5979058718440506,-1.0994918671521274,25.0,3.9953532218933105,2.699781894683838,25.0,2916.3005729410797,99
349,0.8931322303027751,3.6048179009948114,-1.099526528156165,25.0,3.99761962890625,2.699620008468628,25.0,2924.2386873825453,99
350,0.8928946710400866,3.604886577586935,-1.0995320009462761,25.0,3.99826717376709,2.699620008468628,25.0,2923.44218015112,99
351,0.891326248727691,3.6026299866763027,-1.0995320009462761,25.0,3.99794340133667,2.699781894683838,25.0,2918.3170834067278,99
352,0.8931276803189023,3.605359156926473,-1.09955024357998,25.0,3.9958388805389404,2.699620008468628,25.0,2924.1612384030595,99
353,0.8978281253597863,3.6101284265518188,-1.099599188566208,25.0,4.003285884857178,2.699781894683838,25.0,2939.4133203658275,100
354,0.8981310886212763,3.611373324394226,-1.0995829343795775,25.0,4.0042572021484375,2.699943780899048,25.0,2940.4591401289217,100
355,0.8985511557679408,3.6126619362831116,-1.0996443390846253,25.0,4.004904747009277,2.699943780899048,25.0,2941.664208437316,100
356,0.8986270749300129,3.613495647907257,-1.0996208608150482,25.0,4.005552291870117,2.699781894683838,25.0,2941.976839311421,100
357,0.7658446056680315,3.5824342503267177,-1.099627978661481,25.0,3.904049873352051,2.699943780899048,25.0,2507.2508283336647,85
358,0.8983544888174534,3.614371447563171,-1.0996389210224151,25.0,4.006685256958008,2.699943780899048,25.0,2941.0400552456267,100
359,0.8990526582486406,3.6160437273979187,-1.0996551752090453,25.0,4.007171154022217,2.699781894683838,25.0,2943.276995107066,100
360,0.8993564762026394,3.6170490407943725,-1.0996678173542023,25.0,4.007494926452637,2.699781894683838,25.0,2944.2412983053364,100
361,0.8994344658469985,3.6175994539260863,-1.0996678173542023,25.0,4.008142471313477,2.699781894683838,25.0,2944.4941324237734,100
362,0.8993953153688821,3.6179264640808104,-1.0996660113334655,25.0,4.0084662437438965,2.699620008468628,25.0,2944.3716537328437,100
363,0.8995522990005241,3.618716466426849,-1.0996894896030427,25.0,4.008627891540527,2.699620008468628,25.0,2944.822945552878,100
364,0.8998113194513457,3.619668352603912,-1.0996894896030427,25.0,4.009113788604736,2.699620008468628,25.0,2945.666994626634,100
365,0.8991555205817597,3.6188168334960937,-1.0996768474578857,25.0,4.009437561035156,2.699943780899048,25.0,2943.5563275679015,100
366,0.8991188747151391,3.6191907858848573,-1.0996786534786225,25.0,4.009599208831787,2.699943780899048,25.0,2943.4332521203905,100
367,0.8991126176636635,3.619801094532013,-1.0996678173542023,25.0,4.009922981262207,2.699781894683838,25.0,2943.451416657772,100
368,0.8992163385055033,3.620278661251068,-1.0996858775615692,25.0,4.010408878326416,2.699943780899048,25.0,2943.730775776319,100
369,0.8859966637610998,3.5990289765961316,-1.0994431704890972,25.0,3.99308705329895,2.699620008468628,25.0,2901.096137898974,98
370,0.8817904897045324,3.591879574619994,-1.0994597563938218,25.0,3.990011215209961,2.699943780899048,25.0,2887.2831722013652,98
371,0.8836839449376246,3.597689288003104,-1.0995205713778127,25.0,3.989039897918701,2.699943780899048,25.0,2893.315635258332,98
372,0.8893004798908825,3.6043060765121924,-1.0995794317939065,25.0,3.9987528324127197,2.699781894683838,25.0,2911.5529818460345,99
373,0.8900002905696666,3.6068488299244583,-1.099599499895115,25.0,4.000533580780029,2.699943780899048,25.0,2913.787937425077,99
374,0.8812129012013787,3.595743356918802,-1.099533471525932,25.0,3.99373459815979,2.699943780899048,25.0,2885.1903238203377,98
375,0.8789516974461411,3.592487471444266,-1.0995150427429043,25.0,3.99308705329895,2.699943780899048,25.0,2877.8310917280614,98
376,0.8782548214269944,3.5916466542652676,-1.0994800280551522,25.0,3.99341082572937,2.699943780899048,25.0,2875.6434172783047,98
377,0.8792908878826093,3.5956425934421774,-1.099540843039143,25.0,3.9955151081085205,2.699620008468628,25.0,2878.8783901808783,98
378,0.8784780706246751,3.594684491352159,-1.09953900016084,25.0,3.9955151081085205,2.699781894683838,25.0,2876.221917182207,98
379,0.8822026954165358,3.6041465462470543,-1.0996035009014362,25.0,3.9960007667541504,2.699943780899048,25.0,2888.256360157393,98
380,0.884852902495456,3.610517908115776,-1.0996164010495555,25.0,4.000371932983398,2.699943780899048,25.0,2896.8978254189715,98
381,0.8851059360585803,3.611796476403061,-1.0995795434835005,25.0,4.001181125640869,2.699943780899048,25.0,2897.820004380308,98
382,0.8753316692153592,3.5996361737398757,-1.0995256630415768,25.0,3.9956769943237305,2.699943780899048,25.0,2865.9569786684588,97
383,0.8724568576610274,3.5945793353405193,-1.0995219392874807,25.0,3.9948675632476807,2.699620008468628,25.0,2856.5508251218125,97
384,0.8737565039229362,3.5986498360781325,-1.0995200774104326,25.0,3.9956769943237305,2.699781894683838,25.0,2860.816982780583,97
385,0.8733233450949971,3.5996895795015944,-1.0995163536563362,25.0,3.99713397026062,2.699620008468628,25.0,2859.408816405572,97
386,0.8718778919603132,3.5964852436301635,-1.0995480055661546,25.0,3.9964864253997803,2.699781894683838,25.0,2854.59913326893,97
387,0.8765203404006681,3.607862310311229,-1.0995964143694061,25.0,3.99826717376709,2.699943780899048,25.0,2869.6638303110376,97
388,0.8776858237116656,3.610986537540082,-1.0996057237546468,25.0,4.000695705413818,2.699781894683838,25.0,2873.461227652617,97
389,0.8778137382455812,3.6025838559987595,-1.0995998151448307,25.0,4.001181125640869,2.699943780899048,25.0,2873.8861070498824,98
390,0.8671339984630358,3.597310038904349,-1.0995327420532703,25.0,3.994220018386841,2.699781894683838,25.0,2839.099441983737,96
391,0.8642715368678079,3.592021773258845,-1.0995195731520653,25.0,3.9922776222229004,2.699943780899048,25.0,2829.769679641351,96
392,0.8643518532971413,3.5939694618185363,-1.0995402671396732,25.0,3.993896484375,2.699943780899048,25.0,2829.973718754016,96
393,0.8625640160069519,3.591094305117925,-1.099528979510069,25.0,3.99341082572937,2.699943780899048,25.0,2824.1453439909965,96
394,0.8608869483867334,3.5881145944197974,-1.0995158106088638,25.0,3.99324893951416,2.699781894683838,25.0,2818.69190943148,96
395,0.8711463570726978,3.60275205631846,-1.0995722099677803,25.0,3.9990766048431396,2.699781894683838,25.0,2852.1334350705147,97
396,0.8736828814909853,3.608831953756588,-1.099635513787417,25.0,4.002314567565918,2.699943780899048,25.0,2860.2746320087463,97
397,0.8745122514475359,3.6108263251707724,-1.0996280662792246,25.0,4.003933429718018,2.699943780899048,25.0,2863.0094938958064,97
398,0.728470407509617,3.563725995428768,-1.099590782765989,25.0,3.8933653831481934,2.699781894683838,25.0,2384.9688145639375,81
399,0.862425211672021,3.5954652205109596,-1.0995534360408783,25.0,3.9985909461975098,2.699943780899048,25.0,2823.6318835532293,96
400,0.8641536079853473,3.599707973500093,-1.0995854176580906,25.0,3.9994003772735596,2.699943780899048,25.0,2829.2106983643025,96
401,0.8656349708337724,3.6036438196897507,-1.0996249243617058,25.0,4.001181125640869,2.699781894683838,25.0,2833.9612637786195,96
402,0.8653077538052765,3.6035443246364594,-1.0996004678308964,25.0,4.001504898071289,2.699943780899048,25.0,2832.945433027111,96
403,0.8700564144741668,3.6035264374054585,-1.0996317900333208,25.0,4.001504898071289,2.699620008468628,25.0,2848.412370186299,97
404,0.8741449684919229,3.614184197691298,-1.0996764750824761,25.0,4.006523609161377,2.699620008468628,25.0,2861.6828087754548,97
405,0.8753244798287605,3.6168728341761325,-1.0996932319759094,25.0,4.007656574249268,2.699781894683838,25.0,2865.4958980809897,97
406,0.8757237296149533,3.6179125800575176,-1.0996820607136206,25.0,4.008142471313477,2.699943780899048,25.0,2866.8398834122345,97
407,0.8757400760057293,3.6183281387250448,-1.0996839225906687,25.0,4.0084662437438965,2.699943780899048,25.0,2866.8872735667974,97
408,0.8759863913891165,3.6189039171356514,-1.0996969557300056,25.0,4.008627891540527,2.699943780899048,25.0,2867.6530377911404,97
409,0.8760810067106284,3.619591518775704,-1.0997062651152463,25.0,4.008790016174316,2.699781894683838,25.0,2867.9345904896036,97
410,0.8758402327760224,3.619564813436921,-1.0997192982545834,25.0,4.009275436401367,2.699458122253418,25.0,2867.1226604394615,97
411,0.87567399438422,3.6197317089002157,-1.0997081269922944,25.0,4.009761333465576,2.699781894683838,25.0,2866.6068387124687,97
412,0.8755225343455993,3.619923633398469,-1.099700679484102,25.0,4.009922981262207,2.699943780899048,25.0,2866.123513857834,97
413,0.8753838369949295,3.61994365810119,-1.0997248838857276,25.0,4.009922981262207,2.699620008468628,25.0,2865.6078062495217,97
414,0.8750767848864345,3.619903608695748,-1.0997118507463908,25.0,4.010085105895996,2.699943780899048,25.0,2864.6395234363154,97
415,0.8746621009367974,3.6195681512970284,-1.0997062651152463,25.0,4.010246753692627,2.699781894683838,25.0,2863.295820805244,97
416,0.8741777616490863,3.6188905681531454,-1.099715574500487,25.0,4.010246753692627,2.699458122253418,25.0,2861.688265661709,97
417,0.7483971072715065,3.586184214396649,-1.0997273290013692,25.0,3.910525321960449,2.699943780899048,25.0,2449.912054968998,83
418,0.8734130532704336,3.618875547782662,-1.0997379170250647,25.0,4.011056423187256,2.699458122253418,25.0,2859.124157451093,97
419,0.8746571460895864,3.6125636641512213,-1.0996392375415134,25.0,4.008951663970947,2.699943780899048,25.0,2863.4465351728722,97
420,0.8699739730435041,3.6041973497449735,-1.0996243425251282,25.0,4.006199836730957,2.699943780899048,25.0,2848.1649301368743,97
421,0.8676042774046194,3.6077314391732216,-1.0996098741889,25.0,4.003609657287598,2.699781894683838,25.0,2840.446324121207,96
422,0.874868020804711,3.6180110469306865,-1.0997062651152463,25.0,4.008951663970947,2.699943780899048,25.0,2863.965839982964,97
423,0.8747606801064722,3.6190107311170125,-1.0996690275742835,25.0,4.009922981262207,2.699943780899048,25.0,2863.7168003180996,97
424,0.8660814203973771,3.611287864545981,-1.0996719561517239,25.0,4.008790016174316,2.699943780899048,25.0,2835.292139172554,96
425,0.8589181684704251,3.606481647491455,-1.0996426281176115,25.0,4.003609657287598,2.699781894683838,25.0,2811.9157969569787,95
426,0.8587521658641477,3.606435640234696,-1.0996920560535632,25.0,4.002476215362549,2.699943780899048,25.0,2811.244124139659,95
427,0.85900316533594,3.607870458301745,-1.099722473244918,25.0,4.003609657287598,2.699781894683838,25.0,2811.992724706419,95
428,0.8567892441200969,3.6038301317315353,-1.0997300775427568,25.0,4.003285884857178,2.699781894683838,25.0,2804.72903098166,95
429,0.8560678958957998,3.6025674192528974,-1.099722473244918,25.0,4.003123760223389,2.699943780899048,25.0,2802.384970379062,95
430,0.8683992621767412,3.621355136235555,-1.0998262216647465,25.0,4.009599208831787,2.699620008468628,25.0,2842.482739433646,96
431,0.8690564178190201,3.614008960035658,-1.0998105302299421,25.0,4.011218070983887,2.699781894683838,25.0,2844.6715433159843,97
432,0.8631906988892575,3.613181588550409,-1.0997942388057709,25.0,4.012027740478516,2.699943780899048,25.0,2825.5142963267863,96
433,0.8555975765922055,3.6048014440034564,-1.0997262753938373,25.0,4.005552291870117,2.699781894683838,25.0,2800.8389108749107,95
434,0.8540818828136291,3.6022675137770803,-1.0997509893618131,25.0,4.004418849945068,2.699943780899048,25.0,2795.807658609003,95
435,0.8557736708693569,3.606773042678833,-1.0997243743193776,25.0,4.004904747009277,2.699943780899048,25.0,2801.417031995952,95
436,0.8537624028222194,3.6032814226652445,-1.0997281764682971,25.0,4.004095077514648,2.699943780899048,25.0,2794.8232117183506,95
437,0.8528921104925423,3.6022572868748717,-1.0997148689470793,25.0,4.003447532653809,2.699943780899048,25.0,2792.010861484334,95
438,0.8625496302106337,3.6143957301974297,-1.0998017638921738,25.0,4.009599208831787,2.699943780899048,25.0,2823.4052685331553,96
439,0.8642285448158729,3.6183231497804322,-1.0997848324477673,25.0,4.011218070983887,2.699943780899048,25.0,2828.9375131903216,96
440,0.8623169333967985,3.616633467376232,-1.0998262204229832,25.0,4.011380195617676,2.699781894683838,25.0,2822.578590625897,96
441,0.8481451135814806,3.6082018816724735,-1.099733717898105,25.0,4.006199836730957,2.699943780899048,25.0,2776.417909340933,94
442,0.8441545126748315,3.6006569760911007,-1.0997164262102006,25.0,4.003285884857178,2.699943780899048,25.0,2763.401605828665,94
443,0.8748748491509657,3.629211202110212,-1.0999203809757823,25.0,4.015103340148926,2.699781894683838,25.0,2863.4344425518066,97
444,0.860786116274843,3.622070128719012,-1.0999296928445499,25.0,4.017369747161865,2.699781894683838,25.0,2817.2958048842847,96
445,0.8350846410138243,3.5999013044500865,-1.0997335526251024,25.0,4.003123760223389,2.699781894683838,25.0,2733.660342258401,93
446,0.8212594294973263,3.5914929044115675,-1.0996756566749823,25.0,3.994381904602051,2.699943780899048,25.0,2688.5502140149474,91
447,0.8324544378814375,3.6013652406713015,-1.0997995791896698,25.0,4.004418849945068,2.699943780899048,25.0,2724.900115216151,93
448,0.8331673876705249,3.6053131549589095,-1.0998403603030789,25.0,4.007332801818848,2.699943780899048,25.0,2727.1206442182884,93
449,0.8311877422665579,3.6137974573218306,-1.0998511677202971,25.0,4.0079803466796875,2.699943780899048,25.0,2720.621808990836,92
450,0.806916976305949,3.58034127023485,-1.0996648073196411,25.0,3.99308705329895,2.699781894683838,25.0,2641.628443635069,90
451,0.6621098028342208,3.5354031549917684,-1.0996514655448295,25.0,3.8770148754119873,2.699781894683838,25.0,2167.589501229115,74
452,0.7938726502336737,3.5767646621574056,-1.0996115844358096,25.0,3.989039897918701,2.699943780899048,25.0,2599.050689294003,88
453,0.789464636843612,3.567958441647616,-1.0996403165838935,25.0,3.988878011703491,2.699781894683838,25.0,2584.5507585722953,88
454,0.7861106742668084,3.5733935147866434,-1.0996224592471946,25.0,3.989039897918701,2.699943780899048,25.0,2573.613496294245,87
455,0.7834614681444613,3.5664640596543236,-1.0995954727304393,25.0,3.9887161254882812,2.699943780899048,25.0,2565.0041287727654,87
456,0.7947495651991581,3.5890164619142357,-1.0997141992503947,25.0,3.9921157360076904,2.699943780899048,25.0,2601.679055617191,88
457,0.7980297001195316,3.5875468012991916,-1.0997470590505707,25.0,3.9955151081085205,2.699943780899048,25.0,2612.3371945712715,89
458,0.7911076087517125,3.586312237111005,-1.0997100946578113,25.0,3.99745774269104,2.699781894683838,25.0,2589.757195321843,88
459,0.775782040560586,3.5678488764651988,-1.0996125867200452,25.0,3.988878011703491,2.699781894683838,25.0,2539.816828097217,86
460,0.7731423037532482,3.56464692880941,-1.0995978865512581,25.0,3.988878011703491,2.699620008468628,25.0,2531.2078681020066,86
461,0.7691501134630466,3.5674988606396845,-1.0995599872925703,25.0,3.988878011703491,2.699943780899048,25.0,2518.2234143000096,85
462,0.7667213943682101,3.5642744793611416,-1.099568486213684,25.0,3.9887161254882812,2.699781894683838,25.0,2510.2547551263124,85
463,0.7569186713361549,3.552979369958242,-1.0995555860655648,25.0,3.9885542392730713,2.699781894683838,25.0,2478.1925700455904,84
464,0.7692082628138034,3.563754672227904,-1.099669287371081,25.0,3.9887161254882812,2.699781894683838,25.0,2518.162618865259,86
465,0.7743681698912028,3.5782754532126493,-1.0996965876845426,25.0,3.989363670349121,2.699943780899048,25.0,2534.9934641541913,86
466,0.7775625125397441,3.58615514566732,-1.0997112878533297,25.0,3.9916300773620605,2.699781894683838,25.0,2545.414909570478,86
467,0.7592554135511429,3.564513725893838,-1.0996028866086687,25.0,3.989039897918701,2.699943780899048,25.0,2485.740015191026,84
468,0.7503450538769528,3.554636001586914,-1.0995532547134952,25.0,3.9885542392730713,2.699781894683838,25.0,2456.6753980219364,83
469,0.750747861456199,3.5579166268727866,-1.0995597824992904,25.0,3.9887161254882812,2.699781894683838,25.0,2457.974207725376,83
470,0.7479736737246031,3.553426736808685,-1.0995293194989124,25.0,3.9887161254882812,2.699943780899048,25.0,2448.958759338595,83
471,0.7454778307808023,3.5512773617204414,-1.0995401991419045,25.0,3.9887161254882812,2.699781894683838,25.0,2440.7713149925694,83
472,0.7434969148267341,3.544341633118779,-1.0995597824992904,25.0,3.9883923530578613,2.699943780899048,25.0,2434.2419396126643,83
473,0.7382103942102712,3.5464185360001355,-1.099517829534484,25.0,3.9885542392730713,2.699943780899048,25.0,2417.021629182622,82
474,0.7362106578497675,3.543034727980451,-1.0995156270701711,25.0,3.9883923530578613,2.699781894683838,25.0,2410.474695591256,82
475,0.7375321121387022,3.5443850871993274,-1.099502412284293,25.0,3.9883923530578613,2.699781894683838,25.0,2414.834135526791,82
476,0.732965912343505,3.5480070849995555,-1.0995395006956878,25.0,3.9880685806274414,2.699781894683838,25.0,2399.8031179457903,81
477,0.7321552295979001,3.546771964909118,-1.099503826212,25.0,3.9880685806274414,2.699943780899048,25.0,2397.224904759787,81
478,0.7375917826480518,3.548562535425512,-1.0995552714278058,25.0,3.9883923530578613,2.699620008468628,25.0,2414.912306408398,82
479,0.7447963891890109,3.559032273579793,-1.099603301071259,25.0,3.988878011703491,2.699781894683838,25.0,2438.397493767552,83
480,0.7473454021656227,3.565025952925165,-1.0996185325714478,25.0,3.989039897918701,2.699943780899048,25.0,2446.7102653086185,83
481,0.7424050311458746,3.556075423596853,-1.099655523357621,25.0,3.988878011703491,2.699943780899048,25.0,2430.4578891694546,83
482,0.745023571598879,3.559886558946357,-1.0996468196432274,25.0,3.988878011703491,2.699943780899048,25.0,2439.0383524373174,83
483,0.7422829431489933,3.5568945982370033,-1.099644643714629,25.0,3.989039897918701,2.699943780899048,25.0,2430.0853630909696,83
484,0.7462514148007346,3.563713312149048,-1.099655523357621,25.0,3.989039897918701,2.699781894683838,25.0,2443.038605824113,83
485,0.7472731977363908,3.5660928301064363,-1.0996424677860306,25.0,3.989039897918701,2.699620008468628,25.0,2446.4135143747553,83
486,0.7444915129588979,3.562289493629731,-1.0996533474290227,25.0,3.989039897918701,2.699620008468628,25.0,2437.2884644996375,83
487,0.7482196684987338,3.5683923916644362,-1.0996816345008023,25.0,3.989039897918701,2.699781894683838,25.0,2449.429432142526,83
488,0.7451218828779224,3.564992792635079,-1.099644643714629,25.0,3.989039897918701,2.699943780899048,25.0,2439.366951131262,83
489,0.7446458269600674,3.564134600650833,-1.099675106715007,25.0,3.989039897918701,2.699943780899048,25.0,2437.741890709847,83
490,0.7436453870700457,3.5619267153452676,-1.0996533474290227,25.0,3.989201784133911,2.699781894683838,25.0,2434.523154324852,83
491,0.7423704328888241,3.55967592044049,-1.099664227072015,25.0,3.989039897918701,2.699943780899048,25.0,2430.319888146594,83
492,0.7405556508084024,3.56666411713856,-1.0996521798575796,25.0,3.989039897918701,2.699943780899048,25.0,2424.398003421724,82
493,0.7736433221688219,3.587245045706283,-1.099679787491643,25.0,4.001343250274658,2.699943780899048,25.0,2532.6639284677804,86
494,0.764315846866135,3.580158326205085,-1.0996895958395565,25.0,3.99697208404541,2.699943780899048,25.0,2502.1019963622093,85
495,0.6299449289000593,3.537672301701137,-1.0996587872505188,25.0,3.882195234298706,2.699458122253418,25.0,2062.2801190400496,70
496,0.750318962618551,3.573040267071092,-1.0996946900723927,25.0,3.990173101425171,2.699943780899048,25.0,2456.272812122479,83
497,0.7471042547819366,3.5671207071786903,-1.0996620511434165,25.0,3.989363670349121,2.699943780899048,25.0,2445.8197552254423,83
498,0.7442489539166608,3.561887706618711,-1.099655523357621,25.0,3.989201784133911,2.699943780899048,25.0,2436.491515607573,83
499,0.7423618391528313,3.558729955948979,-1.0996794585722038,25.0,3.989201784133911,2.699781894683838,25.0,2430.257335024886,83
500,0.7409474003629835,3.567489333269073,-1.0996631921791449,25.0,3.989363670349121,2.699781894683838,25.0,2425.663797759451,82
501,0.612630948596715,3.5213002916695415,-1.0996600959611975,25.0,3.8762054443359375,2.699781894683838,25.0,2005.593671870418,69
502,0.7394886091103299,3.569199015454548,-1.0996940266795274,25.0,3.989363670349121,2.699620008468628,25.0,2420.8215418281034,82
503,0.7380163320510916,3.567787443719259,-1.0996962291438406,25.0,3.990658760070801,2.699943780899048,25.0,2415.99429094512,82
504,0.7326860585294859,3.569761738365079,-1.0996911172513608,25.0,3.9908206462860107,2.699943780899048,25.0,2398.556889596395,81
505,0.729051415099063,3.56164546954779,-1.0996933469065913,25.0,3.989363670349121,2.699781894683838,25.0,2386.6503884531558,81
506,0.7263314263151486,3.5569387865655218,-1.099577404834606,25.0,3.989201784133911,2.699943780899048,25.0,2377.9939957773313,81
507,0.7243058186471139,3.5539429040602695,-1.0995640269032232,25.0,3.989039897918701,2.699943780899048,25.0,2371.4004394104704,81
508,0.7228543450254261,3.562669190764427,-1.0995820313692093,25.0,3.989363670349121,2.699943780899048,25.0,2366.603567408398,80
509,0.5873022542354226,3.5109666947162514,-1.0995739590037952,25.0,3.870701313018799,2.699781894683838,25.0,1922.8290583640337,66
510,0.7190915235222634,3.557318863272667,-1.0995730012655258,25.0,3.988878011703491,2.699943780899048,25.0,2354.306608548388,80
511,0.7246036372309969,3.5588454405466714,-1.0995885531107585,25.0,3.989201784133911,2.699620008468628,25.0,2372.3236635895446,81
512,0.7302959645892287,3.573421157436606,-1.0997067248379742,25.0,3.9958388805389404,2.699943780899048,25.0,2390.698475180194,81
513,0.7181949319063167,3.555090919137001,-1.0996429845690727,25.0,3.989039897918701,2.699943780899048,25.0,2351.226538334042,80
514,0.714156797989632,3.5572413522985915,-1.099641641484031,25.0,3.9887161254882812,2.699781894683838,25.0,2338.0075518814847,79
515,0.7107640154228977,3.550763881659206,-1.0996096360532543,25.0,3.988878011703491,2.699943780899048,25.0,2326.9609114592895,79
516,0.7081656741423598,3.546009766904614,-1.099593633337866,25.0,3.9887161254882812,2.699781894683838,25.0,2318.492142765783,79
517,0.7058557782262345,3.552265858038878,-1.0996310023161082,25.0,3.9887161254882812,2.699943780899048,25.0,2310.851892870851,78
518,0.7035925228316311,3.5482436204567933,-1.099612479026501,25.0,3.9885542392730713,2.699943780899048,25.0,2303.4770574113354,78
519,0.5592330927814856,3.494347822098505,-1.099568486213684,25.0,3.8645496368408203,2.699458122253418,25.0,1830.9378892239183,63
520,0.7001831778911328,3.542907620087648,-1.0995800632696886,25.0,3.9883923530578613,2.699943780899048,25.0,2292.3832102473825,78
521,0.7008262649373791,3.5469485307351136,-1.0996009019704966,25.0,3.9887161254882812,2.699943780899048,25.0,2294.445686615072,78
522,0.7020329954611492,3.549368519049424,-1.09963563313851,25.0,3.9887161254882812,2.699943780899048,25.0,2298.3212162842974,78
523,0.6994181891667197,3.546203445165585,-1.0996009019704966,25.0,3.9887161254882812,2.699943780899048,25.0,2289.83672402706,78
524,0.6953472776909618,3.5466670525538455,-1.0995849045840176,25.0,3.9883923530578613,2.699781894683838,25.0,2276.5398022998124,77
525,0.692757910112705,3.541846225788067,-1.099566140732208,25.0,3.9885542392730713,2.699943780899048,25.0,2268.1023775339127,77
526,0.6860366000514089,3.5377215429356226,-1.0995257120383413,25.0,3.9883923530578613,2.699781894683838,25.0,2246.180538471788,76
527,0.6829505377019114,3.531508106934397,-1.0995566044983112,25.0,3.9882304668426514,2.699943780899048,25.0,2236.0089385602623,76
528,0.6805081774409644,3.5266195849368445,-1.0995375937537144,25.0,3.9880685806274414,2.699943780899048,25.0,2228.055769244209,76
529,0.6799555614896604,3.5263511883585075,-1.0995304647244906,25.0,3.9879066944122314,2.699943780899048,25.0,2226.2588230520487,76
530,0.681011167153025,3.530200242996216,-1.099532841067565,25.0,3.9882304668426514,2.699943780899048,25.0,2229.7124209124595,76
531,0.5348894418544853,3.4873855908711753,-1.099547415971756,25.0,3.861311912536621,2.699943780899048,25.0,1751.2671456644312,60
532,0.67899272297364,3.5291735435787,-1.0995732388998334,25.0,3.9882304668426514,2.699781894683838,25.0,2223.024820786901,76
533,0.6769411666440542,3.53533452351888,-1.0995275497436523,25.0,3.9882304668426514,2.699943780899048,25.0,2216.3999066120014,75
534,0.6738923888536547,3.528554741541545,-1.0995275497436523,25.0,3.9882304668426514,2.699943780899048,25.0,2206.4153197696432,75
535,0.6724720759227486,3.5260573927561443,-1.099534773826599,25.0,3.9882304668426514,2.699943780899048,25.0,2201.743887699209,75
536,0.6705907157934285,3.5222886848449706,-1.0995516300201416,25.0,3.9882304668426514,2.699943780899048,25.0,2195.556304624304,75
537,0.6694023901436028,3.5196704546610516,-1.0995275497436523,25.0,3.9882304668426514,2.699943780899048,25.0,2191.712596770376,75
538,0.6682260501749097,3.528903658325608,-1.0995538428023055,25.0,3.9882304668426514,2.699943780899048,25.0,2187.806425635703,74
539,0.6668188630047899,3.5262981782088407,-1.099519674842422,25.0,3.9882304668426514,2.699781894683838,25.0,2183.2731258245185,74
540,0.6679967391654994,3.530592522105655,-1.0995343182538007,25.0,3.9880685806274414,2.699943780899048,25.0,2187.1036916561425,74
541,0.6679008723881957,3.531163499162004,-1.0995294371166744,25.0,3.9882304668426514,2.699943780899048,25.0,2186.7909225020558,74
542,0.6686085144306033,3.533753672161618,-1.0995123531367328,25.0,3.9883923530578613,2.699781894683838,25.0,2189.148058058694,74
543,0.6977854843075783,3.548737577902965,-1.099547647512876,25.0,3.989039897918701,2.699943780899048,25.0,2284.6021699756384,78
544,0.6856799485190872,3.544633626937866,-1.0995518518121619,25.0,3.9887161254882812,2.699943780899048,25.0,2244.9605864761397,76
545,0.6775109224145851,3.5362605031331382,-1.0995444059371948,25.0,3.9883923530578613,2.699943780899048,25.0,2218.2281686086208,75
546,0.672071518114359,3.5254314295450846,-1.0995155096054077,25.0,3.9883923530578613,2.699620008468628,25.0,2200.478417444043,75
547,0.6675730329297827,3.5282714334694116,-1.0995343182538007,25.0,3.9882304668426514,2.699943780899048,25.0,2185.713350892067,74
548,0.6649697572910112,3.523872075854121,-1.0995147937052958,25.0,3.9883923530578613,2.699781894683838,25.0,2177.230773705989,74
549,0.6614039337050306,3.5174491437705786,-1.099517234273859,25.0,3.9880685806274414,2.699781894683838,25.0,2165.54312867485,74
550,0.6605558423403173,3.5170619326668815,-1.0995611645079948,25.0,3.9882304668426514,2.699781894683838,25.0,2162.682293484919,74
551,0.6610124990141067,3.520693424585703,-1.0995587239394318,25.0,3.9883923530578613,2.699943780899048,25.0,2164.1823216862977,74
552,0.6615470254968299,3.5247077523051082,-1.0995562833708685,25.0,3.9885542392730713,2.699943780899048,25.0,2165.9327673967928,74
553,0.6546632396211889,3.5208108098539586,-1.0995709602146932,25.0,3.9882304668426514,2.699943780899048,25.0,2143.3701269766316,73
554,0.6489846461738578,3.518943856159846,-1.0995333691438038,25.0,3.9882304668426514,2.699620008468628,25.0,2124.8547561094165,72
555,0.6436054035080921,3.508909182416068,-1.099508285522461,25.0,3.9879066944122314,2.699943780899048,25.0,2107.2923522870988,72
556,0.6384070205214971,3.507589343567969,-1.0995201560812937,25.0,3.9879066944122314,2.699943780899048,25.0,2090.2456718953326,71
557,0.6343046749779296,3.4988383877445273,-1.0994794570224387,25.0,3.9879066944122314,2.699943780899048,25.0,2076.8865086538717,71
558,0.6318633216024551,3.505600428581238,-1.099519465650831,25.0,3.9875829219818115,2.699943780899048,25.0,2068.823990060948,70
559,0.6294224238620655,3.501382146562849,-1.0994601249694824,25.0,3.9877448081970215,2.699943780899048,25.0,2060.933501081541,70
560,0.630103108111466,3.503976947920663,-1.099503985473088,25.0,3.9877448081970215,2.699620008468628,25.0,2063.08995719254,70
561,0.6315203462954944,3.511495382445199,-1.0995272057397025,25.0,3.9879066944122314,2.699781894683838,25.0,2067.6835541678593,70
562,0.6307253993753812,3.511819154875619,-1.0994962453842163,25.0,3.9880685806274414,2.699943780899048,25.0,2065.136890509166,70
563,0.6325488875557331,3.5061893698195337,-1.0994743696400817,25.0,3.9880685806274414,2.699943780899048,25.0,2071.152359088883,71
564,0.6241343387362595,3.4969696044921874,-1.0994214245251246,25.0,3.9879066944122314,2.699620008468628,25.0,2043.7018351769075,70
565,0.6187398732152511,3.4979512034982876,-1.099390501561372,25.0,3.9875829219818115,2.699458122253418,25.0,2026.0906124077737,69
566,0.6168222392434412,3.4940424898396367,-1.0994088235108748,25.0,3.9877448081970215,2.699943780899048,25.0,2019.7779487892985,69
567,0.6144134220729692,3.4899718830550928,-1.0993878841400146,25.0,3.9877448081970215,2.699943780899048,25.0,2011.9344587279484,69
568,0.6125882330879577,3.4992640263894024,-1.0993878841400146,25.0,3.9877448081970215,2.699943780899048,25.0,2005.950050692074,68
569,0.6110119624644166,3.4960977259804222,-1.0994091314427994,25.0,3.9875829219818115,2.699943780899048,25.0,2000.7469796231017,68
570,0.6129071535083663,3.5024088971755085,-1.0994117873556473,25.0,3.9877448081970215,2.699943780899048,25.0,2006.9500767644495,68
571,0.6142738009121544,3.4969048119973447,-1.0994480848312378,25.0,3.9879066944122314,2.699943780899048,25.0,2011.3565349532291,69
572,0.6118921862851545,3.5040015683454624,-1.0994144432684954,25.0,3.9877448081970215,2.699620008468628,25.0,2003.62192326691,68
573,0.6086175011442914,3.496764326796812,-1.0994489701355206,25.0,3.9879066944122314,2.699943780899048,25.0,1992.8411246286705,68
574,0.6013440223133438,3.4923018697482435,-1.0994094485667214,25.0,3.9875829219818115,2.699781894683838,25.0,1969.0912965470925,67
575,0.5991390211391834,3.487165020472968,-1.099414839673398,25.0,3.9875829219818115,2.699943780899048,25.0,1961.8570170365274,67
576,0.5947837706926061,3.4901300307476157,-1.0993878841400146,25.0,3.9875829219818115,2.699943780899048,25.0,1947.654077979736,66
577,0.592733327235373,3.4862570401394004,-1.0993878841400146,25.0,3.9875829219818115,2.699943780899048,25.0,1940.9354205196723,66
578,0.5904721852264789,3.4816653728485107,-1.0993632565845142,25.0,3.9872591495513916,2.699943780899048,25.0,1933.5761775607243,66
579,0.5885771028873674,3.47860916816827,-1.0993933569301257,25.0,3.9874210357666016,2.699943780899048,25.0,1927.3105622138828,66
580,0.5862311471021544,3.4856199888082653,-1.0993712131793683,25.0,3.9872591495513916,2.699943780899048,25.0,1919.670004175976,65
581,0.5841025192225344,3.482379781282865,-1.099362877699045,25.0,3.9874210357666016,2.699943780899048,25.0,1912.7169639216736,65
582,0.5819286725817511,3.4775755148667558,-1.0993739916728094,25.0,3.9874210357666016,2.699943780899048,25.0,1905.5764063736424,65
583,0.41873488251629004,3.432772859613946,-1.0993763563480783,25.0,3.8506274223327637,2.699781894683838,25.0,1371.179627444595,47
584,0.6000472842181993,3.5016260004755275,-1.0994714462935036,25.0,3.9879066944122314,2.699781894683838,25.0,1964.732992165722,67
585,0.6056391053224883,3.503473053960239,-1.09950474430533,25.0,3.9877448081970215,2.699943780899048,25.0,1982.9830192457885,68
586,0.6074434633270523,3.508441521840937,-1.0995153679567224,25.0,3.9879066944122314,2.699781894683838,25.0,1988.8737376546487,68
587,0.6084583006568351,3.510769819512087,-1.0995074002181782,25.0,3.9880685806274414,2.699781894683838,25.0,1992.2153997560963,68
588,0.6080995482152562,3.5105722195961895,-1.0995127120438744,25.0,3.9880685806274414,2.699781894683838,25.0,1991.0301560349762,68
589,0.60804165343735,3.510536509401658,-1.0995392711723553,25.0,3.9882304668426514,2.699943780899048,25.0,1990.7962541999295,68
590,0.6074924123012861,3.5095747183350956,-1.0995578625622917,25.0,3.9880685806274414,2.699943780899048,25.0,1988.9679522467777,68
591,0.6068941367298092,3.50851769657696,-1.0995392711723553,25.0,3.9882304668426514,2.699781894683838,25.0,1987.0302206492051,68
592,0.6059971817577412,3.5070059685146107,-1.0995605184751398,25.0,3.9880685806274414,2.699943780899048,25.0,1984.0615342194214,68
593,0.6016548169946903,3.4981901681245264,-1.0995253573602706,25.0,3.9879066944122314,2.699943780899048,25.0,1969.9037398798391,67
594,0.5884812784290763,3.4815034902457036,-1.0995411222631282,25.0,3.9879066944122314,2.699781894683838,25.0,1926.7482980648056,66
595,0.5792149234562589,3.473802331777719,-1.099521251825186,25.0,3.9875829219818115,2.699943780899048,25.0,1896.4361685905606,65
596,0.5725157662521564,3.470686726272106,-1.0994894728064537,25.0,3.9875829219818115,2.699943780899048,25.0,1874.5613086503,64
597,0.5671484082671518,3.4723416434393988,-1.0994910853249686,25.0,3.9875829219818115,2.699943780899048,25.0,1856.9835840752348,63
598,0.5622976969887392,3.4616057948460655,-1.0995168856212072,25.0,3.9875829219818115,2.699943780899048,25.0,1841.0620280606672,63
599,0.557573819577493,3.4647702286320348,-1.0995073145435703,25.0,3.9874210357666016,2.699781894683838,25.0,1825.6091573191807,62
600,0.5554032233637424,3.4611774183088735,-1.0995131404169145,25.0,3.9874210357666016,2.699943780899048,25.0,1818.4843241376802,62
601,0.5518173334172894,3.453811607053203,-1.0994548816834726,25.0,3.9874210357666016,2.699943780899048,25.0,1806.8417208725587,62
602,0.5537254351006615,3.4609476443259948,-1.0995073145435703,25.0,3.9874210357666016,2.699943780899048,25.0,1813.0001566382125,62
603,0.5514295490177399,3.4575193120587255,-1.0995102274802424,25.0,3.9875829219818115,2.699943780899048,25.0,1805.485346772708,62
604,0.5455390978295553,3.4556554888115554,-1.0995329579368966,25.0,3.9874210357666016,2.699943780899048,25.0,1786.156827898696,61
605,0.547711029562966,3.4636515906599703,-1.0995270365574321,25.0,3.9874210357666016,2.699781894683838,25.0,1793.2819202719256,61
606,0.5467836200181375,3.4618124649172923,-1.0995329579368966,25.0,3.9874210357666016,2.699943780899048,25.0,1790.2350831627846,61
607,0.5344769244418704,3.4441890676816302,-1.0994992554187775,25.0,3.9874210357666016,2.699943780899048,25.0,1750.0012301197276,60
608,0.5312657516686073,3.449798410221682,-1.099498082015474,25.0,3.9872591495513916,2.699943780899048,25.0,1739.4859830504283,59
609,0.5312296471349895,3.4499904786126088,-1.09950114306757,25.0,3.9872591495513916,2.699943780899048,25.0,1739.3604952320457,59
610,0.5362948934255115,3.453502905368805,-1.0995323657989502,25.0,3.9874210357666016,2.699943780899048,25.0,1755.8924064049497,60
611,0.5378317295892088,3.457744304339091,-1.0995534360408783,25.0,3.9874210357666016,2.699943780899048,25.0,1760.8919813334942,60
612,0.5374537578214803,3.457919681072235,-1.099490225315094,25.0,3.9875829219818115,2.699943780899048,25.0,1759.75126494281,60
613,0.5376930779752785,3.4601698875427247,-1.0995413959026337,25.0,3.9874210357666016,2.699943780899048,25.0,1760.4544321540743,60
614,0.5433538951315743,3.4637020142351993,-1.0995625648342195,25.0,3.9875829219818115,2.699781894683838,25.0,1778.954360889271,61
615,0.5396164603557555,3.468779516220093,-1.0995624661445618,25.0,3.9877448081970215,2.699781894683838,25.0,1766.7200822420418,60
616,0.5345177789437395,3.4586589614550274,-1.0995413959026337,25.0,3.9875829219818115,2.699943780899048,25.0,1750.0642534065992,60
617,0.5298075651731089,3.4589408373428605,-1.0995103262238584,25.0,3.9872591495513916,2.699943780899048,25.0,1734.6892851628363,59
618,0.5274345727755185,3.454202260001231,-1.0995225704322427,25.0,3.9874210357666016,2.699620008468628,25.0,1726.8947904016823,59
619,0.5243539770359621,3.4472795785483665,-1.0995225704322427,25.0,3.9874210357666016,2.699781894683838,25.0,1716.8149624057114,59
620,0.5172247266474633,3.4457791797046005,-1.0995217787808385,25.0,3.9874210357666016,2.699943780899048,25.0,1693.4712451407686,58
621,0.5079681273467432,3.434194895259121,-1.099505117065028,25.0,3.9870972633361816,2.699781894683838,25.0,1663.1907011698931,57
622,0.5041692724412361,3.438371015446527,-1.0995136605841773,25.0,3.9872591495513916,2.699943780899048,25.0,1650.7373846285045,56
623,0.5041760552977507,3.4409438456807817,-1.0994975353990282,25.0,3.9872591495513916,2.699943780899048,25.0,1650.7842567358166,56
624,0.5017646449809471,3.43681286914008,-1.0994878602879388,25.0,3.9872591495513916,2.699943780899048,25.0,1642.9071736624464,56
625,0.49674107001742296,3.424486415726798,-1.0994781851768494,25.0,3.9874210357666016,2.699943780899048,25.0,1626.472072351724,56
626,0.4953554913639609,3.4224194841725484,-1.0995813863618034,25.0,3.9870972633361816,2.699943780899048,25.0,1621.784763657488,56
627,0.4906643329396311,3.4249533739956943,-1.0995914719321511,25.0,3.9869353771209717,2.699943780899048,25.0,1606.4098656093702,55
628,0.48764677962914693,3.418698683652011,-1.0995652025396174,25.0,3.9869353771209717,2.699781894683838,25.0,1596.566152826883,55
629,0.4971294030134317,3.4245095465864455,-1.0995749362877436,25.0,3.9877448081970215,2.699781894683838,25.0,1627.5975822107866,56
630,0.4712417859793873,3.4094888759109208,-1.0995582634547971,25.0,3.9874210357666016,2.699943780899048,25.0,1542.8644007965922,53
631,0.4611231994528903,3.4013385405907264,-1.0995893249144921,25.0,3.9875829219818115,2.699943780899048,25.0,1509.6931337192655,52
632,0.45685267057696843,3.408269957000134,-1.0995578625622917,25.0,3.9874210357666016,2.699943780899048,25.0,1495.756152340211,51
633,0.439556716073196,3.396336472764307,-1.099568486213684,25.0,3.9874210357666016,2.699781894683838,25.0,1439.116260977462,49
634,0.42951741693807166,3.3896342466274896,-1.0995233356952667,25.0,3.9872591495513916,2.699943780899048,25.0,1406.3041728092358,48
635,0.42188615334515667,3.3743731528520584,-1.099534623324871,25.0,3.9874210357666016,2.699781894683838,25.0,1381.3045371733606,48
636,0.41552163608854553,3.3762024057672377,-1.0995262176432508,25.0,3.9870972633361816,2.699943780899048,25.0,1360.476894150488,47
637,0.41007360978735813,3.3801769899285357,-1.0995056681011035,25.0,3.9874210357666016,2.699943780899048,25.0,1342.6646419717,46
638,0.40471489830446444,3.3691265272057573,-1.09954100328943,25.0,3.9870972633361816,2.699781894683838,25.0,1325.0712213451043,46
639,0.3957878524572443,3.36627975569831,-1.0995042721430461,25.0,3.9870972633361816,2.699943780899048,25.0,1295.8998698536307,45
640,0.3948372603165582,3.3643659167819555,-1.0994962453842163,25.0,3.9872591495513916,2.699943780899048,25.0,1292.7905165245757,45
641,0.39492127877855066,3.365678972668118,-1.09954039255778,25.0,3.9872591495513916,2.699781894683838,25.0,1293.0090938676149,45
642,0.39953052121455723,3.3789500289493137,-1.0995122989018757,25.0,3.9874210357666016,2.699943780899048,25.0,1308.134122459218,45
643,0.3984064997271916,3.378759362962511,-1.0995042721430461,25.0,3.9874210357666016,2.699943780899048,25.0,1304.4625904690474,45
644,0.3949070560065821,3.373150904973348,-1.0994962453842163,25.0,3.9872591495513916,2.699943780899048,25.0,1293.0095560792834,45
645,0.39209686021741347,3.3831493150104177,-1.099556172435934,25.0,3.9872591495513916,2.699943780899048,25.0,1283.743900226429,44
646,0.3841271277451978,3.382246876871863,-1.0995432859243348,25.0,3.9874210357666016,2.699943780899048,25.0,1257.6662588873878,43
647,0.3768199506609131,3.363456836966581,-1.09953908587611,25.0,3.9870972633361816,2.699943780899048,25.0,1233.7449413230643,43
648,0.3712571267235957,3.3683467649278187,-1.0994910853249686,25.0,3.9872591495513916,2.699943780899048,25.0,1215.5888845119625,42
649,0.26391208333044486,3.3511614322662355,-1.0994962453842163,25.0,3.857264757156372,2.699943780899048,25.0,864.1103860763833,30
650,0.36600340525493225,3.3737081609121184,-1.099506817212919,25.0,3.9870972633361816,2.699781894683838,25.0,1198.3705183994025,41
651,0.36261547405555106,3.366174564128969,-1.0995817009995623,25.0,3.9870972633361816,2.699781894683838,25.0,1187.1985161248595,41
652,0.35812384113713724,3.3565996100262896,-1.0996037256426927,25.0,3.9870972633361816,2.699943780899048,25.0,1172.4644878152758,41
653,0.2553029773832673,3.348050438124558,-1.099593396844535,25.0,3.857588529586792,2.699943780899048,25.0,835.8451941199601,29
654,0.24282039535062575,3.3399184686797008,-1.0996007365839822,25.0,3.8515987396240234,2.699943780899048,25.0,794.9708781149238,28
655,0.3509016814274432,3.3566695868968965,-1.0996136367321014,25.0,3.9869353771209717,2.699781894683838,25.0,1148.8086710628122,40
656,0.3482013301913235,3.3668091480548563,-1.0996055327928984,25.0,3.9870972633361816,2.699943780899048,25.0,1139.9806915018708,39
657,0.35184144065705864,3.3576935112476347,-1.0995820313692093,25.0,3.9870972633361816,2.699781894683838,25.0,1151.9206399545074,40
658,0.3541221393235996,3.3671678841114043,-1.0995820313692093,25.0,3.9870972633361816,2.699943780899048,25.0,1159.3867536857724,40
659,0.25258691943885514,3.344159594897566,-1.0996120798176732,25.0,3.8590455055236816,2.699781894683838,25.0,826.9391018953174,29
660,0.3587470824693157,3.3628618077534003,-1.099625750285823,25.0,3.9872591495513916,2.699943780899048,25.0,1174.4804928572848,41
661,0.358711473675021,3.360840215915587,-1.0995817009995623,25.0,3.9874210357666016,2.699943780899048,25.0,1174.4178234618157,41
662,0.3552511249684947,3.3686612784862517,-1.099586546421051,25.0,3.9874210357666016,2.699943780899048,25.0,1163.0741275195032,40
663,0.3448014362819798,3.360055611683772,-1.0996101636153002,25.0,3.9870972633361816,2.699943780899048,25.0,1128.8405037624761,39
664,0.3333899957468196,3.3473119484750846,-1.0995542281552364,25.0,3.9867734909057617,2.699943780899048,25.0,1091.5440001403913,38
665,0.33011413284265984,3.3376499288960506,-1.0995589808413857,25.0,3.9869353771209717,2.699781894683838,25.0,1080.8098323279992,38
666,0.32638196388162355,3.3461959168717668,-1.099539199390927,25.0,3.9869353771209717,2.699943780899048,25.0,1068.606940889731,37
667,0.3230733909274588,3.336937814145475,-1.0995538428023055,25.0,3.9867734909057617,2.699943780899048,25.0,1057.763290438801,37
668,0.3206149021544532,3.348224103450775,-1.0995484193166096,25.0,3.9869353771209717,2.699943780899048,25.0,1049.716634775512,36
669,0.3178926179143947,3.3421129253175526,-1.0995434025923412,25.0,3.9869353771209717,2.699781894683838,25.0,1040.8104413533583,36
670,0.3145564949668267,3.3332766625616284,-1.0995735029379528,25.0,3.9867734909057617,2.699943780899048,25.0,1029.8574568564072,36
671,0.3114670146144861,3.3434024947030205,-1.099553006035941,25.0,3.9867734909057617,2.699943780899048,25.0,1019.7638785298914,35
672,0.312659302454333,3.328986704349518,-1.0995434025923412,25.0,3.9867734909057617,2.699943780899048,25.0,1023.6701685674489,36
673,0.31418446140680834,3.3335464795430503,-1.099593569835027,25.0,3.9869353771209717,2.699943780899048,25.0,1028.6231917738914,36
674,0.31462256020637464,3.3381736940807767,-1.0995534360408783,25.0,3.9869353771209717,2.699943780899048,25.0,1030.0943849375471,36
675,0.31148965298048453,3.347301619393485,-1.0995323657989502,25.0,3.9866116046905518,2.699943780899048,25.0,1019.8577171722427,35
676,0.30637127787806445,3.3340038708278112,-1.099553006035941,25.0,3.9869353771209717,2.699943780899048,25.0,1003.0764813376591,35
677,0.3077668580019736,3.337278597695487,-1.0995788063321794,25.0,3.9869353771209717,2.699943780899048,25.0,1007.6259330967441,35
678,0.3015487857451528,3.339592323583715,-1.0995844216907726,25.0,3.9869353771209717,2.699943780899048,25.0,987.2646340159699,34
679,0.4971294030134317,3.4245095465864455,-1.0995749362877436,25.0,3.9877448081970215,2.699781894683838,25.0,1627.5975822107866,56
680,0.4712417859793873,3.4094888759109208,-1.0995582634547971,25.0,3.9874210357666016,2.699943780899048,25.0,1542.8644007965922,53
681,0.4611231994528903,3.4013385405907264,-1.0995893249144921,25.0,3.9875829219818115,2.699943780899048,25.0,1509.6931337192655,52
682,0.45685267057696843,3.408269957000134,-1.0995578625622917,25.0,3.9874210357666016,2.699943780899048,25.0,1495.756152340211,51
683,0.439556716073196,3.396336472764307,-1.099568486213684,25.0,3.9874210357666016,2.699781894683838,25.0,1439.116260977462,49
684,0.42951741693807166,3.3896342466274896,-1.0995233356952667,25.0,3.9872591495513916,2.699943780899048,25.0,1406.3041728092358,48
685,0.42188615334515667,3.3743731528520584,-1.099534623324871,25.0,3.9874210357666016,2.699781894683838,25.0,1381.3045371733606,48
686,0.41552163608854553,3.3762024057672377,-1.0995262176432508,25.0,3.9870972633361816,2.699943780899048,25.0,1360.476894150488,47
687,0.41007360978735813,3.3801769899285357,-1.0995056681011035,25.0,3.9874210357666016,2.699943780899048,25.0,1342.6646419717,46
688,0.40471489830446444,3.3691265272057573,-1.09954100328943,25.0,3.9870972633361816,2.699781894683838,25.0,1325.0712213451043,46
689,0.3957878524572443,3.36627975569831,-1.0995042721430461,25.0,3.9870972633361816,2.699943780899048,25.0,1295.8998698536307,45
690,0.3948372603165582,3.3643659167819555,-1.0994962453842163,25.0,3.9872591495513916,2.699943780899048,25.0,1292.7905165245757,45
691,0.39492127877855066,3.365678972668118,-1.09954039255778,25.0,3.9872591495513916,2.699781894683838,25.0,1293.0090938676149,45
692,0.39953052121455723,3.3789500289493137,-1.0995122989018757,25.0,3.9874210357666016,2.699943780899048,25.0,1308.134122459218,45
693,0.3984064997271916,3.378759362962511,-1.0995042721430461,25.0,3.9874210357666016,2.699943780899048,25.0,1304.4625904690474,45
694,0.3949070560065821,3.373150904973348,-1.0994962453842163,25.0,3.9872591495513916,2.699943780899048,25.0,1293.0095560792834,45
695,0.39209686021741347,3.3831493150104177,-1.099556172435934,25.0,3.9872591495513916,2.699943780899048,25.0,1283.743900226429,44
696,0.3841271277451978,3.382246876871863,-1.0995432859243348,25.0,3.9874210357666016,2.699943780899048,25.0,1257.6662588873878,43
697,0.3768199506609131,3.363456836966581,-1.09953908587611,25.0,3.9870972633361816,2.699943780899048,25.0,1233.7449413230643,43
698,0.3712571267235957,3.3683467649278187,-1.0994910853249686,25.0,3.9872591495513916,2.699943780899048,25.0,1215.5888845119625,42
699,0.26391208333044486,3.3511614322662355,-1.0994962453842163,25.0,3.857264757156372,2.699943780899048,25.0,864.1103860763833,30
700,0.36600340525493225,3.3737081609121184,-1.099506817212919,25.0,3.9870972633361816,2.699781894683838,25.0,1198.3705183994025,41
701,0.36261547405555106,3.366174564128969,-1.0995817009995623,25.0,3.9870972633361816,2.699781894683838,25.0,1187.1985161248595,41
702,0.35812384113713724,3.3565996100262896,-1.0996037256426927,25.0,3.9870972633361816,2.699943780899048,25.0,1172.4644878152758,41
703,0.2553029773832673,3.348050438124558,-1.099593396844535,25.0,3.857588529586792,2.699943780899048,25.0,835.8451941199601,29
704,0.24282039535062575,3.3399184686797008,-1.0996007365839822,25.0,3.8515987396240234,2.699943780899048,25.0,794.9708781149238,28
705,0.3509016814274432,3.3566695868968965,-1.0996136367321014,25.0,3.9869353771209717,2.699781894683838,25.0,1148.8086710628122,40
706,0.3482013301913235,3.3668091480548563,-1.0996055327928984,25.0,3.9870972633361816,2.699943780899048,25.0,1139.9806915018708,39
707,0.35184144065705864,3.3576935112476347,-1.0995820313692093,25.0,3.9870972633361816,2.699781894683838,25.0,1151.9206399545074,40
708,0.3541221393235996,3.3671678841114043,-1.0995820313692093,25.0,3.9870972633361816,2.699943780899048,25.0,1159.3867536857724,40
709,0.25258691943885514,3.344159594897566,-1.0996120798176732,25.0,3.8590455055236816,2.699781894683838,25.0,826.9391018953174,29
710,0.3587470824693157,3.3628618077534003,-1.099625750285823,25.0,3.9872591495513916,2.699943780899048,25.0,1174.4804928572848,41
711,0.358711473675021,3.360840215915587,-1.0995817009995623,25.0,3.9874210357666016,2.699943780899048,25.0,1174.4178234618157,41
712,0.3552511249684947,3.3686612784862517,-1.099586546421051,25.0,3.9874210357666016,2.699943780899048,25.0,1163.0741275195032,40
713,0.3448014362819798,3.360055611683772,-1.0996101636153002,25.0,3.9870972633361816,2.699943780899048,25.0,1128.8405037624761,39
714,0.3333899957468196,3.3473119484750846,-1.0995542281552364,25.0,3.9867734909057617,2.699943780899048,25.0,1091.5440001403913,38
715,0.33011413284265984,3.3376499288960506,-1.0995589808413857,25.0,3.9869353771209717,2.699781894683838,25.0,1080.8098323279992,38
716,0.32638196388162355,3.3461959168717668,-1.099539199390927,25.0,3.9869353771209717,2.699943780899048,25.0,1068.606940889731,37
717,0.3230733909274588,3.336937814145475,-1.0995538428023055,25.0,3.9867734909057617,2.699943780899048,25.0,1057.763290438801,37
718,0.3206149021544532,3.348224103450775,-1.0995484193166096,25.0,3.9869353771209717,2.699943780899048,25.0,1049.716634775512,36
719,0.3178926179143947,3.3421129253175526,-1.0995434025923412,25.0,3.9869353771209717,2.699781894683838,25.0,1040.8104413533583,36
720,0.3145564949668267,3.3332766625616284,-1.0995735029379528,25.0,3.9867734909057617,2.699943780899048,25.0,1029.8574568564072,36
721,0.3114670146144861,3.3434024947030205,-1.099553006035941,25.0,3.9867734909057617,2.699943780899048,25.0,1019.7638785298914,35
722,0.312659302454333,3.328986704349518,-1.0995434025923412,25.0,3.9867734909057617,2.699943780899048,25.0,1023.6701685674489,36
723,0.31418446140680834,3.3335464795430503,-1.099593569835027,25.0,3.9869353771209717,2.699943780899048,25.0,1028.6231917738914,36
724,0.31462256020637464,3.3381736940807767,-1.0995534360408783,25.0,3.9869353771209717,2.699943780899048,25.0,1030.0943849375471,36
725,0.31148965298048453,3.347301619393485,-1.0995323657989502,25.0,3.9866116046905518,2.699943780899048,25.0,1019.8577171722427,35
726,0.30637127787806445,3.3340038708278112,-1.099553006035941,25.0,3.9869353771209717,2.699943780899048,25.0,1003.0764813376591,35
727,0.3077668580019736,3.337278597695487,-1.0995788063321794,25.0,3.9869353771209717,2.699943780899048,25.0,1007.6259330967441,35
728,0.3015487857451528,3.339592323583715,-1.0995844216907726,25.0,3.9869353771209717,2.699943780899048,25.0,987.2646340159699,34
729,1.1384504398664668,3.6507483861025642,-1.0997143199737058,25.0,4.075486660003662,2.699943780899048,25.0,3726.8046428114176,374
730,1.1285696026098488,3.6446661014556883,-1.0996667337417603,25.0,4.024654865264893,2.699943780899048,25.0,3694.6173571506515,125
731,1.1283069234888363,3.6467926292419435,-1.099620499610901,25.0,4.026273727416992,2.699943780899048,25.0,3693.914794047363,125
732,1.127931610981992,3.646432596206665,-1.0996363925933839,25.0,4.026273727416992,2.699781894683838,25.0,3692.632358339615,125
733,1.122191759943712,3.658435179341224,-1.0997112201106163,25.0,4.028216361999512,2.699458122253418,25.0,3673.5911929011345,124
734,1.1202080076196383,3.662537153690092,-1.0997490882873535,25.0,4.035177230834961,2.699620008468628,25.0,3666.969694858417,124
735,1.1140554137545697,3.6564037761380597,-1.0997549141606977,25.0,4.036472320556641,2.699781894683838,25.0,3646.812815508805,124
736,1.1018675650732381,3.650284610810827,-1.0996351017326604,25.0,4.026921272277832,2.699781894683838,25.0,3607.3057338269427,122
737,1.096895581753912,3.645769060635176,-1.0996143769045346,25.0,4.026921272277832,2.699620008468628,25.0,3591.102934665978,122
738,1.0934742889644626,3.651346153464199,-1.0996147561664424,25.0,4.027245044708252,2.699458122253418,25.0,3579.9001569226384,121
739,1.0889901774629376,3.6462715007056876,-1.0996266967994122,25.0,4.026921272277832,2.699781894683838,25.0,3565.1808660840616,121
740,1.0951388322820603,3.654416672518996,-1.0997105993208338,25.0,4.031615734100342,2.699296236038208,25.0,3585.0302958227694,122
741,1.096632708004004,3.659443091173641,-1.0997209617348969,25.0,4.035338878631592,2.699781894683838,25.0,3589.892263153568,122
742,1.096430455300898,3.6609664061030402,-1.099732804493826,25.0,4.036957740783691,2.699458122253418,25.0,3589.1907621501014,122
743,1.0960067207905533,3.661643143560066,-1.099774254150078,25.0,4.03809118270874,2.699781894683838,25.0,3587.660660803318,122
744,1.0954283094464543,3.6621752430181034,-1.0997609310462826,25.0,4.038900375366211,2.699943780899048,25.0,3585.817851732485,122
745,1.0949938347457109,3.662837388085537,-1.0998083020819993,25.0,4.03971004486084,2.699943780899048,25.0,3584.241416751407,122
746,1.094473830706821,3.6632620037579144,-1.0998083020819993,25.0,4.0405192375183105,2.699943780899048,25.0,3582.5392294907942,122
747,1.0937246367754683,3.663135946774092,-1.0998186644960621,25.0,4.0410051345825195,2.699620008468628,25.0,3580.054770341143,122
748,1.0927442679949608,3.6625932298722814,-1.0998038610474008,25.0,4.0410051345825195,2.699458122253418,25.0,3576.8834384111688,122
749,1.0920374057621545,3.6703683896498247,-1.0998162543478092,25.0,4.04149055480957,2.699296236038208,25.0,3574.5405111107975,121
750,1.0912463064886144,3.670106166650441,-1.0998147617686878,25.0,4.04181432723999,2.699458122253418,25.0,3571.962532886304,121
751,1.0905827559705408,3.6699135106457166,-1.0998699871961735,25.0,4.041976451873779,2.699781894683838,25.0,3569.605210791342,121
752,1.0899635579661764,3.6698987937170613,-1.0998550614049611,25.0,4.042300224304199,2.699781894683838,25.0,3567.6207884037867,121
753,1.0893150337112918,3.669670008430796,-1.0998267024016577,25.0,4.04278564453125,2.699458122253418,25.0,3565.589471338317,121
754,1.0885088231813442,3.669058592851497,-1.099849092073677,25.0,4.042947769165039,2.699620008468628,25.0,3562.8863512277603,121
755,1.0877288102973623,3.6683481724794245,-1.0998789436561016,25.0,4.042947769165039,2.699943780899048,25.0,3560.2304331734776,121
756,1.0769285606043573,3.65808464884758,-1.099729523062706,25.0,4.04035758972168,2.699620008468628,25.0,3525.359480504878,120
757,1.0693792340344714,3.6538655818009578,-1.0996382987799764,25.0,4.032263278961182,2.699620008468628,25.0,3500.949533567764,119
758,1.0657087649473065,3.6570725158109503,-1.099631237781654,25.0,4.031130313873291,2.699296236038208,25.0,3488.9489887291566,118
759,1.0629931108170596,3.6538745872044966,-1.099638890411894,25.0,4.029996871948242,2.699781894683838,25.0,3480.026671210304,118
760,1.059966913661512,3.64936236809876,-1.099600627260693,25.0,4.0287017822265625,2.699781894683838,25.0,3470.2450602306053,118
761,1.0701830175473703,3.6614551684435677,-1.0997081113462688,25.0,4.035015106201172,2.699620008468628,25.0,3503.3456959025934,119
762,1.0725903112188289,3.666447779711555,-1.099767300261169,25.0,4.03809118270874,2.699620008468628,25.0,3511.0355982696638,119
763,1.064550149780475,3.6618165868823813,-1.099692458823576,25.0,4.039224147796631,2.699943780899048,25.0,3484.9520727526397,118
764,1.0567741255009093,3.6560851141937776,-1.0996194252601037,25.0,4.029673099517822,2.699781894683838,25.0,3459.7298871399835,117
765,1.0543420613188499,3.6530217370416365,-1.0996086200078328,25.0,4.0287017822265625,2.699620008468628,25.0,3451.807370855473,117
766,1.0529697600770118,3.6517501753619594,-1.099597814755562,25.0,4.028378009796143,2.699620008468628,25.0,3447.3387357564643,117
767,1.0505823179997786,3.64791472752889,-1.0995885531107585,25.0,4.027406692504883,2.699781894683838,25.0,3439.557091921568,117
768,1.060836132089871,3.6599178637488414,-1.099698580927768,25.0,4.033882141113281,2.699458122253418,25.0,3472.782109135762,118
769,1.063234404498038,3.6647264149229404,-1.099764393547834,25.0,4.0366339683532715,2.699943780899048,25.0,3480.4250234290957,118
770,1.0579625837560793,3.6580191345538124,-1.0997261303966328,25.0,4.03776741027832,2.699458122253418,25.0,3463.2826713277027,118
771,1.0483225343273754,3.647077625633305,-1.0996117072227674,25.0,4.028054237365723,2.699943780899048,25.0,3432.0889873150736,117
772,1.0472646917982238,3.6547638917791434,-1.0995980675878196,25.0,4.028054237365723,2.699620008468628,25.0,3428.6671107178554,116
773,1.0463680346133275,3.6541596137244126,-1.0995996245022477,25.0,4.028216361999512,2.699781894683838,25.0,3425.729571073316,116
774,1.0446960514281742,3.6524584170045524,-1.0995824984435378,25.0,4.028378009796143,2.699620008468628,25.0,3420.307574406266,116
775,1.0510852489437157,3.6556382016239004,-1.0996672770915887,25.0,4.029511451721191,2.699781894683838,25.0,3440.952266522683,117
776,1.0551841477938724,3.664225060715635,-1.0997197597454755,25.0,4.035662651062012,2.699943780899048,25.0,3454.2056498900056,117
777,1.0564322866981246,3.6588148464590815,-1.0997536798654977,25.0,4.036957740783691,2.699781894683838,25.0,3458.191741731018,118
778,1.0436201315111122,3.6526649655966925,-1.0995871691868222,25.0,4.029349327087402,2.699943780899048,25.0,3416.761421104893,116
779,1.0425880179461797,3.651428491904818,-1.0996027383311042,25.0,4.029025554656982,2.699458122253418,25.0,3413.339292173274,116
780,1.0413866798520712,3.649878012722936,-1.0995949537589633,25.0,4.028378009796143,2.699458122253418,25.0,3409.4329713163897,116
781,1.0394081586226498,3.6473897202261565,-1.099576270785825,25.0,4.027892589569092,2.699943780899048,25.0,3403.0108857760206,116
782,1.0444258085835398,3.6477916487332047,-1.099551360154974,25.0,4.026921272277832,2.699620008468628,25.0,3419.5087030818686,116
783,1.0437766120791647,3.647130146108825,-1.0995560308982586,25.0,4.023845195770264,2.699781894683838,25.0,3417.38144611381,116
784,1.0509846881661131,3.658394408022237,-1.0996595590542524,25.0,4.033234596252441,2.699781894683838,25.0,3440.6522574173287,117
785,1.0520476707863335,3.660480933311658,-1.0997058672782702,25.0,4.034691333770752,2.699781894683838,25.0,3443.982257544063,117
786,1.0379732849865475,3.6448270859925644,-1.0995386476102083,25.0,4.024168968200684,2.699781894683838,25.0,3398.428179467097,115
787,1.037451826800826,3.643655874418176,-1.0995386476102083,25.0,4.021902561187744,2.699620008468628,25.0,3396.724547823891,115
788,1.0382806739511248,3.6471497929614523,-1.0995402180630227,25.0,4.023359775543213,2.699781894683838,25.0,3399.428064841777,115
789,1.0358244828132002,3.6434137510216753,-1.0995731975721277,25.0,4.022873878479004,2.699943780899048,25.0,3391.2872999915853,115
790,1.0339626660440187,3.6397100842517354,-1.099522943082063,25.0,4.020122051239014,2.699620008468628,25.0,3385.3498264420778,115
791,1.0429345118941513,3.6545517691250504,-1.0996556734216625,25.0,4.029025554656982,2.699781894683838,25.0,3414.3077920963988,116
792,1.043394822103904,3.6569409802042205,-1.099677470223657,25.0,4.031454086303711,2.699943780899048,25.0,3415.7470966735855,116
793,1.0326753935850703,3.6414485952128537,-1.0995669157608696,25.0,4.023197650909424,2.699943780899048,25.0,3380.991505461745,115
794,1.0284977218651683,3.6428258481778597,-1.0995193751234758,25.0,4.0202836990356445,2.699943780899048,25.0,3367.4593985555694,114
795,1.025950027923693,3.639250163446393,-1.0995272962670577,25.0,4.019312381744385,2.699620008468628,25.0,3359.100276832469,114
796,1.0245171318543513,3.6382405067745007,-1.0995589808413857,25.0,4.020122051239014,2.699943780899048,25.0,3354.3035782026127,114
797,1.020805570160329,3.6396789213197422,-1.0996452021387826,25.0,4.017855644226074,2.699458122253418,25.0,3341.896751984954,113
798,1.0314980041751476,3.648282994394717,-1.099747517834539,25.0,4.025302410125732,2.699620008468628,25.0,3376.589057558216,115
799,1.0324367345780452,3.652227372708528,-1.0997757859852002,25.0,4.028540134429932,2.699781894683838,25.0,3379.575599126518,115
800,1.0217598658071034,3.6394631716243007,-1.099712652072572,25.0,4.027730464935303,2.699620008468628,25.0,3344.8211873406544,114
801,1.01485710949984,3.633372534692815,-1.0996324161512663,25.0,4.017045974731445,2.699943780899048,25.0,3322.4599936446175,113
802,1.0158258641116042,3.63759446144104,-1.0996196301637498,25.0,4.018503189086914,2.699781894683838,25.0,3325.663477651775,113
803,0.8930596048050918,3.6087702019046053,-1.099563013423573,25.0,3.9265518188476562,2.699943780899048,25.0,2923.9024525256827,99
804,1.0114048987272761,3.6405446167503084,-1.0995330108063561,25.0,4.018179416656494,2.699620008468628,25.0,3311.4598474102095,112
805,1.0170393758388256,3.642754748859237,-1.0995812722012006,25.0,4.015913009643555,2.699296236038208,25.0,3329.7584536280483,113
806,1.0217468419696731,3.6476497671060395,-1.0996350238197727,25.0,4.025949954986572,2.699943780899048,25.0,3345.0116744711995,114
807,1.0220676610435218,3.6494021060173973,-1.0996825506812649,25.0,4.027568817138672,2.699781894683838,25.0,3345.9188949698582,114
808,1.0218768622517511,3.6500510667499744,-1.0996667083941007,25.0,4.028378009796143,2.699943780899048,25.0,3345.341298996471,114
809,1.0215740756793381,3.6502811155821147,-1.0997047298832943,25.0,4.028863906860352,2.699943780899048,25.0,3344.2325830115005,114
810,1.0212166460372398,3.6505338811037835,-1.0997253248566075,25.0,4.029349327087402,2.699781894683838,25.0,3342.9989987276495,114
811,1.0214541116862947,3.6516727669197215,-1.0997459198299206,25.0,4.029996871948242,2.699943780899048,25.0,3343.718961039558,114
812,1.0212357045796456,3.651988016931634,-1.099718987941742,25.0,4.030644416809082,2.699620008468628,25.0,3343.0786432856694,114
813,1.0207877767426279,3.6519837588594672,-1.0997395829150551,25.0,4.030806541442871,2.699943780899048,25.0,3341.547943362966,114
814,1.02009241378366,3.651246750563906,-1.0997538409735028,25.0,4.030968189239502,2.699620008468628,25.0,3339.2354737967253,114
815,1.0195709888134608,3.6593372948401797,-1.0997570795295513,25.0,4.030806541442871,2.699620008468628,25.0,3337.5168982539326,113
816,1.0191111119164495,3.658970543768554,-1.0997299093060788,25.0,4.031130313873291,2.699620008468628,25.0,3336.095300155692,113
817,1.0188927163035397,3.659037872753312,-1.0997347040513976,25.0,4.031291961669922,2.699458122253418,25.0,3335.361266451888,113
818,1.0187922338316695,3.659249904936394,-1.0997602760264305,25.0,4.031454086303711,2.699781894683838,25.0,3334.9553411742672,113
819,1.0187566486837443,3.659648165238642,-1.0997634725233094,25.0,4.031777858734131,2.699296236038208,25.0,3334.8305791830644,113
820,1.0194722692418914,3.661238374963271,-1.0997954374921006,25.0,4.032101631164551,2.699781894683838,25.0,3337.0814429325983,113
821,1.0200818957152615,3.654387904886614,-1.0998172111678541,25.0,4.03372049331665,2.699620008468628,25.0,3339.0044698929414,114
822,0.9106339943116324,3.6239779369503844,-1.0998022065443152,25.0,3.948244571685791,2.699458122253418,25.0,2980.788184337318,102
823,1.0007356925831343,3.6415163310798437,-1.0995977730364412,25.0,4.020931243896484,2.699943780899048,25.0,3276.336604360491,111
824,1.0021458613999428,3.6439460805944495,-1.0996286869049072,25.0,4.019312381744385,2.699943780899048,25.0,3280.852625178173,111
825,0.9992175862914243,3.639763301557249,-1.0996156705392373,25.0,4.018988609313965,2.699781894683838,25.0,3271.3052738886327,111
826,0.9982688114780989,3.638633017067437,-1.0996010271278587,25.0,4.018341064453125,2.699781894683838,25.0,3268.2398816123605,111
827,0.9952855410850251,3.6309558421641857,-1.0995408264366355,25.0,4.015103340148926,2.699620008468628,25.0,3258.6637670416385,111
828,1.0069716897501344,3.650149349655424,-1.0996910376208169,25.0,4.025140285491943,2.699620008468628,25.0,3296.466681640595,112
829,1.0079247648997118,3.6529548913240433,-1.0997313505836896,25.0,4.027082920074463,2.699781894683838,25.0,3299.4679184518754,112
830,0.9933491163005971,3.6397095116701994,-1.0995471423322505,25.0,4.017855644226074,2.699620008468628,25.0,3252.3049225043505,110
831,0.9909078186831196,3.635537279735912,-1.0995110219175166,25.0,4.014941692352295,2.699781894683838,25.0,3244.4137955326587,110
832,0.9966325824703438,3.632288846883688,-1.0995310641623832,25.0,4.015265464782715,2.699620008468628,25.0,3263.1011062934995,111
833,0.885660042339333,3.6106883058644303,-1.0996432810118704,25.0,3.9299514293670654,2.699620008468628,25.0,2899.4685090631247,99
834,1.0068452254548341,3.6490248271397183,-1.0997329631022044,25.0,4.0249786376953125,2.699296236038208,25.0,3295.935285491869,112
835,1.0072171326603119,3.6514039678233012,-1.0997184504355704,25.0,4.026597499847412,2.699781894683838,25.0,3297.202326785773,112
836,0.9925444599216254,3.6362054239619863,-1.0995537096803838,25.0,4.015589237213135,2.699620008468628,25.0,3249.648579666391,110
837,0.9941831030829801,3.6315669218699136,-1.0995977730364412,25.0,4.0163984298706055,2.699943780899048,25.0,3254.8831800613552,111
838,0.9947307175845171,3.633038482150516,-1.0996026541735675,25.0,4.017531871795654,2.699781894683838,25.0,3256.6650564391166,111
839,0.9939510097880268,3.632339896382512,-1.099581502579354,25.0,4.017531871795654,2.699943780899048,25.0,3254.165116995573,111
840,0.9954730970404019,3.6339485387544372,-1.0996010271278587,25.0,4.0168843269348145,2.699781894683838,25.0,3259.1025452595204,111
841,1.0034002386852257,3.644678479858807,-1.099723287991115,25.0,4.0244927406311035,2.699781894683838,25.0,3284.6858800109476,112
842,1.005338819191502,3.649608769587108,-1.0997329631022044,25.0,4.026435375213623,2.699620008468628,25.0,3290.9997356627136,112
843,0.9930794541284336,3.6406116593967783,-1.0996111739765515,25.0,4.018826961517334,2.699943780899048,25.0,3251.227956466377,110
844,0.9917482917398379,3.638252533565868,-1.0996078903024846,25.0,4.0163984298706055,2.699943780899048,25.0,3246.883641384542,110
845,0.8721333154602589,3.6065538691491197,-1.099618756893984,25.0,3.9247710704803467,2.699781894683838,25.0,2855.247956417501,97
846,0.9898144840447584,3.6352311611175536,-1.0995832627469844,25.0,4.016722202301025,2.699620008468628,25.0,3240.618996281177,110
847,0.9917323797098158,3.638552758910439,-1.0995881882580845,25.0,4.017693519592285,2.699458122253418,25.0,3246.8841750193387,110
848,0.9994530444117784,3.6470189889272056,-1.0997116662360527,25.0,4.0207695960998535,2.699620008468628,25.0,3271.794414428994,111
849,1.0033187313321381,3.647696499313627,-1.0996426620653696,25.0,4.027245044708252,2.699943780899048,25.0,3284.6566136796027,112
850,1.0040723149760773,3.649556738989694,-1.0996507246579443,25.0,4.028054237365723,2.699620008468628,25.0,3287.095462406054,112
851,0.9894737530753192,3.635819840431213,-1.0995241566137834,25.0,4.017855644226074,2.699943780899048,25.0,3239.6810265667737,110
852,0.9925055626434661,3.641401954130693,-1.0995307239619168,25.0,4.017693519592285,2.699781894683838,25.0,3249.5881321989,110
853,0.996783879439579,3.640429806064915,-1.099618924630655,25.0,4.018503189086914,2.699781894683838,25.0,3263.339953109622,111
854,0.8922584604059102,3.6166847944259644,-1.0997436702251435,25.0,3.940797805786133,2.699781894683838,25.0,2920.8023816794157,100
855,1.0043367952640083,3.651502253753798,-1.0997781136206217,25.0,4.030320644378662,2.699620008468628,25.0,3287.5816198382527,112
856,1.0048332130531725,3.6524750143289566,-1.099758763398443,25.0,4.029996871948242,2.699620008468628,25.0,3289.2695692516863,112
857,1.005180709114732,3.652898522359984,-1.0997603759169579,25.0,4.029996871948242,2.699943780899048,25.0,3290.3949773944914,112
858,1.005552583762289,3.653546065092087,-1.099808751472405,25.0,4.030158996582031,2.699458122253418,25.0,3291.4735848344862,112
859,1.0059339705405606,3.6543410399130414,-1.0998119775738036,25.0,4.030644416809082,2.699943780899048,25.0,3292.708427581936,112
860,1.0062340774139518,3.655029054198946,-1.0998006899441992,25.0,4.030806541442871,2.699781894683838,25.0,3293.7244565356523,112
861,1.0074116058095681,3.6573677297149385,-1.0998055264353752,25.0,4.031454086303711,2.699296236038208,25.0,3297.5693755019456,112
862,1.0077391075646125,3.6576091093676433,-1.0998393893241882,25.0,4.031777858734131,2.699620008468628,25.0,3298.5386792607605,112
863,1.0079395694667537,3.6580441743135452,-1.099824876657554,25.0,4.031939506530762,2.699620008468628,25.0,3299.241626035422,112
864,1.008001816264986,3.658302903175354,-1.0997974638428007,25.0,4.032101631164551,2.699943780899048,25.0,3299.523160437122,112
865,1.0084974569851575,3.658920092242105,-1.0998071389538902,25.0,4.032101631164551,2.699620008468628,25.0,3301.1176879610866,112
866,1.0086568358022394,3.6592380830219815,-1.0998313267316138,25.0,4.032425403594971,2.699620008468628,25.0,3301.570374051109,112
867,1.0087194809359243,3.659425986664636,-1.0998200391020094,25.0,4.032425403594971,2.699781894683838,25.0,3301.804985402152,112
868,1.0087934511701502,3.6596948355436325,-1.0997974638428007,25.0,4.032749176025391,2.699781894683838,25.0,3302.1178269460797,112
869,1.0089413801154623,3.659868280802454,-1.0999248528054781,25.0,4.032749176025391,2.699943780899048,25.0,3302.211682625115,112
870,1.0088888662607898,3.6598581671714783,-1.0999313039439065,25.0,4.032749176025391,2.699620008468628,25.0,3302.0242344979197,112
871,1.0089057160895534,3.659926095179149,-1.0999103412032127,25.0,4.0329108238220215,2.699781894683838,25.0,3302.149314068258,112
872,1.0088674186322713,3.660028719476291,-1.0999184027314186,25.0,4.0329108238220215,2.699943780899048,25.0,3301.9934693146497,112
873,0.9988030689335327,3.6472756798202925,-1.0998076619328678,25.0,4.026273727416992,2.699943780899048,25.0,3269.3879533186555,111
874,0.9958194198912999,3.640327715658927,-1.0997751210186932,25.0,4.020122051239014,2.699781894683838,25.0,3259.714731829241,111
875,0.9951073634307309,3.638977203283224,-1.0997393260131012,25.0,4.0206074714660645,2.699458122253418,25.0,3257.4803790468723,111
876,0.9917733495586386,3.640850067138672,-1.099622666835785,25.0,4.019312381744385,2.699781894683838,25.0,3246.9167673774064,110
877,0.9894837934725843,3.635715348070318,-1.0996259505098516,25.0,4.017369747161865,2.699781894683838,25.0,3239.4158345330507,110
878,0.9986937756884215,3.6481769836700715,-1.0997019039618003,25.0,4.022712230682373,2.699943780899048,25.0,3269.343667510897,111
879,1.0016558177972963,3.6464635665927614,-1.0997507008058685,25.0,4.026921272277832,2.699781894683838,25.0,3278.893648583442,112
880,1.0005538162818528,3.6552882881851883,-1.0997393260131012,25.0,4.028540134429932,2.699296236038208,25.0,3275.316434027627,111
881,0.9890345254275001,3.635575539415533,-1.099609532139518,25.0,4.017531871795654,2.699620008468628,25.0,3237.9943993333727,110
882,1.0881822845045341,3.654939746068529,-1.0996461003279883,25.0,4.03404426574707,2.699458122253418,25.0,3562.4775415435433,121
883,1.0844392957771656,3.658651246627172,-1.0996181517839432,25.0,4.031454086303711,2.699781894683838,25.0,3550.3059315532446,120
884,1.0882294736319795,3.6634019623118,-1.0997192367049289,25.0,4.0390625,2.699620008468628,25.0,3562.3907184638083,121
885,1.0878425433375245,3.664561914018363,-1.0997669992368084,25.0,4.0405192375183105,2.699781894683838,25.0,3560.9709037430584,121
886,1.0782769039278362,3.6538891096909842,-1.0996467471122742,25.0,4.03404426574707,2.699620008468628,25.0,3530.041922194883,120
887,0.9617661773187839,3.6235396327259384,-1.0995870527820053,25.0,3.9451687335968018,2.699943780899048,25.0,3148.7804459407926,107
888,1.0728171439852918,3.6552681401998055,-1.099632228122038,25.0,4.031615734100342,2.699458122253418,25.0,3512.212955074385,119
889,1.07007433329251,3.651985533097211,-1.0996291927930688,25.0,4.030968189239502,2.699943780899048,25.0,3503.244233671576,119
890,1.0614964795389166,3.6440887309737127,-1.0995241009582908,25.0,4.023845195770264,2.699943780899048,25.0,3475.491794763133,118
891,1.063597652973021,3.6519813497187728,-1.099599096734645,25.0,4.027892589569092,2.699296236038208,25.0,3482.1366493478417,118
892,1.0612053932610312,3.6491908804845004,-1.0996082798909332,25.0,4.027245044708252,2.699781894683838,25.0,3474.277179092169,118
893,1.053120415120497,3.6423981576903253,-1.0995484193166096,25.0,4.022388458251953,2.699781894683838,25.0,3447.9922562912107,117
894,1.050844861863434,3.6405731347891,-1.0995175471672645,25.0,4.021740913391113,2.699943780899048,25.0,3440.632864655927,117
895,1.0488027127807147,3.6470366387531676,-1.0995155511231258,25.0,4.021902561187744,2.699458122253418,25.0,3433.9609585944563,116
896,1.0473343343085932,3.64655098216287,-1.099526449524123,25.0,4.022712230682373,2.699781894683838,25.0,3429.1176784392446,116
897,1.0428125412208036,3.6391084276396652,-1.0995062096365567,25.0,4.019312381744385,2.699943780899048,25.0,3414.3674804065377,116
898,1.0450029793904976,3.645696896931221,-1.0995373479251205,25.0,4.021417140960693,2.699781894683838,25.0,3421.448029441759,116
899,1.0442608323406974,3.6460318339282067,-1.0995700431281124,25.0,4.022226333618164,2.699943780899048,25.0,3418.9171683769673,116
900,1.0386705623012706,3.6445019058559254,-1.0995182317236196,25.0,4.020445823669434,2.699458122253418,25.0,3400.7741458620876,115
901,1.0363453696127012,3.6419286251068117,-1.0995025271954744,25.0,4.018341064453125,2.699943780899048,25.0,3393.2114969994873,115
902,1.0353603451771292,3.6419666352479356,-1.0994868226673291,25.0,4.019959926605225,2.699781894683838,25.0,3390.0399645436555,115
903,1.0343363061556858,3.6415640312692394,-1.09950095674266,25.0,4.020122051239014,2.699620008468628,25.0,3386.633867936209,115
904,1.029955485953353,3.6422606727533173,-1.0994971959214461,25.0,4.017855644226074,2.699620008468628,25.0,3372.305610237643,114
905,1.0337436091901862,3.643157554709393,-1.099555922591168,25.0,4.020445823669434,2.699620008468628,25.0,3384.5265979096293,115
906,1.0333483573933135,3.6436136432315993,-1.0995669157608696,25.0,4.021417140960693,2.699620008468628,25.0,3383.1987609267235,115
907,1.0320544685890765,3.6418962478637695,-1.0995669157608696,25.0,4.021093368530273,2.699620008468628,25.0,3378.964670803398,115
908,1.0304735355778907,3.6401056538457457,-1.0995590634967969,25.0,4.021093368530273,2.699943780899048,25.0,3373.8082958702,115
909,1.0293673675587696,3.6475205379619933,-1.0995573966126693,25.0,4.021093368530273,2.699781894683838,25.0,3370.199088651687,114
910,1.0292537991206385,3.6484861708523932,-1.0995558123839528,25.0,4.021740913391113,2.699943780899048,25.0,3369.8244658708572,114
911,1.0281778357571625,3.6477193414119253,-1.0995906654157137,25.0,4.021578788757324,2.699781894683838,25.0,3366.1996266543865,114
912,1.026203827010336,3.644907646011888,-1.0995700704424005,25.0,4.020931243896484,2.699943780899048,25.0,3359.8084885030985,114
913,1.0249322894419843,3.6433441659860444,-1.0995922496444301,25.0,4.020931243896484,2.699781894683838,25.0,3355.574173346162,114
914,1.0239810106997058,3.642450953784742,-1.0995779915859825,25.0,4.0206074714660645,2.699620008468628,25.0,3352.4961472842842,114
915,1.0225818927724373,3.6405168478949026,-1.0995621492988186,25.0,4.020445823669434,2.699943780899048,25.0,3347.964718023315,114
916,1.0217969386598167,3.6398707230885825,-1.0995589808413857,25.0,4.020122051239014,2.699458122253418,25.0,3345.402374435216,114
917,1.020903511768135,3.6473290941356558,-1.0995636914683655,25.0,4.020122051239014,2.699943780899048,25.0,3342.465018639341,113
918,1.0211364525545095,3.640112130265487,-1.099600170788012,25.0,4.020931243896484,2.699943780899048,25.0,3343.1217832937837,114
919,1.0193684596926593,3.645953779726957,-1.0995780757043214,25.0,4.0202836990356445,2.699620008468628,25.0,3337.402517678216,113
920,1.0182353448363095,3.6448177173074368,-1.099568486213684,25.0,4.020122051239014,2.699781894683838,25.0,3333.715017579496,113
921,1.0176229488306328,3.6443148672053245,-1.099568486213684,25.0,4.020122051239014,2.699620008468628,25.0,3331.715231018141,113
922,1.008043928392094,3.6351705896002904,-1.0994926978434836,25.0,4.014779567718506,2.699781894683838,25.0,3300.571756377816,112
923,1.0044867544135259,3.628805007253374,-1.0994410972510065,25.0,4.012027740478516,2.699943780899048,25.0,3289.0871718116105,112
924,1.0034189729514438,3.6361638941206373,-1.0994513389226552,25.0,4.0121893882751465,2.699943780899048,25.0,3285.556659847498,111
925,1.001733489000705,3.634254805676572,-1.0994806257454124,25.0,4.011380195617676,2.699620008468628,25.0,3279.9472660776228,111
926,1.020037905339375,3.644350680629764,-1.0995045562761019,25.0,4.019474506378174,2.699620008468628,25.0,3339.8184813559055,113
927,1.0188117489650468,3.6434280766850025,-1.0995093510214207,25.0,4.0202836990356445,2.699943780899048,25.0,3335.787956668064,113
928,1.0163622098858736,3.6389869609765246,-1.0995301282511347,25.0,4.018988609313965,2.699781894683838,25.0,3327.694180438295,113
929,1.0249295717875617,3.651107583129615,-1.0996381922772056,25.0,4.026759147644043,2.699781894683838,25.0,3355.4173910375684,114
930,1.025214726849962,3.6525645569751135,-1.099642944963355,25.0,4.027892589569092,2.699781894683838,25.0,3356.340487536043,114
931,1.0151118470768563,3.6408837474552933,-1.0995572984746071,25.0,4.021578788757324,2.699620008468628,25.0,3323.5235595796257,113
932,0.9075984801337477,3.6905532598495485,-1.0995666801929473,25.0,4.020122051239014,3.4766714572906494,25.0,2971.4953619614244,100
