,mean,std
discharge_time,3197.2198855721394,229.38669600918834
max_temp,39.78976606096977,1.1776366240898353
