cluster,posterior_mean_income_slope
0,0.8458257135500582
1,0.8403835013042423
2,0.8439866357612674
3,0.8441881296551258
4,0.8411269802311244
5,0.8455036085434444
6,0.8446577115810419
7,0.8415230263760498
