feature,ridge_coef_standardized,abs_coef
median_income,0.9655538512590545,0.9655538512590545
house_age,-0.2941104599754059,0.2941104599754059
avg_rooms,0.14933611561856794,0.14933611561856794
population,-0.04786922511357851,0.04786922511357851
longitude,-0.009647702926667312,0.009647702926667312
latitude,0.006809753987214339,0.006809753987214339
avg_bedrooms,-0.002931924297913319,0.002931924297913319
