feature,residual_coef,abs_coef
house_age,-0.2799901201731779,0.2799901201731779
avg_rooms,0.1431488796327551,0.1431488796327551
population,-0.046890686305513705,0.046890686305513705
avg_bedrooms,0.001882480988653054,0.001882480988653054
longitude,-0.0018613959726650022,0.0018613959726650022
latitude,0.0012713318253512965,0.0012713318253512965
