model,mean_residual_high_income,t_stat,p_value,n_high_income
linear,0.00453867661447779,0.1504605796265624,0.8804772817232298,400
nonlinear,-0.0028997955934005537,-0.09949312082635578,0.920796717495963,400
