held_out_cluster,rmse,n_test
0,2.781656148126081,320
1,2.8497720644507107,206
2,2.7662223047065764,228
3,2.81595615242611,239
4,2.6785902274799036,243
5,2.753004707972154,261
6,2.696776730116793,287
7,2.694746918363434,216
