spatial_cluster,mean,std,count
4,-0.02838604966909347,0.5163794110543343,243
0,-0.013255687127544363,0.5139622489793251,320
2,-0.009239052781636023,0.5189108606728954,228
6,-0.009000868384658973,0.4325617634300137,287
5,-0.00835321246532256,0.5172024603087431,261
1,-0.0031213422932212832,0.4783277138754658,206
7,0.00936674055546566,0.48588561961226406,216
3,0.037934408573339844,0.5090420902861094,239
