cv_type,rmse_mean,rmse_std
random,0.5002710311368566,0.021219837368178354
spatial_group,2.753967963069966,0.05526339001920106
