income_mean,income_std
5.090168293071481,1.9764370212578155
